id,text_clean,text_length,word_count,published_at,source_name,source_domain,source_type,language,label,label_origin,image_url,image_path,has_image,image_valid,text_image_aligned,collection_method,processed_at
530c4e89-f465-4745-a957-5ce912b67791,Local news article with a real photo,36,7,1690000000,r/news,reddit.com,academic_dataset,en,real,distant_supervision,https://www.google.com/images/branding/googlelogo/2x/googlelogo_color_272x92dp.png,data\images\530c4e89-f465-4745-a957-5ce912b67791.png,True,True,True,dataset,2026-08-14T14:21:36.836149+00:00
49d56264-18d5-4dc0-93c8-ab6011e95308,Shocking claim goes viral without evidence,42,6,1690001000,r/conspiracy,reddit.com,academic_dataset,en,fake,distant_supervision,https://www.google.com/images/branding/googlelogo/2x/googlelogo_color_272x92dp.png,data\images\49d56264-18d5-4dc0-93c8-ab6011e95308.png,True,True,True,dataset,2026-08-14T14:21:36.836840+00:00
dcbbd2b6-26ca-473e-a241-f701acdf2230,Text only post no image,23,5,1690002000,r/worldnews,reddit.com,academic_dataset,en,real,distant_supervision,,,False,False,True,dataset,2026-08-14T14:21:36.836840+00:00
politifact15014,BREAKING: First NFL Team Declares Bankruptcy Over Kneeling Thugs,64,9,,politifact,speedtalk.com,academic_dataset,en,fake,factcheck,,,False,False,True,dataset,2026-08-14T14:21:36.836840+00:00
politifact15156,Court Orders Obama To Pay $400 Million In Restitution,53,9,,politifact,politics2020.info,academic_dataset,en,fake,factcheck,,,False,False,True,dataset,2026-08-14T14:21:36.836840+00:00
politifact14745,UPDATE: Second Roy Moore Accuser Works For Michelle Obama Right NOW -,69,12,,politifact,www.nscdscamps.org,academic_dataset,en,fake,factcheck,,,False,False,True,dataset,2026-08-14T14:21:36.836840+00:00
politifact14355,Oscar Pistorius Attempts To Commit Suicide,42,6,,politifact,howafrica.com,academic_dataset,en,fake,factcheck,,,False,False,True,dataset,2026-08-14T14:21:36.836840+00:00
politifact15371,Trump Votes For Death Penalty For Being Gay,43,8,,politifact,washingtonsources.org,academic_dataset,en,fake,factcheck,,,False,False,True,dataset,2026-08-14T14:21:36.836840+00:00
politifact14404,Putin says: ‘Pope Francis Is Not A Man Of God’ | Must-See !!,60,13,,politifact,gloria.tv,academic_dataset,en,fake,factcheck,,,False,False,True,dataset,2026-08-14T14:21:36.836840+00:00
politifact13919,New York Man Wanted For Infecting 240 Men And Women With HIV!!!,63,12,,politifact,blogs.trendolizer.com,academic_dataset,en,fake,factcheck,,,False,False,True,dataset,2026-08-14T14:21:36.836840+00:00
politifact14795,Saudi Arabia to Behead 6 School Girls for Being With Their Male Friends Without Parents or a Guardian,101,18,,politifact,web.archive.org,academic_dataset,en,fake,factcheck,,,False,False,True,dataset,2026-08-14T14:21:36.836840+00:00
politifact14328,Malia Obama Fired From Cushy Internship At Spanish Embassy,58,9,,politifact,web.archive.org,academic_dataset,en,fake,factcheck,https://web.archive.org/web/20170702174006im_/http://freedomcrossroads.us/wp-content/uploads/2017/06/malia.jpg,,True,False,True,dataset,2026-08-14T14:21:36.836840+00:00
politifact13775,Target to Discontinue Sale of Holy Bible,40,7,,politifact,beforeitsnews.com,academic_dataset,en,fake,factcheck,,,False,False,True,dataset,2026-08-14T14:21:36.836840+00:00
politifact14678,Youngest World Leader Bans George Soros’s Foundations From Austria,66,9,,politifact,yournewswire.com,academic_dataset,en,fake,factcheck,,,False,False,True,dataset,2026-08-14T14:21:36.836840+00:00
politifact14394,BREAKING: Hillary Clinton Has Third Heart Attack-Docs Says She ‘Won’t Survive’,78,11,,politifact,web.archive.org,academic_dataset,en,fake,factcheck,https://web.archive.org/web/20170731052757im_/http://politicspaper.com/wp-content/uploads/2017/07/57.jpg,,True,False,True,dataset,2026-08-14T14:21:36.836840+00:00
politifact14376,"Barack Obama Tweets SICK Attack On John McCain, Says He Should Have Died",72,13,,politifact,dailyfeed.news,academic_dataset,en,fake,factcheck,,,False,False,True,dataset,2026-08-14T14:21:36.836840+00:00
politifact14233,President Trump Underscores US-Jamaica Relations,48,5,,politifact,jis.gov.jm,academic_dataset,en,fake,factcheck,,,False,False,True,dataset,2026-08-14T14:21:36.836840+00:00
politifact14890,Actress Sandra Bullock to Hillary Clinton if You Don't Like Our President You Can Leave and Never Come Back Again You Are One Jealous Woman Who Ls Nothing to Compare With Trump I Hope He Will Arrest Y,200,38,,politifact,me.me,academic_dataset,en,fake,factcheck,,,False,False,True,dataset,2026-08-14T14:21:36.836840+00:00
politifact14356,Gretchen Carlson: “The 2nd Amendment Was Written Before Guns Were Invented”,75,11,,politifact,therightists.com,academic_dataset,en,fake,factcheck,,,False,False,True,dataset,2026-08-14T14:21:36.836840+00:00
politifact14776,"Pope Francis At Mass: ‘Jesus Is Metaphorical, Not Literal’",58,9,,politifact,yournewswire.com,academic_dataset,en,fake,factcheck,,,False,False,True,dataset,2026-08-14T14:21:36.836840+00:00
politifact15355,Black Men Arrested In Philadelphia Starbucks Settle For $2 Million,66,10,,politifact,web.archive.org,academic_dataset,en,fake,factcheck,https://web.archive.org/web/20180503143610im_/https://ionehiphopwired.files.wordpress.com/2018/05/1525294201678.jpg?quality=85&strip=all&w=560&h=320&crop=1,,True,False,True,dataset,2026-08-14T14:21:36.836840+00:00
politifact14664,ICE Detainer Issued for Suspected Wine Country Arsonist in Sonoma Jail,70,11,,politifact,www.breitbart.com,academic_dataset,en,fake,factcheck,https://media.breitbart.com/media/2017/10/More-Wine-Country-fires-Getty.jpg,data\images\politifact14664.jpg,True,True,True,dataset,2026-08-14T14:21:36.837840+00:00
politifact15178,Former presidents walk fine line in Trump’s America,51,8,,politifact,www.politico.com,academic_dataset,en,fake,factcheck,,,False,False,True,dataset,2026-08-14T14:21:36.837840+00:00
politifact15052,"Inside the Snapchat bloodbath: 60 minutes of terror which left 17 dead, bodies in classrooms and kids 'full of blood'",117,20,,politifact,www.mirror.co.uk,academic_dataset,en,fake,factcheck,https://i2-prod.mirror.co.uk/article12029292.ece/ALTERNATES/s1200d/Shooting-At-High-School-In-Parkland-Florida-Injures-Multiple-People.jpg,data\images\politifact15052.jpg,True,True,True,dataset,2026-08-14T14:21:36.837840+00:00
politifact15309,BREAKING: Nancy Pelosi To Resign After New Revelations – NRTOnline,66,10,,politifact,nrtonline.info,academic_dataset,en,fake,factcheck,,,False,False,True,dataset,2026-08-14T14:21:36.837840+00:00
politifact15267,"Donald Trump inauguration: Artists who won't perform at ceremony include Elton John, Celine Dion and John Legend",112,17,,politifact,www.independent.co.uk,academic_dataset,en,fake,factcheck,https://static.independent.co.uk/s3fs-public/thumbnails/image/2014/10/14/12/John-Legend.jpg?width=1200&height=800&crop=1200:800,data\images\politifact15267.jpg,True,True,True,dataset,2026-08-14T14:21:36.838840+00:00
politifact13836,BREAKING: Leaked Picture Of Obama Being Dragged Before A Judge In Handcuffs For Wiretapping Trump,97,15,,politifact,usaconservativereport.com,academic_dataset,en,fake,factcheck,,,False,False,True,dataset,2026-08-14T14:21:36.838840+00:00
politifact15553,Clinton Campaign official arrested by FBI on child rape/trafficking charges,75,10,,politifact,www.puppetstringnews.com,academic_dataset,en,fake,factcheck,,,False,False,True,dataset,2026-08-14T14:21:36.838840+00:00
politifact14755,"DONALD TRAIN NEWS: BREAKING: Rosa Parks’ Granddaughter SLAMS Racist Democrats, Endorses Trump",93,12,,politifact,donaldtrainews.blogspot.com,academic_dataset,en,fake,factcheck,,,False,False,True,dataset,2026-08-14T14:21:36.838840+00:00
politifact13806,"NRA President Jim Porter Falsely Accused of Saying, “It’s Only A Matter Of Time Before We Can Own Colored People Again”",119,21,,politifact,urbanintellectuals.com,academic_dataset,en,fake,factcheck,,,False,False,True,dataset,2026-08-14T14:21:36.838840+00:00
politifact15164,Biden raises possibility of 2020 presidential bid,49,7,,politifact,thehill.com,academic_dataset,en,fake,factcheck,,,False,False,True,dataset,2026-08-14T14:21:36.838840+00:00
politifact14388,"NYC: PHYSICIAN and Wife Jump To Death…Leave Kids Behind Because They “Can’t Afford The Health Care” Only Hours After McCain, Murkowski, Collins and EVERY Democrat Voted To Keep Obamacare -",188,30,,politifact,newsbreakshere.com,academic_dataset,en,fake,factcheck,,,False,False,True,dataset,2026-08-14T14:21:36.838840+00:00
politifact14742,Snapchat is shutting down!,26,4,,politifact,www.breakingnews365.net,academic_dataset,en,fake,factcheck,,,False,False,True,dataset,2026-08-14T14:21:36.838840+00:00
politifact14544,Rice told investigators why she unmasked Trump aides,52,8,,politifact,www.cnn.com,academic_dataset,en,fake,factcheck,,,False,False,True,dataset,2026-08-14T14:21:36.838840+00:00
politifact13677,BREAKING: Meryl Streep Just Got Fired From A Major Project For Lying About Trump -,82,15,,politifact,newsbreakshere.com,academic_dataset,en,fake,factcheck,,,False,False,True,dataset,2026-08-14T14:21:36.838840+00:00
politifact15280,Clinton Email: We Must Destroy Syria For Israel,47,8,,politifact,yournewswire.com,academic_dataset,en,fake,factcheck,,,False,False,True,dataset,2026-08-14T14:21:36.838840+00:00
politifact14310,CNN host Fareed Zakaria calls for jihad rape of white women,59,11,,politifact,quickening-spirit.com,academic_dataset,en,fake,factcheck,,,False,False,True,dataset,2026-08-14T14:21:36.838840+00:00
politifact15130,Could Trump Win The Nobel Peace Prize? Peace in Korean Peninsula Would Be Significant Foreign Policy Achievement,112,17,,politifact,www.newsweek.com,academic_dataset,en,fake,factcheck,https://assets.newsweek.com/wp-content/uploads/2025/08/905143-952173714.jpg?w=1200&crop=1,data\images\politifact15130.jpg,True,True,True,dataset,2026-08-14T14:21:36.838840+00:00
politifact14694,UPDATE: Hillary Clinton Leaves The Country As Mueller Indictment Is Announced,77,11,,politifact,www.usacarry.com,academic_dataset,en,fake,factcheck,,,False,False,True,dataset,2026-08-14T14:21:36.838840+00:00
politifact14863,BREAKING: Illegal Muslim From Iran Arrested For Starting California Wildfire,76,10,,politifact,pegida.trendolizer.com,academic_dataset,en,fake,factcheck,,,False,False,True,dataset,2026-08-14T14:21:36.838840+00:00
politifact15004,"NFL Lawyer, Who Claimed Super Bowl Is ‘Rigged’, Found Dead",58,10,,politifact,econewsmedia.org,academic_dataset,en,fake,factcheck,,,False,False,True,dataset,2026-08-14T14:21:36.838840+00:00
politifact13773,"Japanese Whaling Crew Eaten Alive By Killer Whales, 16 dead",59,10,,politifact,worldnewsdailyreport.com,academic_dataset,en,fake,factcheck,,,False,False,True,dataset,2026-08-14T14:21:36.838840+00:00
politifact14258,Barrels removed from Clinton property contain parts from 3 missing women.,73,11,,politifact,www.smoaky.com,academic_dataset,en,fake,factcheck,,,False,False,True,dataset,2026-08-14T14:21:36.838840+00:00
politifact14235,"Liberal Women Hate Me Because Of My “Striking Beauty And Intellect”, Says Kellyanne Conway",90,14,,politifact,londonwebnews.com,academic_dataset,en,fake,factcheck,,,False,False,True,dataset,2026-08-14T14:21:36.838840+00:00
politifact15251,Buzz Aldrin ‘passes UFO lie detector test leaving experts convinced that he encountered alien life’,99,15,,politifact,www.thesun.co.uk,academic_dataset,en,fake,factcheck,,,False,False,True,dataset,2026-08-14T14:21:36.838840+00:00
politifact14940,Full text: Jeff Flake on Trump speech transcript,48,8,,politifact,www.politico.com,academic_dataset,en,fake,factcheck,,,False,False,True,dataset,2026-08-14T14:21:36.838840+00:00
politifact13687,Mike Pence: “Allowing Rape Victims To Have Abortions Will Lead To Women Trying To Get Raped”,92,16,,politifact,politicot.com,academic_dataset,en,fake,factcheck,,,False,False,True,dataset,2026-08-14T14:21:36.838840+00:00
politifact14305,"Paul Ryan: “22 Million Americans Choose To Be Poor, So It’s Their Own Problem If They Can’t Afford To Be Healthy”",113,21,,politifact,politicot.com,academic_dataset,en,fake,factcheck,,,False,False,True,dataset,2026-08-14T14:21:36.838840+00:00
politifact15367,Pope Francis: Gun Owners 'Can’t Call Themselves Christian' Anymore,66,9,,politifact,nyeveningnews.com,academic_dataset,en,fake,factcheck,,,False,False,True,dataset,2026-08-14T14:21:36.838840+00:00
politifact14862,About Mayor Bhalla,18,3,,politifact,www.ravinderbhalla.com,academic_dataset,en,fake,factcheck,,,False,False,True,dataset,2026-08-14T14:21:36.838840+00:00
politifact13949,Neon Nettle,11,2,,politifact,www.neonnettle.com,academic_dataset,en,fake,factcheck,https://neonnettle.com/wp-content/uploads/2025/02/neon-nettle-logo-og-1200.jpg,data\images\politifact13949.jpg,True,True,True,dataset,2026-08-14T14:21:36.839840+00:00
politifact15591,Broward County Sheriff Fired For Lying About Parkland,53,8,,politifact,yournewswire.com,academic_dataset,en,fake,factcheck,,,False,False,True,dataset,2026-08-14T14:21:36.839840+00:00
politifact13887,Tom Price: “It’s Better For Our Budget If Cancer Patients Die More Quickly”,75,13,,politifact,www.newslo.com,academic_dataset,en,fake,factcheck,,,False,False,True,dataset,2026-08-14T14:21:36.839840+00:00
politifact15262,Breaking: Greitens Accuser Admits Photo Session May Have Been A “Dream”,71,11,,politifact,sentinelksmo.org,academic_dataset,en,fake,factcheck,https://sentinelksmo.org/wp-content/uploads/2017/11/images-300x168.jpeg,,True,False,True,dataset,2026-08-14T14:21:36.839840+00:00
politifact15525,Obama Administration Kept Illegal Mexican Kids In Detention Camps As “Experiment”,81,11,,politifact,lidblog.com,academic_dataset,en,fake,factcheck,,,False,False,True,dataset,2026-08-14T14:21:36.839840+00:00
politifact13589,Pope Francis To Followers: “Koran And Holy Bible Are The Same”,62,11,,politifact,www.christforums.org,academic_dataset,en,fake,factcheck,,,False,False,True,dataset,2026-08-14T14:21:36.839840+00:00
politifact14005,United Airlines Flight Attendant Slaps Crying Baby During Flight,64,9,,politifact,now8news.com,academic_dataset,en,fake,factcheck,https://now8news.com/wp-content/uploads/2017/04/united-airlines-bad-pr.jpg,data\images\politifact14005.jpg,True,True,True,dataset,2026-08-14T14:21:36.840344+00:00
politifact15271,"CIA Release Documents Of Moon, Moon Has More Than 250 Million Citizens",70,12,,politifact,mysteriousearth.club,academic_dataset,en,fake,factcheck,,,False,False,True,dataset,2026-08-14T14:21:36.840344+00:00
politifact13565,How Donald Trump Lost the 'War on Christmas',44,8,,politifact,www.haaretz.com,academic_dataset,en,fake,factcheck,https://img.haarets.co.il/bs/0000017f-f56c-d460-afff-ff6ed5650000/9c/0b/064ad0e61b4377e7d631be91c4e2/1018316866.jpg?precrop=2150%2C1244%2Cx50%2Cy71&width=1200&height=630&cmsprod=&watermark=hdc-2017,data\images\politifact13565.jpg,True,True,True,dataset,2026-08-14T14:21:36.841347+00:00
politifact15354,Thousands killed as Israel Drops Tactical Nuclear Bomb On Syria,63,10,,politifact,exclusive103.com,academic_dataset,en,fake,factcheck,,,False,False,True,dataset,2026-08-14T14:21:36.841347+00:00
politifact14426,Man charged with murder after driving into anti-far-right protesters in Charlottesville,87,11,,politifact,www.theguardian.com,academic_dataset,en,fake,factcheck,"https://i.guim.co.uk/img/media/d0a6a439eb9737c559313ba0b9a25aa3d0c74232/0_0_3500_2100/master/3500.jpg?width=1200&height=630&quality=85&auto=format&fit=crop&precrop=40:21,offset-x50,offset-y0&overlay-align=bottom%2Cleft&overlay-width=100p&overlay-base64=L2ltZy9zdGF0aWMvb3ZlcmxheXMvdGctYWdlLTIwMTcucG5n&enable=upscale&s=0a4fb39138b2c496e775f84b69dd1de6",data\images\politifact14426.jpg,True,True,True,dataset,2026-08-14T14:21:36.841347+00:00
politifact14565,BREAKING: Fox Sports Cancels ALL NFL Broadcasts ‘Until Players Respect The Flag’,80,12,,politifact,sportfella.com,academic_dataset,en,fake,factcheck,,,False,False,True,dataset,2026-08-14T14:21:36.841347+00:00
politifact14548,The Legislative Process,23,3,,politifact,www.house.gov,academic_dataset,en,fake,factcheck,,,False,False,True,dataset,2026-08-14T14:21:36.841347+00:00
politifact14984,National Federation of Independent Business,43,5,,politifact,www.nfib-sbet.org,academic_dataset,en,real,factcheck,,,False,False,True,dataset,2026-08-14T14:21:36.841347+00:00
politifact12944,comments in Fayetteville NC,27,4,,politifact,www.cq.com,academic_dataset,en,real,factcheck,,,False,False,True,dataset,2026-08-14T14:21:36.841347+00:00
politifact333,"Romney makes pitch, hoping to close deal : Elections : The Rocky Mountain News",78,14,,politifact,web.archive.org,academic_dataset,en,real,factcheck,,,False,False,True,dataset,2026-08-14T14:21:36.841347+00:00
politifact4358,Democratic Leaders Say House Democrats Are United Against GOP Default Act,73,11,,politifact,web.archive.org,academic_dataset,en,real,factcheck,,,False,False,True,dataset,2026-08-14T14:21:36.841347+00:00
politifact779,"Budget of the United States Government, FY 2008",47,8,,politifact,web.archive.org,academic_dataset,en,real,factcheck,,,False,False,True,dataset,2026-08-14T14:21:36.841347+00:00
politifact14064,Donald Trump exaggerates when he says China has 'total control' over North Korea,80,13,,politifact,www.politifact.com,academic_dataset,en,real,factcheck,,,False,False,True,dataset,2026-08-14T14:21:36.841347+00:00
politifact14474,25th Amendment,14,2,,politifact,www.law.cornell.edu,academic_dataset,en,real,factcheck,https://www.law.cornell.edu/images/liibracketlogo.gif,data\images\politifact14474.gif,True,True,True,dataset,2026-08-14T14:21:36.842347+00:00
politifact5276,子供たちのコト。私のコト。,13,1,,politifact,americaneedsmitt.com,academic_dataset,en,real,factcheck,,,False,False,True,dataset,2026-08-14T14:21:36.842347+00:00
politifact1313,"Briefing by White House Press Secretary Robert Gibbs, 9/10/09",61,9,,politifact,web.archive.org,academic_dataset,en,real,factcheck,,,False,False,True,dataset,2026-08-14T14:21:36.842347+00:00
politifact937,A Solar Grand Plan: Scientific American,39,6,,politifact,web.archive.org,academic_dataset,en,real,factcheck,,,False,False,True,dataset,2026-08-14T14:21:36.842347+00:00
politifact8227,Covering Young Adults Under the Affordable Care Act: The Importance of Outreach and Medicaid Expansion,102,15,,politifact,www.commonwealthfund.org,academic_dataset,en,real,factcheck,,,False,False,True,dataset,2026-08-14T14:21:36.842347+00:00
politifact1519,"Harry Reid Says GOP Should ""Stop Crying"" About Reconciliation",61,9,,politifact,www.cbsnews.com,academic_dataset,en,real,factcheck,,,False,False,True,dataset,2026-08-14T14:21:36.842347+00:00
politifact13068,Political TV Ad Archive » PolAd,31,6,,politifact,politicaladarchive.org,academic_dataset,en,real,factcheck,,,False,False,True,dataset,2026-08-14T14:21:36.842347+00:00
politifact11747,Bureau of Labor Statistics Data,31,5,,politifact,data.bls.gov,academic_dataset,en,real,factcheck,,,False,False,True,dataset,2026-08-14T14:21:36.842347+00:00
politifact7293,Summary of the Affordable Care Act,34,6,,politifact,www.kff.org,academic_dataset,en,real,factcheck,,,False,False,True,dataset,2026-08-14T14:21:36.842347+00:00
politifact1783,'This Week' Transcript: Holder and Giuliani,43,6,,politifact,abcnews.go.com,academic_dataset,en,real,factcheck,https://s.abcnews.com/images/US/abc_news_default_2000x2000_update_16x9_992.jpg,data\images\politifact1783.jpg,True,True,True,dataset,2026-08-14T14:21:36.843348+00:00
politifact9691,Impeachment Talk Becomes a Cynical Game,39,6,,politifact,www.nbcnews.com,academic_dataset,en,real,factcheck,"https://media-cldnry.s-nbcnews.com/image/upload/t_nbcnews-fp-1200-630,f_auto,q_auto:best/newscms/2014_31/591821/whitehouse.jpg",data\images\politifact9691.jpg,True,True,True,dataset,2026-08-14T14:21:36.843348+00:00
politifact999,Preventing the Flu: Good Health Habits Can Help Stop Germs,58,10,,politifact,www.cdc.gov,academic_dataset,en,real,factcheck,,,False,False,True,dataset,2026-08-14T14:21:36.843348+00:00
politifact13420,Las Vegas campaign rally,24,4,,politifact,youtu.be,academic_dataset,en,real,factcheck,,,False,False,True,dataset,2026-08-14T14:21:36.843348+00:00
politifact423,MoveOn.org Political Action: 10 things to know about McCain,59,9,,politifact,web.archive.org,academic_dataset,en,real,factcheck,,,False,False,True,dataset,2026-08-14T14:21:36.843348+00:00
politifact9734,Rand Paul Campaigns in Iowa for Miller-Meeks,44,7,,politifact,www.youtube.com,academic_dataset,en,real,factcheck,https://i.ytimg.com/vi/AtJWEAj1vZM/hqdefault.jpg,data\images\politifact9734.jpg,True,True,True,dataset,2026-08-14T14:21:36.844347+00:00
politifact13087,Hispanic Populations Share of Wealth Likely to Increase by 2025,63,10,,politifact,www.stlouisfed.org,academic_dataset,en,real,factcheck,,,False,False,True,dataset,2026-08-14T14:21:36.844347+00:00
politifact13132,Hillary Clinton says guns exceed next nine categories as leading cause of death for young black men,99,17,,politifact,www.politifact.com,academic_dataset,en,real,factcheck,,,False,False,True,dataset,2026-08-14T14:21:36.844347+00:00
politifact4809,Already a lost decade: Working-age household income down more than 10% since 2000,81,13,,politifact,www.epi.org,academic_dataset,en,real,factcheck,,,False,False,True,dataset,2026-08-14T14:21:36.844347+00:00
politifact1084,U.S Senate: Supreme Court Nominations: present-1789,51,6,,politifact,www.senate.gov,academic_dataset,en,real,factcheck,,,False,False,True,dataset,2026-08-14T14:21:36.844347+00:00
politifact13260,PolitiFact’s annotated transcript of the second presidential debate,67,8,,politifact,medium.com,academic_dataset,en,real,factcheck,,,False,False,True,dataset,2026-08-14T14:21:36.844347+00:00
politifact1624,Des Moines Register,19,3,,politifact,www.desmoinesregister.com,academic_dataset,en,real,factcheck,,,False,False,True,dataset,2026-08-14T14:21:36.844347+00:00
politifact1823,The Tonight Show with Jay Leno,30,6,,politifact,web.archive.org,academic_dataset,en,real,factcheck,,,False,False,True,dataset,2026-08-14T14:21:36.844347+00:00
politifact2166,'This Week' Transcript: Pelosi and Gates,40,6,,politifact,abcnews.go.com,academic_dataset,en,real,factcheck,https://s.abcnews.com/images/US/abc_news_default_2000x2000_update_16x9_992.jpg,data\images\politifact2166.jpg,True,True,True,dataset,2026-08-14T14:21:36.844851+00:00
politifact13303,Joint DHS and ODNI Election Security Statement,46,7,,politifact,web.archive.org,academic_dataset,en,real,factcheck,,,False,False,True,dataset,2026-08-14T14:21:36.844851+00:00
politifact667,U.S Senate: U.S Senate Roll Call Votes 110th Congress,53,9,,politifact,www.senate.gov,academic_dataset,en,real,factcheck,,,False,False,True,dataset,2026-08-14T14:21:36.844851+00:00
politifact3892,Palin-Huey,10,1,,politifact,www.youtube.com,academic_dataset,en,real,factcheck,https://i.ytimg.com/vi/wyoZJUKL3wA/hqdefault.jpg?sqp=-oaymwEmCOADEOgC8quKqQMa8AEB-AH2BIAC4AOKAgwIABABGGUgZShlMA8=&rs=AOn4CLCBiPUKeSXthkmjfuQk5aTx59cMNQ,data\images\politifact3892.jpg,True,True,True,dataset,2026-08-14T14:21:36.844851+00:00
politifact6641,"Employment, Hours, and Earnings from the Current Employment Statistics survey (National) Home Page",98,13,,politifact,www.bls.gov,academic_dataset,en,real,factcheck,,,False,False,True,dataset,2026-08-14T14:21:36.844851+00:00
politifact4088,"No, We Can’t? Or Won’t?",23,5,,politifact,www.nytimes.com,academic_dataset,en,real,factcheck,,,False,False,True,dataset,2026-08-14T14:21:36.844851+00:00
politifact513,Barack Obama’s Remarks in St Paul,33,6,,politifact,www.nytimes.com,academic_dataset,en,real,factcheck,,,False,False,True,dataset,2026-08-14T14:21:36.844851+00:00
politifact14070,letter to Chaffetz and Cummings,31,5,,politifact,democrats-oversight.house.gov,academic_dataset,en,real,factcheck,,,False,False,True,dataset,2026-08-14T14:21:36.844851+00:00
politifact806,The Arena - Politico's daily debate with policymakers and opinion shapers,73,11,,politifact,www.politico.com,academic_dataset,en,real,factcheck,,,False,False,True,dataset,2026-08-14T14:21:36.844851+00:00
politifact1436,McDonnell Letter Urges No Delay in Virginia Offshore Energy Exploration and Development,87,12,,politifact,web.archive.org,academic_dataset,en,real,factcheck,,,False,False,True,dataset,2026-08-14T14:21:36.844851+00:00
politifact12945,"To young people who are undocumented: This is your country, too.",64,11,,politifact,medium.com,academic_dataset,en,real,factcheck,,,False,False,True,dataset,2026-08-14T14:21:36.844851+00:00
politifact14036,Transcript of AP interview with Trump,37,6,,politifact,apnews.com,academic_dataset,en,real,factcheck,,,False,False,True,dataset,2026-08-14T14:21:36.844851+00:00
politifact537,Change We Can Believe In,24,5,,politifact,web.archive.org,academic_dataset,en,real,factcheck,,,False,False,True,dataset,2026-08-14T14:21:36.844851+00:00
politifact118,Infrastructure Report Card 2005,31,4,,politifact,web.archive.org,academic_dataset,en,real,factcheck,,,False,False,True,dataset,2026-08-14T14:21:36.844851+00:00
politifact9576,"GOP Task Force, Lone Democrat Eye Trafficking Law",49,8,,politifact,blogs.rollcall.com,academic_dataset,en,real,factcheck,,,False,False,True,dataset,2026-08-14T14:21:36.844851+00:00
politifact356,Dr James Dobson,15,3,,politifact,web.archive.org,academic_dataset,en,real,factcheck,,,False,False,True,dataset,2026-08-14T14:21:36.844851+00:00
politifact401,McCain: McSame as Bush,22,4,,politifact,www.youtube.com,academic_dataset,en,real,factcheck,https://i.ytimg.com/vi/cN10_6pyshQ/hqdefault.jpg?sqp=-oaymwEmCOADEOgC8quKqQMa8AEB-AH-BIAC4AOKAgwIABABGCggNyh_MA8=&rs=AOn4CLDCoKRRUkqr7XQWa8FzmUJTL3uUXA,data\images\politifact401.jpg,True,True,True,dataset,2026-08-14T14:21:36.844851+00:00
politifact384,john.he.is,10,1,,politifact,www.youtube.com,academic_dataset,en,real,factcheck,https://i.ytimg.com/vi/3gwqEneBKUs/hqdefault.jpg?sqp=-oaymwEmCOADEOgC8quKqQMa8AEB-AH-BIAC4AOKAgwIABABGGUgZShlMA8=&rs=AOn4CLBCnRSrNj0XV1m_0V3IMr_YIlhvOQ,data\images\politifact384.jpg,True,True,True,dataset,2026-08-14T14:21:36.846364+00:00
politifact12148,Remarks on counterterrorism at Stanford University,50,6,,politifact,web.archive.org,academic_dataset,en,real,factcheck,,,False,False,True,dataset,2026-08-14T14:21:36.846364+00:00
politifact12411,iQ media Clip Player,20,4,,politifact,iqmediacorp.com,academic_dataset,en,real,factcheck,,,False,False,True,dataset,2026-08-14T14:21:36.846364+00:00
politifact5778,Remarks by the President on Increasing Oversight on Manipulation in Oil Markets,79,12,,politifact,www.whitehouse.gov,academic_dataset,en,real,factcheck,,,False,False,True,dataset,2026-08-14T14:21:36.846364+00:00
politifact3341,U.S Army's Involvement in Motorsports,37,5,,politifact,web.archive.org,academic_dataset,en,real,factcheck,,,False,False,True,dataset,2026-08-14T14:21:36.846962+00:00
politifact13013,"UN Refugee Agency welcomes arrival of 10,000th Syrian refugee resettled to United States",88,13,,politifact,www.unhcr.org,academic_dataset,en,real,factcheck,,,False,False,True,dataset,2026-08-14T14:21:36.846962+00:00
politifact11191,Watch a replay of Fox News' 5 p.m presidential debate,53,10,,politifact,video.foxnews.com,academic_dataset,en,real,factcheck,https://a57.foxnews.com/a57.foxnews.com/media2.foxnews.com/2015/08/07/640/360/1024/512/080615_gopdebate_online_full_640.jpg?ve=1&tl=1,data\images\politifact11191.jpg,True,True,True,dataset,2026-08-14T14:21:36.847481+00:00
politifact12079,It’s Time for the Senate to Do Its Job – Congressman Mike Honda – Medium,72,15,,politifact,medium.com,academic_dataset,en,real,factcheck,,,False,False,True,dataset,2026-08-14T14:21:36.847481+00:00
politifact551,"Ralph Nader on Barack Obama: ""It is Quite Clear He is a Corporate Candidate from A to Z""",88,18,,politifact,web.archive.org,academic_dataset,en,real,factcheck,,,False,False,True,dataset,2026-08-14T14:21:36.847481+00:00
politifact11761,Marco Rubio says Ted Cruz voted for defense cuts in Rand Paul's budget proposal,79,14,,politifact,www.politifact.com,academic_dataset,en,real,factcheck,,,False,False,True,dataset,2026-08-14T14:21:36.847481+00:00
politifact51,Births: Preliminary Data for 2005,33,5,,politifact,web.archive.org,academic_dataset,en,real,factcheck,,,False,False,True,dataset,2026-08-14T14:21:36.847481+00:00
politifact10209,Congress: Job Ratings,21,3,,politifact,pollingreport.com,academic_dataset,en,real,factcheck,,,False,False,True,dataset,2026-08-14T14:21:36.847481+00:00
politifact4887,"Before leaving governor’s office in 2006, Mitt Romney’s staff eliminated e-mail records",87,12,,politifact,www.boston.com,academic_dataset,en,real,factcheck,,,False,False,True,dataset,2026-08-14T14:21:36.847481+00:00
politifact11899,"Transcript: The Democratic debate in Milwaukee, annotated",57,7,,politifact,www.washingtonpost.com,academic_dataset,en,real,factcheck,,,False,False,True,dataset,2026-08-14T14:21:36.847481+00:00
politifact514,"Crist has experience to be vice president, McCain says",54,9,,politifact,web.archive.org,academic_dataset,en,real,factcheck,,,False,False,True,dataset,2026-08-14T14:21:36.847481+00:00
gossipcop-2493749932,Did Miley Cyrus and Liam Hemsworth secretly get married?,56,9,,gossipcop,www.dailymail.co.uk,academic_dataset,en,fake,factcheck,https://i.dailymail.co.uk/i/newpix/2018/06/22/15/4D750B1700000578-0-image-a-18_1529676827052.jpg,data\images\gossipcop-2493749932.jpg,True,True,True,dataset,2026-08-14T14:21:36.847481+00:00
gossipcop-4580247171,Paris Jackson & Cara Delevingne Enjoy Night Out In Matching Outfits: They Have ‘Amazing Chemistry’,98,15,,gossipcop,hollywoodlife.com,academic_dataset,en,fake,factcheck,,,False,False,True,dataset,2026-08-14T14:21:36.847481+00:00
gossipcop-941805037,Celebrities Join Tax March in Protest of Donald Trump,53,9,,gossipcop,variety.com,academic_dataset,en,fake,factcheck,https://variety.com/wp-content/uploads/2017/04/taxivader.jpg?crop=0px%2C136px%2C1000px%2C557px&resize=1000%2C563,data\images\gossipcop-941805037.jpg,True,True,True,dataset,2026-08-14T14:21:36.848490+00:00
gossipcop-2547891536,Cindy Crawford's daughter Kaia Gerber wears a wig after dining with Harry Styles,80,13,,gossipcop,www.dailymail.co.uk,academic_dataset,en,fake,factcheck,https://i.dailymail.co.uk/i/pix/2016/03/18/18/3257238600000578-0-image-a-38_1458325076379.jpg,data\images\gossipcop-2547891536.jpg,True,True,True,dataset,2026-08-14T14:21:36.848490+00:00
gossipcop-5476631226,Full List of 2018 Oscar Nominations – Variety,45,8,,gossipcop,variety.com,academic_dataset,en,fake,factcheck,https://variety.com/wp-content/uploads/2018/01/oscar-nominations-2018.jpg?w=1000&h=560&crop=1,data\images\gossipcop-5476631226.jpg,True,True,True,dataset,2026-08-14T14:21:36.849490+00:00
gossipcop-5189580095,Here's What Really Happened When JFK Jr Met Princess Diana,58,10,,gossipcop,www.townandcountrymag.com,academic_dataset,en,fake,factcheck,"https://hips.hearstapps.com/hmg-prod/images/jfk-jr-diana-1498766065.jpg?crop=1.00xw:1.00xh;0,0&resize=1200:*",data\images\gossipcop-5189580095.jpg,True,True,True,dataset,2026-08-14T14:21:36.849490+00:00
gossipcop-9588339534,Biggest celebrity scandals of 2016,34,5,,gossipcop,www.foxnews.com,academic_dataset,en,fake,factcheck,http://media2.foxnews.com/BrightCove/694940094001/2016/12/15/694940094001_5249707488001_5249701042001-vs.jpg,data\images\gossipcop-9588339534.jpg,True,True,True,dataset,2026-08-14T14:21:36.850490+00:00
gossipcop-8753274298,Caitlyn Jenner Addresses Rumored Romance With Sophia Hutchins,61,8,,gossipcop,www.eonline.com,academic_dataset,en,fake,factcheck,,,False,False,True,dataset,2026-08-14T14:21:36.850490+00:00
gossipcop-8105333868,Taylor Swift Reportedly Reacts To Tom Hiddleston’s Golden Globes Win,68,10,,gossipcop,www.inquisitr.com,academic_dataset,en,fake,factcheck,,,False,False,True,dataset,2026-08-14T14:21:36.850490+00:00
gossipcop-2803748870,"For The Love Of God, Why Can't Anyone Write Kate McKinnon A Good Movie Role?",76,15,,gossipcop,www.huffingtonpost.com,academic_dataset,en,fake,factcheck,https://img.huffingtonpost.com/asset/5b632e992000007a03378cdb.jpeg?cache=sw3Yk3oLFY&ops=1200_630,data\images\gossipcop-2803748870.jpg,True,True,True,dataset,2026-08-14T14:21:36.850882+00:00
gossipcop-7312096991,"Miley Cyrus, Liam Hemsworth Did NOT Get Married On Tybee Island, Despite Report",79,13,,gossipcop,www.msn.com,academic_dataset,en,fake,factcheck,,,False,False,True,dataset,2026-08-14T14:21:36.850882+00:00
gossipcop-5328748354,Miley Cyrus Claims ‘Satan Is A Nice Guy; He’s Misunderstood’,60,10,,gossipcop,yournewswire.com,academic_dataset,en,fake,factcheck,,,False,False,True,dataset,2026-08-14T14:21:36.851387+00:00
gossipcop-9878194459,Selena Gomez Had The Perfect Response To News Of Justin Bieber’s Engagement,75,12,,gossipcop,www.marieclaire.com.au,academic_dataset,en,fake,factcheck,,,False,False,True,dataset,2026-08-14T14:21:36.851387+00:00
gossipcop-9521617242,Critics' Choice Awards 2018 Winners: The Complete List,54,8,,gossipcop,www.eonline.com,academic_dataset,en,fake,factcheck,,,False,False,True,dataset,2026-08-14T14:21:36.851387+00:00
gossipcop-8099144572,"Jennifer Aniston, Justin Theroux Not Starting Dog Fostering And Adoption Business",81,11,,gossipcop,www.imdb.com,academic_dataset,en,fake,factcheck,,,False,False,True,dataset,2026-08-14T14:21:36.851387+00:00
gossipcop-2210288941,"Angelina Jolie Can’t Get Over Heartbreak Of Losing Brad Pitt — Real Reason For Fury, Says Source",96,17,,gossipcop,hollywoodlife.com,academic_dataset,en,fake,factcheck,,,False,False,True,dataset,2026-08-14T14:21:36.851387+00:00
gossipcop-6068765070,He’s Hired! Ben Affleck Enlists Best Friend Matt Damon To Be His Life Coach,75,14,,gossipcop,radaronline.com,academic_dataset,en,fake,factcheck,https://media.radaronline.com/brand-img/HvmvIlcJr/1200x628/2018/07/ben-affleck-matt-damon-life-coach-pp.jpg,data\images\gossipcop-6068765070.jpg,True,True,True,dataset,2026-08-14T14:21:36.851387+00:00
gossipcop-3783917182,Full statement: John McCain to vote no on Graham-Cassidy health care bill,73,12,,gossipcop,www.politico.com,academic_dataset,en,fake,factcheck,,,False,False,True,dataset,2026-08-14T14:21:36.851387+00:00
gossipcop-2365780434,Justin Bieber Despacito,23,3,,gossipcop,en.wikipedia.org,academic_dataset,en,fake,factcheck,,,False,False,True,dataset,2026-08-14T14:21:36.851387+00:00
gossipcop-9650269391,Julia Roberts miracle baby at 50,32,6,,gossipcop,www.newidea.com.au,academic_dataset,en,fake,factcheck,,,False,False,True,dataset,2026-08-14T14:21:36.851387+00:00
gossipcop-7365331782,Beyonce Sipping Tea Listening To Taylor Swift’s Album: Why She’s Loving The Kanye West Diss Tracks,98,16,,gossipcop,hollywoodlife.com,academic_dataset,en,fake,factcheck,,,False,False,True,dataset,2026-08-14T14:21:36.851387+00:00
gossipcop-3503563094,"Blake Shelton, Gwen Stefani Talk 'Hookup' on 'The Voice'",56,9,,gossipcop,www.usmagazine.com,academic_dataset,en,fake,factcheck,https://www.usmagazine.com/wp-content/themes/us-weekly/assets/img/us-placeholder.svg?quality=86&strip=all,,True,False,True,dataset,2026-08-14T14:21:36.851387+00:00
gossipcop-5866775064,Miranda Lambert Desperate To Meet With Blake Shelton After His Reported Split From Gwen Stefani,95,15,,gossipcop,hollywoodlife.com,academic_dataset,en,fake,factcheck,,,False,False,True,dataset,2026-08-14T14:21:36.851387+00:00
gossipcop-1026793571,Pregnant Kate Middleton Hit With Cocaine Bombshell,50,7,,gossipcop,radaronline.com,academic_dataset,en,fake,factcheck,https://media.radaronline.com/brand-img/JuVUVyl1q/1200x628/2017/09/pregnant-kate-middleton-cocaine-bombshell-pp-.jpg,data\images\gossipcop-1026793571.jpg,True,True,True,dataset,2026-08-14T14:21:36.852398+00:00
gossipcop-3896029098,Jen Aniston’s Split From Justin Theroux – What Brad Pitt Really Thinks About It,79,14,,gossipcop,hollywoodlife.com,academic_dataset,en,fake,factcheck,,,False,False,True,dataset,2026-08-14T14:21:36.852398+00:00
gossipcop-7391946984,Emmys 2017: What the Nominees Are Saying,40,7,,gossipcop,www.hollywoodreporter.com,academic_dataset,en,fake,factcheck,https://www.hollywoodreporter.com/wp-content/themes/vip/pmc-hollywoodreporter-2021/assets/app/icons/icon-512x512.png,,True,False,True,dataset,2026-08-14T14:21:36.852398+00:00
gossipcop-2277402152,"Caitlyn Jenner Slams the Kardashians, Says She Didn't Trust Them to Know About Her Gender Reassignment Surgery",110,17,,gossipcop,www.justjared.com,academic_dataset,en,fake,factcheck,,,False,False,True,dataset,2026-08-14T14:21:36.852398+00:00
gossipcop-9940338306,Chris Brown does not want Royalty to be like North West,55,11,,gossipcop,www.ibtimes.co.uk,academic_dataset,en,fake,factcheck,,,False,False,True,dataset,2026-08-14T14:21:36.852398+00:00
gossipcop-6747642549,"7 Questionable Details About Taylor Swift And Joe Alwyn's Relationship, Including Her ""Military-Like Mission"" To Keep It Under Wraps",132,19,,gossipcop,www.yourtango.com,academic_dataset,en,fake,factcheck,https://www.yourtango.com/sites/default/files/image_blog/joe-alwyn-taylor-swift-relationship.jpg,data\images\gossipcop-6747642549.jpg,True,True,True,dataset,2026-08-14T14:21:36.852398+00:00
gossipcop-809829695,Lopez /López (accent on people's names),39,6,,gossipcop,forum.wordreference.com,academic_dataset,en,fake,factcheck,,,False,False,True,dataset,2026-08-14T14:21:36.852398+00:00
gossipcop-8996311550,Nicole Kidman and Prince Harry named sexiest redheads,53,8,,gossipcop,www.express.co.uk,academic_dataset,en,fake,factcheck,https://cdn.images.express.co.uk/img/dynamic/79/590x/Untitled-2-458512.jpg?r=1686998680160,data\images\gossipcop-8996311550.jpg,True,True,True,dataset,2026-08-14T14:21:36.852398+00:00
gossipcop-3084428038,Jennifer Lawrence Says ‘Mother!’ Led to Darren Aronofsky Split,62,9,,gossipcop,www.usmagazine.com,academic_dataset,en,fake,factcheck,https://www.usmagazine.com/wp-content/uploads/2017/11/846641848_jennifer-lawrence-darren-aronofsky-zoom1.jpg?crop=123px%2C0px%2C1877px%2C985px&resize=1200%2C630&quality=70&strip=all,data\images\gossipcop-3084428038.jpg,True,True,True,dataset,2026-08-14T14:21:36.853903+00:00
gossipcop-1601939859,Kristen Stewart is usual scowling self on night out with Robert Pattinson,73,12,,gossipcop,www.dailymail.co.uk,academic_dataset,en,fake,factcheck,,,False,False,True,dataset,2026-08-14T14:21:36.853903+00:00
gossipcop-392859545,Johnny Depp Settles Lawsuit Against His Former Business Managers,64,9,,gossipcop,www.thewrap.com,academic_dataset,en,fake,factcheck,https://i0.wp.com/www.thewrap.com/wp-content/uploads/2017/06/GettyImages-699963736.jpg?fit=618%2C412&quality=89&ssl=1,data\images\gossipcop-392859545.jpg,True,True,True,dataset,2026-08-14T14:21:36.854416+00:00
gossipcop-9098202484,Halle Berry (And More) To Join Keanu Reeves In Third 'John Wick' Flick,70,13,,gossipcop,www.forbes.com,academic_dataset,en,fake,factcheck,,,False,False,True,dataset,2026-08-14T14:21:36.854416+00:00
gossipcop-5493993751,On Air with Ryan Seacrest,25,5,,gossipcop,onairwithryan.iheart.com,academic_dataset,en,fake,factcheck,"https://i.iheart.com/v3/re/assets.brands/5e9616fdd2a576586b9271ae?ops=gravity(%22center%22),contain(1200,675),quality(65)",data\images\gossipcop-5493993751.png,True,True,True,dataset,2026-08-14T14:21:36.854927+00:00
gossipcop-5945307777,Swift calls out label for being 'nervous' over pop album,56,10,,gossipcop,www.usatoday.com,academic_dataset,en,fake,factcheck,https://www.gannett-cdn.com/-mm-/b41b6cecd493f56938d859589e35c6640d70529a/c=0-77-2000-1207/local/-/media/USATODAY/None/2014/10/29/635502037251978010-XXX-TAYLOR-SWIFT-IHEART-RADIO-jy-3757-.JPG?auto=webp&format=pjpg&width=1200,data\images\gossipcop-5945307777.jpg,True,True,True,dataset,2026-08-14T14:21:36.854927+00:00
gossipcop-5422231977,Kanye West & Kim Kardashian Are Having ‘Best Sex of their Lives’: He’s So Attracted To Her,90,17,,gossipcop,hollywoodlife.com,academic_dataset,en,fake,factcheck,,,False,False,True,dataset,2026-08-14T14:21:36.854927+00:00
gossipcop-3111839896,Kylie Jenner slams 'altered' photos amid pregnancy rumors,57,8,,gossipcop,www.foxnews.com,academic_dataset,en,fake,factcheck,https://static.foxnews.com/foxnews.com/content/uploads/2018/09/kylie-kardashian-1280.jpg,data\images\gossipcop-3111839896.jpg,True,True,True,dataset,2026-08-14T14:21:36.855939+00:00
gossipcop-7894516039,Pictures of Selena Gomez Over the Years,39,7,,gossipcop,www.popsugar.com,academic_dataset,en,fake,factcheck,https://media1.popsugar-assets.com/files/thumbor/Daa2qA1mdZCFgWMKNq3H5TKg9Po=/0x0:1200x630/fit-in/1200x630/top/filters:format_auto():quality(85):upscale()/2020/07/02/914/n/1922398/b5c820cd5efe49fcb093b3.46404691_.jpg,data\images\gossipcop-7894516039.jpg,True,True,True,dataset,2026-08-14T14:21:36.856353+00:00
gossipcop-1914781905,Katy Perry & Orlando Bloom Reportedly ‘Back On’ After ‘Robsten’ Parties Together In LA,86,14,,gossipcop,hollywoodlife.com,academic_dataset,en,fake,factcheck,,,False,False,True,dataset,2026-08-14T14:21:36.856353+00:00
gossipcop-324494433,Ben Affleck & Jennifer Garner File For Divorce Amid Reconciliation Rumors,73,11,,gossipcop,www.huffingtonpost.com,academic_dataset,en,fake,factcheck,https://img.huffingtonpost.com/asset/58f0c35d2600004500c45b07.jpeg?cache=fnZr7zJFKi&ops=1200_630,data\images\gossipcop-324494433.jpg,True,True,True,dataset,2026-08-14T14:21:36.856941+00:00
gossipcop-3976443648,Josh Duhamel Gushes Over Jennifer Garner After Dating Rumors: ‘She’s An Incredible Woman’,89,13,,gossipcop,hollywoodlife.com,academic_dataset,en,fake,factcheck,,,False,False,True,dataset,2026-08-14T14:21:36.856941+00:00
gossipcop-9454452528,"HollywoodLife Flip-Flops On Prince Harry, Meghan Markle Engagement",66,8,,gossipcop,www.imdb.com,academic_dataset,en,fake,factcheck,,,False,False,True,dataset,2026-08-14T14:21:36.856941+00:00
gossipcop-1527288531,Anne Hathaway Angering ‘Barbie’ Movie Producers With Demands?,61,8,,gossipcop,www.imdb.com,academic_dataset,en,fake,factcheck,,,False,False,True,dataset,2026-08-14T14:21:36.856941+00:00
gossipcop-2190333050,Kris Jenner ‘Impressed’ By How Travis Scott Is Stepping Up & Taking Care Of Stormi & Kylie,90,17,,gossipcop,hollywoodlife.com,academic_dataset,en,fake,factcheck,,,False,False,True,dataset,2026-08-14T14:21:36.856941+00:00
gossipcop-3000021440,50 Celebrities React to Donald Trump's Immigration Order,56,8,,gossipcop,time.com,academic_dataset,en,fake,factcheck,https://static.time.com/v3/assets/bltea6093859af6183b/blt7fdd32c90524abae/6988b7dd0a4a2225d39ccc03/celebrities-respond-donald-trump-muslim-ban.jpg?branch=production&width=3840&quality=75&auto=webp&crop=16:9,data\images\gossipcop-3000021440.jpg,True,True,True,dataset,2026-08-14T14:21:36.856941+00:00
gossipcop-3196321022,Sean Spicer Emmys Moment: See Celebrity Reactions,49,7,,gossipcop,time.com,academic_dataset,en,fake,factcheck,https://static.time.com/v3/assets/bltea6093859af6183b/blt08a08f93b8ea50c0/6988de22e76ad2659b62f2fe/2017-emmy-awards-sean-spicer.jpg?branch=production&width=3840&quality=75&auto=webp&crop=16:9,data\images\gossipcop-3196321022.jpg,True,True,True,dataset,2026-08-14T14:21:36.857941+00:00
gossipcop-5051410001,"Kim Kardashian and Kanye West Not Victims of Swatting, LAPD Clarifies",69,11,,gossipcop,www.usmagazine.com,academic_dataset,en,fake,factcheck,https://www.usmagazine.com/wp-content/uploads/kim-kardashian-b960abd6-b2b0-4c11-bd3b-b689f14adb26.jpg?crop=0px%2C0px%2C2397px%2C1258px&resize=1200%2C630&quality=82&strip=all,data\images\gossipcop-5051410001.jpg,True,True,True,dataset,2026-08-14T14:21:36.857941+00:00
gossipcop-8107039710,"Biggest Engagement Rings Of 2017 — Cardi B, Caroline Wozniacki & More Celeb Diamond Bling",89,15,,gossipcop,hollywoodlife.com,academic_dataset,en,fake,factcheck,,,False,False,True,dataset,2026-08-14T14:21:36.857941+00:00
gossipcop-610873029,Anna Wintour Net Worth,22,4,,gossipcop,www.celebritynetworth.com,academic_dataset,en,fake,factcheck,,,False,False,True,dataset,2026-08-14T14:21:36.857941+00:00
gossipcop-4492802133,Did Miley Cyrus get mad at Liam Hemsworth for refusing to wear his promise ring?,80,15,,gossipcop,www.celebitchy.com,academic_dataset,en,fake,factcheck,,,False,False,True,dataset,2026-08-14T14:21:36.857941+00:00
gossipcop-9093067371,The Queen ‘absolutely FUMING’ over fake Prince Philip death rumours,67,10,,gossipcop,www.ok.co.uk,academic_dataset,en,fake,factcheck,,,False,False,True,dataset,2026-08-14T14:21:36.857941+00:00
gossipcop-4755663729,Justin Bieber RUINS Selena Gomez Reunion? – Kendall Jenner QUITS Modeling? (Rumor Patrol) & video,97,15,,gossipcop,tgbyn.cjws.win,academic_dataset,en,fake,factcheck,,,False,False,True,dataset,2026-08-14T14:21:36.857941+00:00
gossipcop-2405182303,Marry Me! Justin Bieber To Propose To Selena Over Christmas,59,10,,gossipcop,radaronline.com,academic_dataset,en,fake,factcheck,https://media.radaronline.com/brand-img/sP4AdF3n_/1200x628/2017/12/Justin-Bieber-Propose-To-Selena-Gomez-Christmas-pp.jpg,data\images\gossipcop-2405182303.jpg,True,True,True,dataset,2026-08-14T14:21:36.858941+00:00
gossipcop-829660617,Ryan Seacrest Relieved Kim Kardashian to Fill in For Kelly Ripa On Live!,72,13,,gossipcop,www.celebdirtylaundry.com,academic_dataset,en,fake,factcheck,https://www.celebdirtylaundry.com/wp-content/uploads/GettyImages-682787084-1.jpg,data\images\gossipcop-829660617.jpg,True,True,True,dataset,2026-08-14T14:21:36.858941+00:00
gossipcop-6283185000,Did Gwen Stefani Call Off Wedding To Blake Shelton Because Of 'Cheating'?,73,12,,gossipcop,www.metdaan.com,academic_dataset,en,fake,factcheck,,,False,False,True,dataset,2026-08-14T14:21:36.858941+00:00
gossipcop-8750519313,Tyga & Scott Disick Party All Night: Bonding After Being Dumped By Kardashians?,79,13,,gossipcop,hollywoodlife.com,academic_dataset,en,fake,factcheck,,,False,False,True,dataset,2026-08-14T14:21:36.858941+00:00
gossipcop-3175262640,Gwen Stefani Finding the Inspiration to have Another Baby from Janet Jackson!! Is the Story true? Find out what Gossip Cop has to say about it! – Married Biography,163,29,,gossipcop,marriedbiography.com,academic_dataset,en,fake,factcheck,,,False,False,True,dataset,2026-08-14T14:21:36.858941+00:00
gossipcop-2478967614,Craig Morgan Suing Life Jacket Maker Over Son’s Death,53,9,,gossipcop,blog.wenn.com,academic_dataset,en,fake,factcheck,,,False,False,True,dataset,2026-08-14T14:21:36.858941+00:00
gossipcop-882573,Teen Mom Star Jenelle Evans' Wedding Dress Is Available Here for $2999,70,12,,gossipcop,www.brides.com,academic_dataset,en,real,factcheck,,,False,False,True,dataset,2026-08-14T14:21:36.858941+00:00
gossipcop-875924,Kylie Jenner refusing to discuss Tyga on Life of Kylie,54,10,,gossipcop,www.dailymail.co.uk,academic_dataset,en,real,factcheck,https://i.dailymail.co.uk/i/pix/2017/07/05/21/4210E62900000578-0-image-a-17_1499288074641.jpg,data\images\gossipcop-875924.jpg,True,True,True,dataset,2026-08-14T14:21:36.859941+00:00
gossipcop-894416,Quinn Perkins,13,2,,gossipcop,en.wikipedia.org,academic_dataset,en,real,factcheck,,,False,False,True,dataset,2026-08-14T14:21:36.859941+00:00
gossipcop-857248,I Tried Kim Kardashian's Butt Workout & Am Forever Changed,58,10,,gossipcop,www.refinery29.com,academic_dataset,en,real,factcheck,"https://s1.r29static.com/bin/entry/0ae/0,675,2000,1050/x,80/1934453/image.jpg",data\images\gossipcop-857248.jpg,True,True,True,dataset,2026-08-14T14:21:36.859941+00:00
gossipcop-884684,Celine Dion donates concert proceeds to Vegas shooting victims,62,9,,gossipcop,www.cnn.com,academic_dataset,en,real,factcheck,,,False,False,True,dataset,2026-08-14T14:21:36.859941+00:00
gossipcop-899309,"Chris Evans, Millie Bobby Brown, Snoop Dogg and more stars Shower Bullied student Keaton Jones with support – Tech2",115,19,,gossipcop,tech2.org,academic_dataset,en,real,factcheck,,,False,False,True,dataset,2026-08-14T14:21:36.859941+00:00
gossipcop-848092,Handmaid's Tale Renewed for Season 3,36,6,,gossipcop,tvline.com,academic_dataset,en,real,factcheck,,,False,False,True,dataset,2026-08-14T14:21:36.859941+00:00
gossipcop-897293,A Complete Timeline of Selena Gomez and Justin Bieber's Relationship,68,10,,gossipcop,fashionmagazine.com,academic_dataset,en,real,factcheck,,,False,False,True,dataset,2026-08-14T14:21:36.859941+00:00
gossipcop-926957,When Will ‘Claws’ Season 2 Be On Hulu?,38,8,,gossipcop,decider.com,academic_dataset,en,real,factcheck,https://decider.com/wp-content/uploads/2018/06/claws.jpg?quality=75&strip=all&w=1200,data\images\gossipcop-926957.jpg,True,True,True,dataset,2026-08-14T14:21:36.860942+00:00
gossipcop-930832,Critics' Choice Awards - Critics' Choice Awards,47,7,,gossipcop,www.criticschoice.com,academic_dataset,en,real,factcheck,,,False,False,True,dataset,2026-08-14T14:21:36.860942+00:00
gossipcop-918456,"Bellamy Young Opens Up About Being Adopted, Her Real First Name and How She Almost Missed Out on Scandal",104,19,,gossipcop,people.com,academic_dataset,en,real,factcheck,,,False,False,True,dataset,2026-08-14T14:21:36.860942+00:00
gossipcop-912950,Find Out Which of The Real Housewives of Orange County Won't Be Returning,73,13,,gossipcop,www.bravotv.com,academic_dataset,en,real,factcheck,https://www.bravotv.com/sites/bravo/files/field_blog_image/2018/02/dish-020918-rhoc-departure-01.jpg,data\images\gossipcop-912950.jpg,True,True,True,dataset,2026-08-14T14:21:36.860942+00:00
gossipcop-857846,The Bachelorette Rachel Lindsay's Dog Copper and What Happened to His Leg,73,12,,gossipcop,people.com,academic_dataset,en,real,factcheck,,,False,False,True,dataset,2026-08-14T14:21:36.860942+00:00
gossipcop-870658,"Ben Affleck Is 'Enjoying His Summer' with Lindsay Shookus as They Vacation in Maine, Says Source",96,16,,gossipcop,people.com,academic_dataset,en,real,factcheck,,,False,False,True,dataset,2026-08-14T14:21:36.860942+00:00
gossipcop-940977,"Becca Tilley Is the 5th Wheel Among 2 Bachelor Couples at Wango Tango: ""This Is Fun""",84,16,,gossipcop,theworldnews.net,academic_dataset,en,real,factcheck,,,False,False,True,dataset,2026-08-14T14:21:36.860942+00:00
gossipcop-858032,Alexa Chung Says You Must Own This 1 Piece From Her Latest Collection,69,13,,gossipcop,medium.com,academic_dataset,en,real,factcheck,,,False,False,True,dataset,2026-08-14T14:21:36.860942+00:00
gossipcop-915349,Rihanna Rings In Her 30th Birthday With Toni Braxton And Paris Hilton,69,12,,gossipcop,www.vibe.com,academic_dataset,en,real,factcheck,https://www.vibe.com/wp-content/uploads/2018/02/rihanna-birthday-1519331475.jpg?w=1024,data\images\gossipcop-915349.jpg,True,True,True,dataset,2026-08-14T14:21:36.861942+00:00
gossipcop-887233,Ed Sheeran says he broke his arm in bike accident,49,10,,gossipcop,www.cbsnews.com,academic_dataset,en,real,factcheck,https://assets3.cbsnewsstatic.com/hub/i/r/2017/03/13/6ad26c55-1d2e-4af8-815a-33cc557a9233/thumbnail/1200x630g2/cbd7aa90ebab0cedbdcd1a3aba8a9b16/gettyimages-648418264.jpg,data\images\gossipcop-887233.jpg,True,True,True,dataset,2026-08-14T14:21:36.861942+00:00
gossipcop-890284,The childhood hell of ‘The Lost Boys’,37,7,,gossipcop,nypost.com,academic_dataset,en,real,factcheck,https://nypost.com/wp-content/uploads/sites/2/2013/10/feldman.jpg?quality=75&strip=all&w=1200,data\images\gossipcop-890284.jpg,True,True,True,dataset,2026-08-14T14:21:36.863375+00:00
gossipcop-877019,Disneyland Paris Apologizes for Banning Little Boy From 'Princess for a Day' Experience,87,13,,gossipcop,www.nbcnews.com,academic_dataset,en,real,factcheck,"https://media-cldnry.s-nbcnews.com/image/upload/t_nbcnews-fp-1200-630,f_auto,q_auto:best/newscms/2017_35/2138391/170830-noah-disney-ac-619p.JPG",data\images\gossipcop-877019.jpg,True,True,True,dataset,2026-08-14T14:21:36.864379+00:00
gossipcop-930658,"Katy Perry, Her ‘Darling’ Orlando Bloom Meet Pope Francis",57,9,,gossipcop,www.usmagazine.com,academic_dataset,en,real,factcheck,https://www.usmagazine.com/wp-content/uploads/2018/04/katy-perry-orlando-bloom-pope-francis-vatican-city.jpg?crop=0px%2C23px%2C2000px%2C1051px&resize=1200%2C630&quality=82&strip=all,data\images\gossipcop-930658.jpg,True,True,True,dataset,2026-08-14T14:21:36.864894+00:00
gossipcop-918032,Amber Tamblyn Says She's 'Very Shaken' After a Car Tried to 'Hit' Her and Her Baby in N.Y.C.,92,18,,gossipcop,people.com,academic_dataset,en,real,factcheck,,,False,False,True,dataset,2026-08-14T14:21:36.864894+00:00
gossipcop-896517,Gotham Awards 2017: Complete Winners List,41,6,,gossipcop,www.indiewire.com,academic_dataset,en,real,factcheck,https://www.indiewire.com/wp-content/uploads/2017/09/call-me-by-your-name.jpg?w=650,data\images\gossipcop-896517.jpg,True,True,True,dataset,2026-08-14T14:21:36.864894+00:00
gossipcop-860892,TV Scoop Awards 2018: Vote for Your Favorite Breakout Stars,59,10,,gossipcop,theworldnews.net,academic_dataset,en,real,factcheck,,,False,False,True,dataset,2026-08-14T14:21:36.864894+00:00
gossipcop-925984,John Krasinski Jokes He Stalked Emily Blunt and Reiterates Devil Wears Prada Love,81,13,,gossipcop,www.w3livenews.com,academic_dataset,en,real,factcheck,,,False,False,True,dataset,2026-08-14T14:21:36.864894+00:00
gossipcop-911983,Celebritymaximum.com,20,1,,gossipcop,celebritymaximum.com,academic_dataset,en,real,factcheck,,,False,False,True,dataset,2026-08-14T14:21:36.864894+00:00
gossipcop-858664,Sean Penn did not Punch somebody and gets Rewarded!,51,9,,gossipcop,thepoliticsforums.com,academic_dataset,en,real,factcheck,,,False,False,True,dataset,2026-08-14T14:21:36.864894+00:00
gossipcop-893257,Khloe Kardashian Claps Back at a Fan Accusing Her of Photoshopping a Picture on Insta,85,15,,gossipcop,www.cosmopolitan.com,academic_dataset,en,real,factcheck,,,False,False,True,dataset,2026-08-14T14:21:36.864894+00:00
gossipcop-850409,Everything You Need to Know About Kate Hudson's Boyfriend Danny Fujikawa,72,11,,gossipcop,www.harpersbazaar.com,academic_dataset,en,real,factcheck,"https://hips.hearstapps.com/hmg-prod/images/gettyimages-1514750221-674627d5b22e8.jpg?crop=1.00xw:0.753xh;0,0.0576xh&resize=1200:*",data\images\gossipcop-850409.jpg,True,True,True,dataset,2026-08-14T14:21:36.866047+00:00
gossipcop-942876,The Goldbergs Actor Jackson Odell Died of an Accidental Drug Overdose,69,11,,gossipcop,people.com,academic_dataset,en,real,factcheck,,,False,False,True,dataset,2026-08-14T14:21:36.866047+00:00
gossipcop-872759,Janet Jackson Is In Good Spirits As She Prepares To Resume Tour As A Single Mom,79,16,,gossipcop,tlcnaptown.com,academic_dataset,en,real,factcheck,"https://wtlcfm.com/wp-content/uploads/sites/68/2015/10/136647378-e1462799968609.jpg?quality=80&strip=all&w=1680&crop=0,0,100,960px",data\images\gossipcop-872759.jpg,True,True,True,dataset,2026-08-14T14:21:36.866047+00:00
gossipcop-884026,Jim Carrey lawsuit: Unearthed note from ex-girlfriend makes shocking claims,75,10,,gossipcop,globalnews.ca,academic_dataset,en,real,factcheck,https://globalnews.ca/wp-content/uploads/2016/07/jim-carrey-cathriona-white.jpg?quality=65&strip=all&w=667&h=379&crop=1,data\images\gossipcop-884026.jpg,True,True,True,dataset,2026-08-14T14:21:36.867072+00:00
gossipcop-950749,Here's What Lindsay Lohan's ‘Parent Trap' Body Double Looks Like!,65,10,,gossipcop,www.zmonline.com,academic_dataset,en,real,factcheck,,,False,False,True,dataset,2026-08-14T14:21:36.867072+00:00
gossipcop-860866,"Prepare to See Joe Alwyn in, Well, Everything",45,8,,gossipcop,www.esquire.com,academic_dataset,en,real,factcheck,"https://hips.hearstapps.com/hmg-prod/images/esq120118joealwin006-1544030316.jpg?crop=1.00xw:0.381xh;0,0.192xh&resize=1200:*",data\images\gossipcop-860866.jpg,True,True,True,dataset,2026-08-14T14:21:36.867072+00:00
gossipcop-881554,Trump Says He Was ‘Saddened’ by ‘Worst Ever’ Emmy Ratings,57,10,,gossipcop,variety.com,academic_dataset,en,real,factcheck,https://variety.com/wp-content/uploads/2017/09/trump-2.jpg?w=1000&h=563&crop=1,data\images\gossipcop-881554.jpg,True,True,True,dataset,2026-08-14T14:21:36.868098+00:00
gossipcop-880486,"Prince Charles’ transition to king might already be in the works, and here’s what we know",89,16,,gossipcop,hellogiggles.com,academic_dataset,en,real,factcheck,,,False,False,True,dataset,2026-08-14T14:21:36.868098+00:00
gossipcop-897431,Colin Jost,10,2,,gossipcop,en.wikipedia.org,academic_dataset,en,real,factcheck,,,False,False,True,dataset,2026-08-14T14:21:36.868098+00:00
gossipcop-852198,"Inside Melania Trump’s complicated White House life: Separate schedule, different priorities",92,11,,gossipcop,www.washingtonpost.com,academic_dataset,en,real,factcheck,,,False,False,True,dataset,2026-08-14T14:21:36.868098+00:00
gossipcop-908254,Maisie Williams Will Be a Bridesmaid at Sophie Turner and Joe Jonas’s Wedding,77,13,,gossipcop,www.vogue.com,academic_dataset,en,real,factcheck,"https://assets.vogue.com/photos/5a6746d56cdef03417e8312b/16:9/w_1280,c_limit/00-social-image-maisie-williams-bridesmaid-sophie-turner-wedding.jpg",data\images\gossipcop-908254.jpg,True,True,True,dataset,2026-08-14T14:21:36.868098+00:00
gossipcop-889739,What They Watch: The TV Diaries of Chicago Med Star Torrey Devitto,66,12,,gossipcop,article.wn.com,academic_dataset,en,real,factcheck,,,False,False,True,dataset,2026-08-14T14:21:36.868098+00:00
gossipcop-911379,Married at First Sight star who had sex 'too early' is now having a baby,72,15,,gossipcop,www.dailymail.co.uk,academic_dataset,en,real,factcheck,https://i.dailymail.co.uk/i/newpix/2018/04/25/20/4B8CF1DD00000578-0-image-a-53_1524682923881.jpg,data\images\gossipcop-911379.jpg,True,True,True,dataset,2026-08-14T14:21:36.869105+00:00
gossipcop-845913,Nicolette Robinson,18,2,,gossipcop,en.wikipedia.org,academic_dataset,en,real,factcheck,,,False,False,True,dataset,2026-08-14T14:21:36.869105+00:00
gossipcop-933029,42 last-minute Mother's Day gifts that she'll actually love,59,9,,gossipcop,www.today.com,academic_dataset,en,real,factcheck,"https://media-cldnry.s-nbcnews.com/image/upload/t_social_share_1200x630_center,f_auto,q_auto:best/newscms/2023_18/1989764/230501-mothers-day-vl-2x1.jpg",data\images\gossipcop-933029.jpg,True,True,True,dataset,2026-08-14T14:21:36.869105+00:00
gossipcop-939721,Botched Patient Ottavio Wants the Doctors to Give Him the Ultimate Pop Star Look on Botched,91,16,,gossipcop,wstale.com,academic_dataset,en,real,factcheck,,,False,False,True,dataset,2026-08-14T14:21:36.869105+00:00
gossipcop-848402,"'Real Housewives' Star Jokingly Offers Oral Sex From Daughter to Meet John Legend, Chrissy Teigen Responds",106,16,,gossipcop,www.complex.com,academic_dataset,en,real,factcheck,,,False,False,True,dataset,2026-08-14T14:21:36.869105+00:00
gossipcop-955009,Michael Buble and Wife Luisana Lopilato Welcome Baby No 3,57,10,,gossipcop,www.usmagazine.com,academic_dataset,en,real,factcheck,https://www.usmagazine.com/wp-content/uploads/2018/06/Michael-Buble-and-Luisana-Lopilato-gives-birth.jpg?crop=0px%2C0px%2C1717px%2C902px&resize=1200%2C630&quality=40&strip=all,data\images\gossipcop-955009.jpg,True,True,True,dataset,2026-08-14T14:21:36.870117+00:00
gossipcop-897603,Selena Gomez Is Going To Keep Her Blonde Hair,45,9,,gossipcop,www.teenvogue.com,academic_dataset,en,real,factcheck,,,False,False,True,dataset,2026-08-14T14:21:36.870117+00:00
gossipcop-908402,Netflix's New Releases Coming in February 2018,46,7,,gossipcop,www.hollywoodreporter.com,academic_dataset,en,real,factcheck,https://www.hollywoodreporter.com/wp-content/uploads/2018/01/seeing_allred_mute_and_my_guest_needs_no_introduction_still_-_split_-_publicity_-_h_2018.jpg?w=1296&h=730&crop=1,data\images\gossipcop-908402.jpg,True,True,True,dataset,2026-08-14T14:21:36.870117+00:00
gossipcop-862967,"Halsey Calls Iggy Azalea a ""F--king Moron"" and Calls Quavo ""Misunderstood""",74,11,,gossipcop,rarolae.com,academic_dataset,en,real,factcheck,,,False,False,True,dataset,2026-08-14T14:21:36.870117+00:00
gossipcop-886127,Delilah Opens Up About Son's Suicide and Heartbreaking Goodbye Note,67,10,,gossipcop,people.com,academic_dataset,en,real,factcheck,,,False,False,True,dataset,2026-08-14T14:21:36.870117+00:00
gossipcop-914861,The Bachelorette Recap: Hometown Heartbreak – TrashTalkTV,57,7,,gossipcop,www.trashtalktv.com,academic_dataset,en,real,factcheck,,,False,False,True,dataset,2026-08-14T14:21:36.870117+00:00
gossipcop-889953,Linkin Park and Friends: Celebrate Life in Honor of Chester Bennington,70,11,,gossipcop,en.wikipedia.org,academic_dataset,en,real,factcheck,,,False,False,True,dataset,2026-08-14T14:21:36.870117+00:00
gossipcop-891190,How Ashton Kutcher Encouraged Mila Kunis to Tackle the Business of Hollywood,76,12,,gossipcop,notatkigeeka.pl,academic_dataset,en,real,factcheck,,,False,False,True,dataset,2026-08-14T14:21:36.870117+00:00
gossipcop-881302,Tamra Judge Claps Back at Those Eddie Judge Gay Rumors,54,10,,gossipcop,www.bravotv.com,academic_dataset,en,real,factcheck,https://www.bravotv.com/sites/bravo/files/field_blog_image/2017/09/dish-091217-tamra-eddie-rumors.jpg,data\images\gossipcop-881302.jpg,True,True,True,dataset,2026-08-14T14:21:36.871119+00:00
gossipcop-884442,US late night TV hosts call for gun control after Las Vegas shooting,68,13,,gossipcop,www.stuff.co.nz,academic_dataset,en,real,factcheck,https://www.stuff.co.nz/media/images/9Tzi8ywRz924XE3uHaD6DfGZQfjEdZd7oKlsiR53VLHvSZExpMzuRmKdwHbkL9PkIztWBD3xo+GDVRqD5lBl5qxfZft9Pet%2FTRql9xTvnbo6iPwNyJMUqCZL2jQq69Q7cdYeR0C%2FVLYQ8VgBo8EM8GhzDqoaGrcEThPDnHpCTmB4awQmWOjSTxcpnKjy7z2R,data\images\gossipcop-884442.jpg,True,True,True,dataset,2026-08-14T14:21:36.871119+00:00
gossipcop-873029,How to Wear Yoga Pants,22,5,,gossipcop,www.thefashionspot.com,academic_dataset,en,real,factcheck,,,False,False,True,dataset,2026-08-14T14:21:36.871119+00:00
gossipcop-908630,Bruno Mars Gives Longtime Girlfriend a Shoutout at Grammys,58,9,,gossipcop,onairwithryan.iheart.com,academic_dataset,en,real,factcheck,"https://i.iheart.com/v3/re/new_assets/5a6f4c987239514a3a6b6741?ops=gravity(%22north%22),fit(1200,675),quality(65)",data\images\gossipcop-908630.jpg,True,True,True,dataset,2026-08-14T14:21:36.872258+00:00
gossipcop-907678,Darren Criss Is Engaged! Actor Proposes to Girlfriend Mia Swier After 7 Years of Dating,87,15,,gossipcop,people.com,academic_dataset,en,real,factcheck,,,False,False,True,dataset,2026-08-14T14:21:36.872258+00:00
gossipcop-936903,Miranda Kerr Swears by this Cheap Beauty Tool She Bought on Amazon,66,12,,gossipcop,www.instyle.com,academic_dataset,en,real,factcheck,,,False,False,True,dataset,2026-08-14T14:21:36.872258+00:00
gossipcop-925528,Service Dogs Spent the Best Day Ever at Disneyland,50,9,,gossipcop,time.com,academic_dataset,en,real,factcheck,https://static.time.com/v3/assets/bltea6093859af6183b/bltd1ae6888bdf1cbf1/69892cec7cdbac748ed5c82c/service-dogs-disneyland.jpg?branch=production&width=1080&quality=75&auto=webp&crop=16:9,data\images\gossipcop-925528.jpg,True,True,True,dataset,2026-08-14T14:21:36.872258+00:00
630a89b2-ff1a-469b-8a52-eec57b17f02e,Réchauffement climatique : «Paris pourrait devenir inhabitable si on ne transforme pas la ville en profondeur - Libération,122,18,"Thu, 13 Aug 2026 15:15:00 GMT",Libération,www.liberation.fr,aggregator,fr,unlabeled,none,,,False,False,True,rss,2026-08-14T14:21:36.872258+00:00
5be741d1-c813-48e5-9abf-96cd7a2e9bbf,L’administration Trump annule un rapport sur l’Arctique et s’attaque une nouvelle fois à la recherche sur le climat - Ouest-France,130,20,"Thu, 13 Aug 2026 12:30:40 GMT",Ouest-France,www.ouest-france.fr,aggregator,fr,unlabeled,none,,,False,False,True,rss,2026-08-14T14:21:36.873406+00:00
d8bdc99c-16a8-48f4-b76d-c54ebda983e0,"En annulant un rapport sur l’Arctique, l’administration Trump s’attaque encore à la science du climat - Libération",114,17,"Thu, 13 Aug 2026 08:19:00 GMT",Libération,www.liberation.fr,aggregator,fr,unlabeled,none,,,False,False,True,rss,2026-08-14T14:21:36.873406+00:00
c3d7b4e2-4afc-435b-a9f6-4a52d996037c,La Maison-Blanche multiplie les attaques contre la recherche sur le climat - 20 Minutes,87,14,"Thu, 13 Aug 2026 06:52:00 GMT",20 Minutes,www.20minutes.fr,aggregator,fr,unlabeled,none,,,False,False,True,rss,2026-08-14T14:21:36.873406+00:00
c13f21b7-e79e-40a2-b99d-6c9b90a6c0fb,"En direct Climat Incendies et canicule : l'Europe brûle, un retour de la chaleur à partir du 19 août ? - Le Dauphiné Libéré En direct Climat Incendies et canicule : l'Europe brûle, un retour de la chaleur à partir du 19 août ? Le Dauphiné Libéré",245,47,"Fri, 14 Aug 2026 12:22:30 GMT",Le Dauphiné Libéré,www.ledauphine.com,aggregator,fr,unlabeled,none,,,False,False,True,rss,2026-08-14T14:21:36.873406+00:00
fa9a7ac8-dfea-49f9-a1e6-64f3d9007f42,"Face à la canicule et au réchauffement climatique, Arc Sud Bretagne aide à repenser son logement - Ouest-France",111,18,"Fri, 14 Aug 2026 12:28:27 GMT",Ouest-France,www.ouest-france.fr,aggregator,fr,unlabeled,none,,,False,False,True,rss,2026-08-14T14:21:36.873406+00:00
649e3c70-645e-4f82-b383-66ffb8f3f510,"DIRECT Canicule : plus de 32°C dans le Sud-Ouest, des orages attendus localement en fin d’après-midi - Sud Ouest DIRECT Canicule : plus de 32°C dans le Sud-Ouest, des orages attendus localement en fin d’après-midi Sud Ouest",223,37,"Fri, 14 Aug 2026 11:42:45 GMT",Sud Ouest,www.sudouest.fr,aggregator,fr,unlabeled,none,,,False,False,True,rss,2026-08-14T14:21:36.874406+00:00
f5436d31-ad8c-445e-9a0b-6c64db1e2023,Journal Météo climat en replay - Journal Météo Climat - France TV,65,12,"Fri, 14 Aug 2026 11:54:34 GMT",France TV,www.france.tv,aggregator,fr,unlabeled,none,,,False,False,True,rss,2026-08-14T14:21:36.874406+00:00
84d3031c-b2b4-4352-8013-e90de0f02982,"C’est une ville de demain pensée hier» : La Grande-Motte, station balnéaire modèle face au réchauffement climatique - vert.eco",126,19,"Fri, 14 Aug 2026 04:00:00 GMT",vert.eco,vert.eco,aggregator,fr,unlabeled,none,,,False,False,True,rss,2026-08-14T14:21:36.874406+00:00
63b28f35-d12f-47dc-bcd0-140c9ebc1b19,"Climat, canicules, sécheresse : la sécurité et la souveraineté alimentaires sont en jeu - L'Humanité",100,15,"Thu, 13 Aug 2026 15:54:54 GMT",L'Humanité,www.humanite.fr,aggregator,fr,unlabeled,none,,,False,False,True,rss,2026-08-14T14:21:36.874910+00:00
97928c8a-506d-4c9d-8933-a6d9193ab310,La facture colossale du changement climatique - Les Echos,57,9,"Thu, 13 Aug 2026 15:29:22 GMT",Les Echos,www.lesechos.fr,aggregator,fr,unlabeled,none,,,False,False,True,rss,2026-08-14T14:21:36.874910+00:00
83d9932d-fe9f-46c0-a517-17a3fca9e079,"« Les réponses d’adaptation au changement climatique identifiées par la recherche scientifique ne sont pas miraculeuses, mais elles fonctionnent » - Le Monde.fr",160,23,"Thu, 13 Aug 2026 15:00:02 GMT",Le Monde.fr,www.lemonde.fr,aggregator,fr,unlabeled,none,,,False,False,True,rss,2026-08-14T14:21:36.874910+00:00
ee2a0dfa-aa2c-4641-b0b3-38f47c1aa532,"""Définir une stratégie et passer en mode commando climat"" pour la prévention et la pérennité du vignoble français face aux aléas - Vitisphere",141,23,"Fri, 14 Aug 2026 04:00:00 GMT",Vitisphere,www.vitisphere.com,aggregator,fr,unlabeled,none,,,False,False,True,rss,2026-08-14T14:21:36.874910+00:00
d714b12f-499a-4a92-a494-136ca111d00d,"""Myopie"" et ""déni"", les marchés boursiers ignorent le réchauffement climatique - Boursorama",91,12,"Fri, 14 Aug 2026 10:07:45 GMT",Boursorama,www.boursorama.com,aggregator,fr,unlabeled,none,,,False,False,True,rss,2026-08-14T14:21:36.874910+00:00
70c9f1fe-398f-45f6-ad89-fa48b4657130,"Canicule, incendies : les propositions de la CGT face au dérèglement climatique - CGT",85,14,"Fri, 14 Aug 2026 12:51:25 GMT",CGT,www.cgt.fr,aggregator,fr,unlabeled,none,,,False,False,True,rss,2026-08-14T14:21:36.874910+00:00
b1f062f5-3e52-4d67-b905-06dde6b3208c,Pourquoi la Californie reste une référence en matière de climat - TIME France,77,13,"Fri, 14 Aug 2026 08:00:39 GMT",TIME France,www.timefrance.fr,aggregator,fr,unlabeled,none,,,False,False,True,rss,2026-08-14T14:21:36.874910+00:00
3e391ee4-c805-4890-94dc-7b7010e9e3c2,Taxation des profits des industries fossiles : Un moyen équitable pour financer la transition écologique - Réseau Action Climat,127,19,"Fri, 14 Aug 2026 13:31:41 GMT",Réseau Action Climat,reseauactionclimat.org,aggregator,fr,unlabeled,none,,,False,False,True,rss,2026-08-14T14:21:36.876426+00:00
5ee8e832-8d19-4f92-8529-d2d3da97d354,"""Climat 2100"" : un ingénieur clermontois lance un simulateur pour tester l'avenir de la planète - France 3 Régions",114,19,"Tue, 11 Aug 2026 15:45:01 GMT",France 3 Régions,france3-regions.franceinfo.fr,aggregator,fr,unlabeled,none,,,False,False,True,rss,2026-08-14T14:21:36.876426+00:00
5cf059a0-8a06-4865-ab66-45841c503287,"Nancy-MHSC ""Montpellier revanchard"", ""climat hostile"" et ""gestion des côtés"" : les clés du match selon Benjamin Psaume - Midi Libre Nancy-MHSC ""Montpellier revanchard"", ""climat hostile"" et ""gestion des côtés"" : les clés du match selon Benjamin Psaume Midi Libre",261,39,"Fri, 14 Aug 2026 07:34:00 GMT",Midi Libre,www.midilibre.fr,aggregator,fr,unlabeled,none,,,False,False,True,rss,2026-08-14T14:21:36.876426+00:00
c5693047-e62d-4c49-9525-e2152007c03b,"En Bourgogne, Cap-2050 teste de nouvelles pistes face au climat plus c .. - La Gazette France En Bourgogne, Cap-2050 teste de nouvelles pistes face au climat plus c .. La Gazette France",185,33,"Thu, 13 Aug 2026 18:16:14 GMT",La Gazette France,www.lagazettefrance.fr,aggregator,fr,unlabeled,none,,,False,False,True,rss,2026-08-14T14:21:36.876426+00:00
d37e6be5-2c25-4bc7-aea4-eb52bf9b5215,Le phénomène El Niño s'intensifie : quelles conséquences à l’échelle planétaire ? - meteofrance.com,99,14,"Tue, 11 Aug 2026 07:00:00 GMT",meteofrance.com,meteofrance.com,aggregator,fr,unlabeled,none,,,False,False,True,rss,2026-08-14T14:21:36.877442+00:00
a858d2d2-55cc-4744-be9e-a4ca982339dc,"Canicule : les orages prévus ce weekend vont-ils être violents ? - Reporterre, le média de l'écologie",101,17,"Fri, 14 Aug 2026 11:11:00 GMT","Reporterre, le média de l'écologie",reporterre.net,aggregator,fr,unlabeled,none,,,False,False,True,rss,2026-08-14T14:21:36.877442+00:00
dfa3cf24-754e-43c2-a948-143633163345,« Nous n'avons pas connu un tel climat de notre vivant » : l'été 2026 bat des records absolus de chaleur en Europe - Les Echos,126,26,"Mon, 10 Aug 2026 05:42:58 GMT",Les Echos,www.lesechos.fr,aggregator,fr,unlabeled,none,,,False,False,True,rss,2026-08-14T14:21:36.877442+00:00
d697d3a8-fd99-4e4c-bda4-e6e7399144e6,"Climat : juillet parmi les plus chauds jamais enregistrés, des records sur plusieurs continents - UN News",105,17,"Tue, 11 Aug 2026 15:10:45 GMT",UN News,news.un.org,aggregator,fr,unlabeled,none,,,False,False,True,rss,2026-08-14T14:21:36.878610+00:00
ee96b4eb-21ac-45ed-b0bf-e1311bdf0622,"Climat : mois de juillet le plus chaud de l'histoire en France, océans en surchauffe.. ce qu'il faut retenir du dernier bilan de Copernicus - Touteleurope.eu Climat : mois de juillet le plus chaud de l'histoire en France, océans en surchauffe.. ce qu'il faut retenir du dernier bilan de Copernicus Touteleurope.eu",313,51,"Mon, 10 Aug 2026 07:40:11 GMT",Touteleurope.eu,www.touteleurope.eu,aggregator,fr,unlabeled,none,,,False,False,True,rss,2026-08-14T14:21:36.878610+00:00
5c1f03ea-0fa1-4dd0-b16a-5e2251e0eaa9,« Un bon horticulteur doit maîtriser le climat » - Département de la Seine-Maritime,83,14,"Tue, 11 Aug 2026 07:17:29 GMT",Département de la Seine-Maritime,www.seinemaritime.fr,aggregator,fr,unlabeled,none,,,False,False,True,rss,2026-08-14T14:21:36.880116+00:00
ca55e753-8e1a-403f-8cce-d00bf79a114f,"Le phénomène El Niño de 2026 pourrait être le plus intense de l'histoire, selon l'agence américaine du climat - franceinfo",122,20,"Fri, 14 Aug 2026 13:18:07 GMT",franceinfo,www.franceinfo.fr,aggregator,fr,unlabeled,none,,,False,False,True,rss,2026-08-14T14:21:36.880116+00:00
fb8e8898-16d1-4ada-806d-e89f5b936d38,"Chaos climatique : le choc de l’été 2026 nous mène-t-il vers un « monde d’après » ? - Reporterre, le média de l'écologie",120,23,"Mon, 10 Aug 2026 10:08:00 GMT","Reporterre, le média de l'écologie",reporterre.net,aggregator,fr,unlabeled,none,,,False,False,True,rss,2026-08-14T14:21:36.880116+00:00
a1c65162-6450-4c98-bf90-b14a9eabe7dd,"Champs, serres ou fermes verticales : quelle agriculture demain ? - Atlantico",77,12,"Fri, 14 Aug 2026 10:21:04 GMT",Atlantico,atlantico.fr,aggregator,fr,unlabeled,none,,,False,False,True,rss,2026-08-14T14:21:36.880116+00:00
16871576-abef-48c9-b448-ec7e3a0e73ec,"Réchauffement climatique : avec 20,96 °C en moyenne, les océans franchissent un nouveau record de chaleur pour un mois de juillet - Libération",142,23,"Mon, 10 Aug 2026 02:00:00 GMT",Libération,www.liberation.fr,aggregator,fr,unlabeled,none,,,False,False,True,rss,2026-08-14T14:21:36.881154+00:00
47628e7a-76eb-4fe3-b877-6ad6b30a45ab,Sécheresse : le gouvernement envisage des prêts garantis pour les agriculteurs - L'Info Durable,95,14,"Fri, 14 Aug 2026 08:45:09 GMT",L'Info Durable,www.linfodurable.fr,aggregator,fr,unlabeled,none,,,False,False,True,rss,2026-08-14T14:21:36.881154+00:00
2bfdcd03-52fc-4c18-a95c-ae2604b8719c,Échanges avec des mineures et climat toxique: l’animateur français et vedette de YouTube Guillaume Pley dans la tourmente - Le Sac de chips,139,23,"Thu, 13 Aug 2026 14:22:26 GMT",Le Sac de chips,www.lesacdechips.com,aggregator,fr,unlabeled,none,,,False,False,True,rss,2026-08-14T14:21:36.881154+00:00
1263b61e-fd71-4345-9f46-5e550884296e,Climat : ces cinq conséquences effrayantes du réchauffement des océans - Les Echos,82,13,"Tue, 11 Aug 2026 05:10:08 GMT",Les Echos,www.lesechos.fr,aggregator,fr,unlabeled,none,,,False,False,True,rss,2026-08-14T14:21:36.882177+00:00
c9ab4f81-8c68-46a9-b509-38de296563fd,Le Liban échappera-t-il aux canicules qui frappent l’Europe cet été ? - L'Orient-Le Jour,88,14,"Fri, 14 Aug 2026 06:46:38 GMT",L'Orient-Le Jour,www.lorientlejour.com,aggregator,fr,unlabeled,none,,,False,False,True,rss,2026-08-14T14:21:36.882177+00:00
93d25eee-ca3e-4f71-9fe4-7e9d5cf66de5,"Dans les copropriétés, la vague de chantiers d’adaptation au changement climatique n’interviendra pas avant 2029 - Le Moniteur",126,18,"Fri, 14 Aug 2026 09:37:26 GMT",Le Moniteur,www.lemoniteur.fr,aggregator,fr,unlabeled,none,,,False,False,True,rss,2026-08-14T14:21:36.882177+00:00
48bc0368-7ee1-4aa8-b6c7-5db6fa9deafc,Le climat aura-t-il la peau de la banane ? - franceinfo,55,11,"Wed, 12 Aug 2026 18:00:02 GMT",franceinfo,www.franceinfo.fr,aggregator,fr,unlabeled,none,,,False,False,True,rss,2026-08-14T14:21:36.882177+00:00
bb921baf-f00d-400b-86c8-fe0e2aff3d5f,La Fresque du climat placée en procédure de sauvegarde - Le Monde.fr,68,12,"Thu, 06 Aug 2026 07:00:00 GMT",Le Monde.fr,www.lemonde.fr,aggregator,fr,unlabeled,none,,,False,False,True,rss,2026-08-14T14:21:36.882177+00:00
fe0eb079-7ed5-41ca-8c30-f66879981216,Climat : La CEDEAO veut mobiliser 294 milliards USD grâce au marché du carbone - Sika Finance,93,17,"Fri, 14 Aug 2026 08:24:18 GMT",Sika Finance,www.sikafinance.com,aggregator,fr,unlabeled,none,,,False,False,True,rss,2026-08-14T14:21:36.882177+00:00
9725aa07-8982-4949-8041-3355b3548d9b,Deux propositions de loi pour adapter les forêts au climat - paysansdelaloire.fr,80,12,"Thu, 13 Aug 2026 05:04:17 GMT",paysansdelaloire.fr,www.paysansdelaloire.fr,aggregator,fr,unlabeled,none,,,False,False,True,rss,2026-08-14T14:21:36.883176+00:00
bc418f2f-5374-4f8b-9f9d-9d716e33c4b7,Révision du marché carbone européen - Réseau Action Climat,58,9,"Tue, 11 Aug 2026 16:56:41 GMT",Réseau Action Climat,reseauactionclimat.org,aggregator,fr,unlabeled,none,,,False,False,True,rss,2026-08-14T14:21:36.883176+00:00
18b0e1aa-a9be-48c3-a5e2-73140a664e4c,Pourquoi les canicules se répètent-elles en France ? Les questions suscitées par une succession inédite de vagues de chaleur - Le Monde.fr,138,22,"Fri, 14 Aug 2026 03:30:24 GMT",Le Monde.fr,www.lemonde.fr,aggregator,fr,unlabeled,none,,,False,False,True,rss,2026-08-14T14:21:36.883176+00:00
9136bf51-9037-4a70-a90d-1b49fc740459,Marché carbone européen : les propositions du Réseau Action Climat pour réussir la transition de l’industrie - Réseau Action Climat,131,20,"Tue, 11 Aug 2026 16:56:41 GMT",Réseau Action Climat,reseauactionclimat.org,aggregator,fr,unlabeled,none,,,False,False,True,rss,2026-08-14T14:21:36.884178+00:00
ffb423e5-a9a2-4796-9d1b-5b017e55441e,"25 ans, une bascule : en 2015, le monde faisait une promesse historique pour le climat.. qu’en reste-t-il ? - Futura, le média qui explore le monde 25 ans, une bascule : en 2015, le monde faisait une promesse historique pour le climat.. qu’en reste-t-il ? Futura, le média qui explore le monde",293,53,"Tue, 11 Aug 2026 17:01:00 GMT","Futura, le média qui explore le monde",www.futura-sciences.com,aggregator,fr,unlabeled,none,,,False,False,True,rss,2026-08-14T14:21:36.884178+00:00
a8979c9d-c6ea-45da-849a-e15afca80f0d,"Canicule : 80 départements en vigilance orange jeudi en France, où la pollution et la sécheresse ne cessent de s’aggraver - Libération",134,22,"Wed, 12 Aug 2026 15:58:00 GMT",Libération,www.liberation.fr,aggregator,fr,unlabeled,none,,,False,False,True,rss,2026-08-14T14:21:36.885325+00:00
6e29e96a-e464-44a6-96f1-ff5b0c45c0cb,Climat : l'urgence de l'adaptation - Les Echos,46,8,"Mon, 10 Aug 2026 13:50:38 GMT",Les Echos,www.lesechos.fr,aggregator,fr,unlabeled,none,,,False,False,True,rss,2026-08-14T14:21:36.885325+00:00
bb7d4da9-159b-423e-a82e-435c0a3748f8,"CLIMAT : DES INSTALLATIONS SOUS CONTRAINTES, DES AGENTS EN PREMIERE LIGNE - FNME CGT",84,14,"Thu, 13 Aug 2026 10:05:57 GMT",FNME CGT,fnme-cgt.fr,aggregator,fr,unlabeled,none,,,False,False,True,rss,2026-08-14T14:21:36.886343+00:00
4e880826-3a6e-4172-b47f-ffefaaf0a35d,"La dernière méga-sécheresse comparable à 2026 remonte à 1540, mais elle survient aujourd’hui dans un climat radicalement différent - Le Temps",141,21,"Tue, 11 Aug 2026 08:23:33 GMT",Le Temps,www.letemps.ch,aggregator,fr,unlabeled,none,,,False,False,True,rss,2026-08-14T14:21:36.886343+00:00
6f4a3280-f645-48ed-9f59-56eb6757ad30,« Nous n’avons pas connu un tel climat de notre vivant » : l’Europe occidentale et les océans frappés par des chaleurs extrêmes - Sud Ouest,139,26,"Mon, 10 Aug 2026 05:01:05 GMT",Sud Ouest,www.sudouest.fr,aggregator,fr,unlabeled,none,,,False,False,True,rss,2026-08-14T14:21:36.887585+00:00
4f5d9420-fec7-450c-9d56-ad040a50610a,"Climat: avec le réchauffement des océans, les poissons se raréfient et le secteur de la pêche peine à s’adapter - RFI",117,21,"Tue, 11 Aug 2026 12:57:22 GMT",RFI,www.rfi.fr,aggregator,fr,unlabeled,none,,,False,False,True,rss,2026-08-14T14:21:36.887585+00:00
40e2048b-98c0-4a00-9585-6dd2870bee67,Le sauve-qui-peut mondial des papillons - Sciences et Avenir,60,9,"Mon, 10 Aug 2026 14:28:36 GMT",Sciences et Avenir,www.sciencesetavenir.fr,aggregator,fr,unlabeled,none,,,False,False,True,rss,2026-08-14T14:21:36.887585+00:00
b887d6b8-2962-4adc-b4eb-86bc148ff5dc,"« Le pastoralisme est un sujet transversal aux trois grandes conventions internationales : climat, désertification et biodiversité » - Cirad",140,20,"Mon, 10 Aug 2026 08:18:42 GMT",Cirad,www.cirad.fr,aggregator,fr,unlabeled,none,,,False,False,True,rss,2026-08-14T14:21:36.888088+00:00
540f1daf-0cba-4fcc-b81f-8354cbe5990b,Un accueil de jour destiné aux personnes sans-abri pendant les périodes de canicule a ouvert à Royan - Sud Ouest,112,20,"Fri, 14 Aug 2026 06:30:00 GMT",Sud Ouest,www.sudouest.fr,aggregator,fr,unlabeled,none,,,False,False,True,rss,2026-08-14T14:21:36.888088+00:00
986713a7-ee24-472d-8f1d-e8039988e1fb,"Incendie dans les Landes : à quoi sert le Chinook CH-47D, cet hélicoptère australien utilisé pour la première fois en France - Le Parisien",138,24,"Fri, 14 Aug 2026 10:02:44 GMT",Le Parisien,www.leparisien.fr,aggregator,fr,unlabeled,none,,,False,False,True,rss,2026-08-14T14:21:36.888088+00:00
697d4292-5437-46cd-aefe-fd954c4336bf,"Climat : mégafeux en Europe, extrême chaleur au Sahel, El Niño… comment 900 millions de personnes ont connu en 2026 leur mois de juillet le plus chaud jamais observé - Sud Ouest",177,32,"Mon, 10 Aug 2026 09:25:44 GMT",Sud Ouest,www.sudouest.fr,aggregator,fr,unlabeled,none,,,False,False,True,rss,2026-08-14T14:21:36.889114+00:00
2d492333-ef13-4c06-8d2e-2814f5ba1fe1,"L’administration Trump annule un rapport sur l’Arctique, une attaque de plus à la science du climat - Le HuffPost",113,19,"Thu, 13 Aug 2026 07:28:11 GMT",Le HuffPost,www.huffingtonpost.fr,aggregator,fr,unlabeled,none,,,False,False,True,rss,2026-08-14T14:21:36.889114+00:00
57ff7a94-5812-4073-b25b-f8cacd15d981,L'Europe arrivera-t-elle à s'adapter au nouveau climat ? - eurotopics.net,73,10,"Tue, 11 Aug 2026 06:12:50 GMT",eurotopics.net,www.eurotopics.net,aggregator,fr,unlabeled,none,,,False,False,True,rss,2026-08-14T14:21:36.889114+00:00
5932a29c-63f0-42cd-b159-41189a1bd97b,"Un « mur d’investissements » pour l’adaptation au changement climatique, vraiment ? - The Conversation",102,15,"Wed, 12 Aug 2026 13:21:11 GMT",The Conversation,theconversation.com,aggregator,fr,unlabeled,none,,,False,False,True,rss,2026-08-14T14:21:36.889114+00:00
db917a6b-4698-435c-ae61-69ea383ed7ae,Les marchés boursiers ignorent le réchauffement climatique - Agefi.com,70,9,"Fri, 14 Aug 2026 09:37:00 GMT",Agefi.com,agefi.com,aggregator,fr,unlabeled,none,,,False,False,True,rss,2026-08-14T14:21:36.889114+00:00
9ab5f214-8606-4565-829e-2354af31f106,"""Nous n’avons pas connu un tel climat de notre vivant"" : un début d’été 2026 de tous les records - La Provence",110,22,"Sun, 09 Aug 2026 20:50:00 GMT",La Provence,www.laprovence.com,aggregator,fr,unlabeled,none,,,False,False,True,rss,2026-08-14T14:21:36.890139+00:00
36051eb3-e084-4ebd-95f8-ca4ed02b7dd3,"""Myopie"" et ""déni"", les marchés boursiers ignorent le réchauffement climatique - Orange Actualités",98,13,"Fri, 14 Aug 2026 10:07:45 GMT",Orange Actualités,actu.orange.fr,aggregator,fr,unlabeled,none,,,False,False,True,rss,2026-08-14T14:21:36.890139+00:00
ae449277-613f-4e37-928a-f8e4b1b1a7b8,"""Nous n’avons pas connu un tel climat de notre vivant"" : le constat alarmant des experts après des records de chaleur cet été en Europe de l’Ouest - Midi Libre",159,30,"Mon, 10 Aug 2026 05:42:00 GMT",Midi Libre,www.midilibre.fr,aggregator,fr,unlabeled,none,,,False,False,True,rss,2026-08-14T14:21:36.890139+00:00
0fd464a3-413e-4f89-bf79-d76e3061b10a,Climat Une maraîchère apprend à cultiver avec l’incertitude - Ouest-France Climat Une maraîchère apprend à cultiver avec l’incertitude Ouest-France,147,19,"Tue, 11 Aug 2026 15:17:06 GMT",Ouest-France,www.ouest-france.fr,aggregator,fr,unlabeled,none,,,False,False,True,rss,2026-08-14T14:21:36.890139+00:00
f57dde38-0eae-41b8-8788-06f8b4efa7bc,Climat: le moustique tigre pourrait se répandre dans presque tout l'Hexagone d'ici un demi-siècle - France 24,109,17,"Mon, 10 Aug 2026 13:55:12 GMT",France 24,www.france24.com,aggregator,fr,unlabeled,none,,,False,False,True,rss,2026-08-14T14:21:36.891146+00:00
241ed334-5def-4f0f-ab81-52e2e7372bca,Les agriculteurs sont-ils les ennemis du climat ? - Radio France,64,11,"Fri, 07 Aug 2026 10:04:50 GMT",Radio France,www.radiofrance.fr,aggregator,fr,unlabeled,none,,,False,False,True,rss,2026-08-14T14:21:36.891146+00:00
edfdf28e-3c92-4dcf-8c8b-ced5e30e7dc8,"« La crise climatique s’accélérant, la haute montagne va devenir de plus en plus instable », alerte un géomorphologue du CNRS - Sud Ouest",137,24,"Thu, 13 Aug 2026 09:59:53 GMT",Sud Ouest,www.sudouest.fr,aggregator,fr,unlabeled,none,,,False,False,True,rss,2026-08-14T14:21:36.891146+00:00
6c311ea5-1d4f-4de3-96e0-384541a64cf9,"Avec pas moins de 28 °C, Nice vient de vivre sa nuit la plus chaude de l’année 2026 - Nice-Matin",96,20,"Fri, 14 Aug 2026 10:00:01 GMT",Nice-Matin,www.nicematin.com,aggregator,fr,unlabeled,none,,,False,False,True,rss,2026-08-14T14:21:36.891146+00:00
8d29c26a-e273-4016-b7e3-c04662c8c4e6,"La Terre vient d’afficher un écart thermique incroyable de 136,8 °C : comment est-ce possible au même moment ? - Futura, le média qui explore le monde",150,27,"Thu, 23 Jul 2026 07:00:00 GMT","Futura, le média qui explore le monde",www.futura-sciences.com,aggregator,fr,unlabeled,none,,,False,False,True,rss,2026-08-14T14:21:36.892149+00:00
d2435f6f-c346-4986-aae8-c0d2aa41bf7d,"DÉCRYPTAGE Juillet 2026, deuxième mois de juillet le plus chaud jamais enregistré : simple accident climatique ou signe d’un phénomène qui s’installe - ladepeche.fr DÉCRYPTAGE Juillet 2026, deuxième mois de juillet le plus chaud jamais enregistré : simple accident climatique ou signe d’un phénomène qui s’installe ladepeche.fr",327,47,"Tue, 11 Aug 2026 04:56:00 GMT",ladepeche.fr,www.ladepeche.fr,aggregator,fr,unlabeled,none,,,False,False,True,rss,2026-08-14T14:21:36.892149+00:00
a1d88f9e-2cfa-4daa-8398-fe2770099aea,POINT DE VUE « Un climat de chasse aux juifs » - Ouest-France POINT DE VUE « Un climat de chasse aux juifs » Ouest-France,121,25,"Thu, 13 Aug 2026 04:00:00 GMT",Ouest-France,www.ouest-france.fr,aggregator,fr,unlabeled,none,,,False,False,True,rss,2026-08-14T14:21:36.892149+00:00
ee945757-ca7a-4b40-a429-f381d080ad21,"""Qui aurait pu prédire ? Nous toutes et tous !"" : Ecolo Wallonie picarde alerte le ministre du Climat, les élus et parlementaires locaux - L'Avenir",147,26,"Fri, 14 Aug 2026 08:00:00 GMT",L'Avenir,www.lavenir.net,aggregator,fr,unlabeled,none,,,False,False,True,rss,2026-08-14T14:21:36.892149+00:00
3394375f-771d-4ddd-a894-10f418246264,"Canicule : le pic de chaleur atteint dans le Sud-Ouest, une baisse des températures attendue - Sud Ouest",104,18,"Thu, 13 Aug 2026 19:21:22 GMT",Sud Ouest,www.sudouest.fr,aggregator,fr,unlabeled,none,,,False,False,True,rss,2026-08-14T14:21:36.893152+00:00
4e17c720-5c30-4141-ae0e-c2ce1a50b5e1,"Au-delà des catastrophes, le changement climatique fragilise nos sociétés - Le Monde.fr",87,12,"Tue, 11 Aug 2026 09:30:08 GMT",Le Monde.fr,www.lemonde.fr,aggregator,fr,unlabeled,none,,,False,False,True,rss,2026-08-14T14:21:36.893152+00:00
75d5a449-6e71-4ee5-a499-c6be1c67af81,OM-Atlético - Une dernière répétition dans un drôle de climat - Le Phoceen,74,13,"Thu, 13 Aug 2026 23:00:00 GMT",Le Phoceen,www.lephoceen.fr,aggregator,fr,unlabeled,none,,,False,False,True,rss,2026-08-14T14:21:36.893152+00:00
086f4a8f-5bd9-44d5-8efb-4711b11d0434,La réalité rattrapée par le climat - 24 Heures,46,9,"Fri, 14 Aug 2026 04:18:35 GMT",24 Heures,www.24heures.ch,aggregator,fr,unlabeled,none,,,False,False,True,rss,2026-08-14T14:21:36.893152+00:00
2b25030d-6c4c-4f8a-9d04-572cd10aa168,"""Nous n'avons pas connu un tel climat de notre vivant"" : l'inquiétant record de chaleur battu par l'Europe de l'ouest - Actu.fr",127,22,"Mon, 10 Aug 2026 05:02:35 GMT",Actu.fr,actu.fr,aggregator,fr,unlabeled,none,,,False,False,True,rss,2026-08-14T14:21:36.894152+00:00
4716f5d6-a2cf-4f73-b78a-563bd99f3229,« Passer de la sidération à l'action » : comment les supermarchés planchent sur l'adaptation climatique - Les Echos,115,19,"Thu, 13 Aug 2026 16:03:10 GMT",Les Echos,www.lesechos.fr,aggregator,fr,unlabeled,none,,,False,False,True,rss,2026-08-14T14:21:36.894152+00:00
f7a8435a-66ba-4f03-9efc-a456e4f0c843,"L'administration Trump annule une étude sur l'Arctique, les chercheurs dénoncent une nouvelle attaque contre la science du climat aux Etats-Unis - franceinfo",157,22,"Thu, 13 Aug 2026 06:24:36 GMT",franceinfo,www.franceinfo.fr,aggregator,fr,unlabeled,none,,,False,False,True,rss,2026-08-14T14:21:36.894152+00:00
f3d779cf-6741-468f-b5e2-3d12eac2a4f4,"Réchauffement climatique : Cuers, dans le Var, un modèle contre les canicules - franceinfo",90,14,"Tue, 11 Aug 2026 19:43:29 GMT",franceinfo,www.franceinfo.fr,aggregator,fr,unlabeled,none,,,False,False,True,rss,2026-08-14T14:21:36.894152+00:00
4565529d-7bef-4400-93e9-064ce12b4c00,Climat : une immense machine à remonter le temps météo accessible gratuitement - idboox,87,14,"Thu, 13 Aug 2026 07:47:46 GMT",idboox,www.idboox.com,aggregator,fr,unlabeled,none,,,False,False,True,rss,2026-08-14T14:21:36.895205+00:00
21b3878f-b13a-4e85-9cf2-c878d136ccd5,Climat et Énergie : Equans France accélère en région Sud - Presse Agence,72,13,"Thu, 13 Aug 2026 00:00:00 GMT",Presse Agence,presseagence.fr,aggregator,fr,unlabeled,none,,,False,False,True,rss,2026-08-14T14:21:36.895205+00:00
6483a839-c793-43da-8482-668f61a23233,Une rentrée très chaude ou sous la pluie ? Voici les premières tendances météo pour l’automne 2026 - Midi Libre,111,20,"Wed, 12 Aug 2026 13:25:00 GMT",Midi Libre,www.midilibre.fr,aggregator,fr,unlabeled,none,,,False,False,True,rss,2026-08-14T14:21:36.895205+00:00
fb2ea109-dc21-4905-a065-cb96ab980723,"Plus que les pyromanes, c'est le réchauffement climatique qui explique l'ampleur des incendies - Factuel AFP",108,16,"Thu, 13 Aug 2026 12:16:00 GMT",Factuel AFP,factuel.afp.com,aggregator,fr,unlabeled,none,,,False,False,True,rss,2026-08-14T14:21:36.895205+00:00
18fdb58f-1c45-43ae-9cfd-914ae655a1d1,"Changement climatique : une menace pour la sécurité alimentaire - Élément Terre, la quotidienne - France 24",107,17,"Tue, 11 Aug 2026 17:02:01 GMT",France 24,www.france24.com,aggregator,fr,unlabeled,none,,,False,False,True,rss,2026-08-14T14:21:36.895205+00:00
0b9464ec-c9d9-4714-93e6-131087d73b3f,"La Chapelle-du-Mont-de-France Climat, énergie et biodiversité - larenaissancehebdo.fr La Chapelle-du-Mont-de-France Climat, énergie et biodiversité larenaissancehebdo.fr",169,15,"Thu, 13 Aug 2026 12:30:00 GMT",larenaissancehebdo.fr,www.larenaissancehebdo.fr,aggregator,fr,unlabeled,none,,,False,False,True,rss,2026-08-14T14:21:36.895205+00:00
bb024d2d-eafa-4215-a29b-0e21018a2a0e,Climat presque désertique ce vendredi : des températures frôlant 38°C et une humidité exceptionnellement basse - VRT,116,17,"Fri, 14 Aug 2026 09:00:00 GMT",VRT,www.vrt.be,aggregator,fr,unlabeled,none,,,False,False,True,rss,2026-08-14T14:21:36.896341+00:00
5907e1c6-b4d1-49fa-a7e1-e1779d8e3319,"Climat: avec le réchauffement des océans, les poissons se raréfient et le secteur de la pêche peine à s’adapter - Yahoo Actualités",130,22,"Tue, 11 Aug 2026 12:57:22 GMT",Yahoo Actualités,fr.news.yahoo.com,aggregator,fr,unlabeled,none,,,False,False,True,rss,2026-08-14T14:21:36.896818+00:00
c490bd8e-b6c8-425a-9518-1d185faa3d45,Sauver le climat sans punir les citoyens ? - La Libre.be,56,11,"Tue, 11 Aug 2026 22:00:00 GMT",La Libre.be,www.lalibre.be,aggregator,fr,unlabeled,none,,,False,False,True,rss,2026-08-14T14:21:36.896818+00:00
5a2d7ed7-e99f-4a07-926d-aec0343538c3,"Incendies, canicules.. Huit Français sur dix ""inquiets"" des conséquences du changement climatique - BFM Incendies, canicules.. Huit Français sur dix ""inquiets"" des conséquences du changement climatique BFM",205,27,"Mon, 10 Aug 2026 10:05:43 GMT",BFM,www.bfmtv.com,aggregator,fr,unlabeled,none,,,False,False,True,rss,2026-08-14T14:21:36.896818+00:00
59d65510-94aa-4f73-9ebc-759c225a08aa,« Brest n’est plus protégée par son climat océanique » : les Verts plaident pour un « plan Eau 2030 » - Le Télégramme,117,24,"Tue, 11 Aug 2026 10:13:01 GMT",Le Télégramme,www.letelegramme.fr,aggregator,fr,unlabeled,none,,,False,False,True,rss,2026-08-14T14:21:36.897340+00:00
7c07923e-e1c1-4f06-9413-5af31da2f898,"Baisse des rendements agricoles, perturbation des transports et de la production d’énergie : l’Europe confrontée à la dure réalité économique de l’impact du changement climatique - L'Usine Nouvelle",197,28,"Tue, 11 Aug 2026 07:30:00 GMT",L'Usine Nouvelle,www.usinenouvelle.com,aggregator,fr,unlabeled,none,,,False,False,True,rss,2026-08-14T14:21:36.897340+00:00
09ac1dbd-ce1f-453e-86db-9ac2c15f2e9e,Climat Sécheresse et dôme de chaleur menacent l'électricité en Europe - lamanchelibre.fr Climat Sécheresse et dôme de chaleur menacent l'électricité en Europe lamanchelibre.fr,175,23,"Tue, 11 Aug 2026 16:00:00 GMT",lamanchelibre.fr,www.lamanchelibre.fr,aggregator,fr,unlabeled,none,,,False,False,True,rss,2026-08-14T14:21:36.897340+00:00
df698e2a-7b7d-4361-aab8-0f32637342e4,« Emmanuel Macron a entubé tout le monde » : le paléoclimatologue Jean Jouzel dresse un cinglant bilan écologique du président - Sud Ouest,138,24,"Tue, 28 Jul 2026 07:00:00 GMT",Sud Ouest,www.sudouest.fr,aggregator,fr,unlabeled,none,,,False,False,True,rss,2026-08-14T14:21:36.898340+00:00
931fb6e8-d7fe-4f8e-8d3e-8a0db8e8d2bb,Des scientifiques internationaux étudient climat et microplastiques lors d’une expédition turque dans l’Arctique - Anadolu Ajansı,129,16,"Tue, 11 Aug 2026 10:40:07 GMT",Anadolu Ajansı,www.aa.com.tr,aggregator,fr,unlabeled,none,,,False,False,True,rss,2026-08-14T14:21:36.898340+00:00
d260b30a-f40d-46d6-a070-fe402cb97a08,Climat : le moustique tigre pourrait se répandre dans presque toute la France d’ici à 2085 - Le Télégramme,106,19,"Mon, 10 Aug 2026 15:02:06 GMT",Le Télégramme,www.letelegramme.fr,aggregator,fr,unlabeled,none,,,False,False,True,rss,2026-08-14T14:21:36.898340+00:00
a6e39a93-c9e5-4982-8628-051548583bd6,« L’adaptation climatique doit aussi devenir une politique de protection sociale » - Le Monde.fr,96,15,"Thu, 13 Aug 2026 16:00:09 GMT",Le Monde.fr,www.lemonde.fr,aggregator,fr,unlabeled,none,,,False,False,True,rss,2026-08-14T14:21:36.898340+00:00
c26cfa88-81b1-4431-8f44-73f96dc2f905,"À Lisieux, les végétaux de l’Arboretum, à l’honneur des Rendez-vous nature de l’été racontent aussi le climat - Ouest-France",124,19,"Wed, 12 Aug 2026 05:14:16 GMT",Ouest-France,www.ouest-france.fr,aggregator,fr,unlabeled,none,,,False,False,True,rss,2026-08-14T14:21:36.899340+00:00
a46553c8-a8f2-4435-9234-e27cc776e879,"Maïs, pomme de terre, betterave menacés par la sécheresse : un chercheur imagine l’agriculture de demain - Le Parisien",118,19,"Wed, 12 Aug 2026 17:05:42 GMT",Le Parisien,www.leparisien.fr,aggregator,fr,unlabeled,none,,,False,False,True,rss,2026-08-14T14:21:36.899340+00:00
b38eaa5b-6d33-451a-90fc-cbeb25508772,CAC 40: Climat serein - Zonebourse,34,6,"Thu, 13 Aug 2026 09:03:01 GMT",Zonebourse,www.zonebourse.com,aggregator,fr,unlabeled,none,,,False,False,True,rss,2026-08-14T14:21:36.899340+00:00
5ab1dd8f-c88e-4bf6-9be0-c6c99e06287d,La politique européenne de l'environnement et du climat en 3 minutes - Touteleurope.eu,86,13,"Thu, 23 Jul 2026 07:33:20 GMT",Touteleurope.eu,www.touteleurope.eu,aggregator,fr,unlabeled,none,,,False,False,True,rss,2026-08-14T14:21:36.899340+00:00
679bc55a-be19-4fbb-a1e5-7b14bc92c20c,« On va connaître de plus en plus de crises localisées » : la France peut-elle manquer d’eau potable ? - Le Parisien,116,23,"Thu, 13 Aug 2026 12:58:20 GMT",Le Parisien,www.leparisien.fr,aggregator,fr,unlabeled,none,,,False,False,True,rss,2026-08-14T14:21:36.900428+00:00
e1e4c0b2-6cd9-4f0d-b49a-e6820b6d6e2b,"Élections sénatoriales : le RN se prépare à entrer en force au Palais du Luxembourg, les Insoumis en embuscade - Le Figaro",122,22,"Tue, 11 Aug 2026 13:31:04 GMT",Le Figaro,www.lefigaro.fr,aggregator,fr,unlabeled,none,,,False,False,True,rss,2026-08-14T14:21:36.900428+00:00
49b3259c-6dfe-49cf-bb38-f7257ecb159f,"C’est quoi Iabloko, le parti anti-guerre interdit d’élections en Russie ? - 20 Minutes",86,14,"Fri, 14 Aug 2026 12:50:00 GMT",20 Minutes,www.20minutes.fr,aggregator,fr,unlabeled,none,,,False,False,True,rss,2026-08-14T14:21:36.900428+00:00
b1be5883-f55e-4ccf-854a-65f5c2cebf6d,Le dépouillement des élections présidentielles interrompu en Zambie du fait de violences - France 24,100,15,"Fri, 14 Aug 2026 12:46:41 GMT",France 24,www.france24.com,aggregator,fr,unlabeled,none,,,False,False,True,rss,2026-08-14T14:21:36.900428+00:00
68abca58-40bb-42fd-8f47-8813f8cbc976,"Sans surprise, Farage remporte cette élection absurde au Royaume-Uni - Le HuffPost",82,12,"Fri, 14 Aug 2026 06:37:18 GMT",Le HuffPost,www.huffingtonpost.fr,aggregator,fr,unlabeled,none,,,False,False,True,rss,2026-08-14T14:21:36.901491+00:00
569c3594-b069-4723-a995-e3d3cffaa374,Italie: La jeunesse se détourne de Meloni à un an des élections - boursier.com,78,14,"Thu, 13 Aug 2026 16:28:21 GMT",boursier.com,www.boursier.com,aggregator,fr,unlabeled,none,,,False,False,True,rss,2026-08-14T14:21:36.901491+00:00
860865e6-f86e-43d2-b43a-4fbd7369717f,« Si vous voulez le destituer… » : le patron de la CAF invite les détracteurs d’Infantino à « passer par les élections » - Ouest-France,135,26,"Thu, 13 Aug 2026 11:53:58 GMT",Ouest-France,www.ouest-france.fr,aggregator,fr,unlabeled,none,,,False,False,True,rss,2026-08-14T14:21:36.901491+00:00
68ca7976-2f41-4461-8515-abd51d616c82,Le Shin Bet Envisage Une Protection Armée Pour Gadi Eisenkot Face Aux Menaces - i24NEWS,87,15,"Fri, 14 Aug 2026 10:48:56 GMT",i24NEWS,www.i24news.tv,aggregator,fr,unlabeled,none,,,False,False,True,rss,2026-08-14T14:21:36.901491+00:00
819370a5-96c0-43e8-8e72-5cf20f81d215,Elections sénatoriales 2026 - La France à Hong Kong,51,9,"Thu, 13 Aug 2026 04:18:32 GMT",La France à Hong Kong,hongkong.diplomatie.gouv.fr,aggregator,fr,unlabeled,none,,,False,False,True,rss,2026-08-14T14:21:36.901491+00:00
b4f02db3-d53d-4e9a-94cb-126f7bef5245,"EN DIRECT, guerre en Ukraine : l’ONU a appelé la Russie à lever l’interdiction faite au seul parti antiguerre de participer aux élections législatives - Le Monde.fr",164,27,"Wed, 12 Aug 2026 19:36:37 GMT",Le Monde.fr,www.lemonde.fr,aggregator,fr,unlabeled,none,,,False,False,True,rss,2026-08-14T14:21:36.902519+00:00
cfbf5f5d-3f30-4916-acaf-05f742c5c96d,Nigel Farage revendique la victoire à une élection législative partielle “sans réelle portée” - Courrier international,118,16,"Fri, 14 Aug 2026 03:50:57 GMT",Courrier international,www.courrierinternational.com,aggregator,fr,unlabeled,none,,,False,False,True,rss,2026-08-14T14:21:36.902519+00:00
260cbbf6-912b-49a9-af1e-455d77fc6bd2,"Elections présidentielle et parlementaires en Zambie : le dépouillement suspendu en raison de « violences », annonce la Commission électorale - Le Monde.fr",155,23,"Fri, 14 Aug 2026 11:43:42 GMT",Le Monde.fr,www.lemonde.fr,aggregator,fr,unlabeled,none,,,False,False,True,rss,2026-08-14T14:21:36.902519+00:00
3cdf208c-5641-4043-b3ac-c9e01972c040,Saxe-Anhalt : et si l'AfD gagnait les élections ? - DW.com,58,11,"Fri, 14 Aug 2026 12:08:10 GMT",DW.com,www.dw.com,aggregator,fr,unlabeled,none,,,False,False,True,rss,2026-08-14T14:21:36.902519+00:00
d42ead40-db19-4047-9d51-d38a49ce96be,Baharav-Miara : la politisation de la police pourrait compromettre l’intégrité des élections - The Times of Israël,114,17,"Fri, 14 Aug 2026 08:42:31 GMT",The Times of Israël,fr.timesofisrael.com,aggregator,fr,unlabeled,none,,,False,False,True,rss,2026-08-14T14:21:36.902519+00:00
afa0e35b-7aab-4fb4-97fd-25125ae0eea7,"Sondage I24NEWS : Le Likoud Remonte À 30 Sièges, La Coalition Atteint 59 Mandats - i24NEWS",90,16,"Thu, 13 Aug 2026 17:06:27 GMT",i24NEWS,www.i24news.tv,aggregator,fr,unlabeled,none,,,False,False,True,rss,2026-08-14T14:21:36.904024+00:00
ef8f5f3f-c3e4-44f9-9d53-551abc608b4f,"Vote au Royaume-Uni : dans la ville paupérisée de Clacton-on-Sea, «grâce à Nigel Farage, on parle de nous - Libération",118,20,"Thu, 13 Aug 2026 04:05:00 GMT",Libération,www.liberation.fr,aggregator,fr,unlabeled,none,,,False,False,True,rss,2026-08-14T14:21:36.904024+00:00
5c88bed7-0389-4832-9c73-37ece4737fc3,"Russie : Iabloko, le seul parti antiguerre, exclu des élections législatives - Euronews.com",91,13,"Tue, 11 Aug 2026 07:01:21 GMT",Euronews.com,fr.euronews.com,aggregator,fr,unlabeled,none,,,False,False,True,rss,2026-08-14T14:21:36.904024+00:00
466ec241-f1ae-490e-a0f0-74f456318810,"À l’approche des élections en Zambie, l’économie au cœur de la campagne électorale - RFI",88,15,"Mon, 10 Aug 2026 04:03:11 GMT",RFI,www.rfi.fr,aggregator,fr,unlabeled,none,,,False,False,True,rss,2026-08-14T14:21:36.904024+00:00
5f571fab-5e02-4bf1-95c6-07d8c2f5e81d,Le Centre Vaud lâche Valérie Dittli pour les élections 2027 - rts.ch,68,12,"Fri, 14 Aug 2026 09:39:51 GMT",rts.ch,www.rts.ch,aggregator,fr,unlabeled,none,,,False,False,True,rss,2026-08-14T14:21:36.904024+00:00
3049af41-bf1e-4821-b1a7-52db044b837f,"“En Israël, les élections législatives d’octobre s’annoncent comme le scrutin le plus décisif de l’histoire du pays” - Le Nouvel Obs",132,21,"Mon, 10 Aug 2026 05:30:20 GMT",Le Nouvel Obs,www.nouvelobs.com,aggregator,fr,unlabeled,none,,,False,False,True,rss,2026-08-14T14:21:36.905026+00:00
0d0080e5-8ebd-4166-9ceb-27062c6bb769,Élections sénatoriales 2026 - La France au Royaume-Uni,54,8,"Tue, 11 Aug 2026 16:38:54 GMT",La France au Royaume-Uni,uk.diplomatie.gouv.fr,aggregator,fr,unlabeled,none,,,False,False,True,rss,2026-08-14T14:21:36.905026+00:00
31c6ca9d-7436-49cf-9a7f-c92391d5b6a4,"Avant les élections sénatoriales, la gauche tente de s’unir pour préserver son statut de deuxième groupe - Le Monde.fr",118,19,"Tue, 11 Aug 2026 14:53:30 GMT",Le Monde.fr,www.lemonde.fr,aggregator,fr,unlabeled,none,,,False,False,True,rss,2026-08-14T14:21:36.905026+00:00
1e0e085b-b7d0-4d5c-a44f-ae8d68e45624,"Présidentielle en Zambie: forte mobilisation des électeurs, le scrutin s'est déroulé dans le calme - RFI",104,16,"Thu, 13 Aug 2026 17:28:04 GMT",RFI,www.rfi.fr,aggregator,fr,unlabeled,none,,,False,False,True,rss,2026-08-14T14:21:36.905531+00:00
5e8ac941-4c77-40df-b904-108d664fa404,"Royaume-Uni : aux élections de Clacton-on-Sea, «le comte à tête de poubelle» rejoue les agitateurs face à Farage - Libération",125,20,"Thu, 13 Aug 2026 03:34:00 GMT",Libération,www.liberation.fr,aggregator,fr,unlabeled,none,,,False,False,True,rss,2026-08-14T14:21:36.905531+00:00
9ebc8006-c8b8-423a-aa42-33404e298146,"Nigel Farage réélu député à Clacton-on-Sea, dans le sud-est de l’Angleterre, face au « comte à tête de poubelle » - Le Monde.fr",127,23,"Fri, 14 Aug 2026 05:55:21 GMT",Le Monde.fr,www.lemonde.fr,aggregator,fr,unlabeled,none,,,False,False,True,rss,2026-08-14T14:21:36.905531+00:00
ad2a4f66-2852-40fe-ac98-9afdd0c97f52,Législative partielle à Clacton-on-Sea : le Count Binface s’incline face au leader d’extrême droite Nigel Farage - Libération,125,18,"Fri, 14 Aug 2026 07:10:52 GMT",Libération,www.liberation.fr,aggregator,fr,unlabeled,none,,,False,False,True,rss,2026-08-14T14:21:36.905531+00:00
e0254c3e-bab9-4c4e-b74c-d0e3800002fe,Il porte une poubelle sur la tête et a défié Nigel Farage au Royaume-Uni: qui se cache derrière le comte Tête-de-Poubelle? - BFM,128,23,"Fri, 14 Aug 2026 09:45:28 GMT",BFM,www.bfmtv.com,aggregator,fr,unlabeled,none,,,False,False,True,rss,2026-08-14T14:21:36.906569+00:00
c40c2438-0528-4a67-91ca-33838a75c037,« C'est la preuve que rien n'est jamais acquis » : la présidentielle de 1995 ou la revanche d'école du challenger Jacques Chirac - Les Echos,140,26,"Fri, 14 Aug 2026 11:00:11 GMT",Les Echos,www.lesechos.fr,aggregator,fr,unlabeled,none,,,False,False,True,rss,2026-08-14T14:21:36.906569+00:00
1efd5e6c-8975-4eb0-bc4e-f0361a413e61,"En Zambie, des élections à valeur de test pour le bilan économique du président sortant ""HH"" - France 24",104,19,"Wed, 12 Aug 2026 23:50:00 GMT",France 24,www.france24.com,aggregator,fr,unlabeled,none,,,False,False,True,rss,2026-08-14T14:21:36.906569+00:00
485f63d5-5008-46ce-91c4-4e09e9b419a8,Zoom Élections sénatoriales : cinq listes sur la ligne de départ - Le Bien Public Zoom Élections sénatoriales : cinq listes sur la ligne de départ Le Bien Public,161,29,"Thu, 13 Aug 2026 17:02:04 GMT",Le Bien Public,www.bienpublic.com,aggregator,fr,unlabeled,none,,,False,False,True,rss,2026-08-14T14:21:36.906569+00:00
a5e3d107-88cc-4c11-80b9-74048421ce95,"Sénatoriales 2026 : les candidats en campagne, à l’écoute de leurs « pairs », les grands électeurs - Le Monde.fr",112,20,"Tue, 11 Aug 2026 04:00:22 GMT",Le Monde.fr,www.lemonde.fr,aggregator,fr,unlabeled,none,,,False,False,True,rss,2026-08-14T14:21:36.907630+00:00
1ba6f956-7008-45e8-bf48-67e24fabf151,Retour sur les campagnes présidentielles - Les Echos,52,8,"Fri, 14 Aug 2026 11:36:27 GMT",Les Echos,www.lesechos.fr,aggregator,fr,unlabeled,none,,,False,False,True,rss,2026-08-14T14:21:36.907630+00:00
b1bea90e-7cf7-41ea-bfab-b3d614b5b34c,"Aux États-Unis, les primaires des élections de mi-mandat tirent le Parti démocrate vers la gauche - franceinfo",110,17,"Sun, 09 Aug 2026 05:36:03 GMT",franceinfo,www.franceinfo.fr,aggregator,fr,unlabeled,none,,,False,False,True,rss,2026-08-14T14:21:36.907630+00:00
2c490a99-8c10-4df9-a64b-1bab5d788d6f,"Nigel Farage, patron de Reform UK réélu député face au candidat Tête-de-Poubelle - 20 Minutes",93,15,"Fri, 14 Aug 2026 05:45:00 GMT",20 Minutes,www.20minutes.fr,aggregator,fr,unlabeled,none,,,False,False,True,rss,2026-08-14T14:21:36.907630+00:00
f019c40d-76eb-4b29-926d-3df34d07d1db,Législative partielle au Royaume-Uni : Nigel Farage opposé au candidat Tête-de-poubelle - France 24,99,14,"Thu, 13 Aug 2026 05:57:11 GMT",France 24,www.france24.com,aggregator,fr,unlabeled,none,,,False,False,True,rss,2026-08-14T14:21:36.907630+00:00
7d77df73-58a9-437b-8eac-c9c541fbd896,Le Hamas annonce sa participation aux élections législatives palestiniennes de novembre - lecourrier.vn,103,13,"Thu, 13 Aug 2026 08:54:00 GMT",lecourrier.vn,lecourrier.vn,aggregator,fr,unlabeled,none,,,False,False,True,rss,2026-08-14T14:21:36.907630+00:00
42866650-22f9-4340-a188-b80dfbf6077f,Élections municipales de 2026 : la tripolarisation du vote s’est propagée à l’échelon communal - La Gazette des Communes,120,19,"Mon, 10 Aug 2026 12:16:15 GMT",La Gazette des Communes,www.lagazettedescommunes.com,aggregator,fr,unlabeled,none,,,False,False,True,rss,2026-08-14T14:21:36.908630+00:00
e4609e1b-a1b5-45ce-989b-d0b1550284be,"Élections sénatoriales : pour ""continuer à défendre la ruralité"", le républicain Laurent Somon veut décrocher un deuxième mandat - France 3 Régions",147,22,"Thu, 13 Aug 2026 05:30:02 GMT",France 3 Régions,france3-regions.franceinfo.fr,aggregator,fr,unlabeled,none,,,False,False,True,rss,2026-08-14T14:21:36.908630+00:00
5d044e1a-4e1c-48d7-a645-30af0b649e27,Sénatoriales 2026 - Désignation des délégués - Les services de l'État en Charente,81,13,"Thu, 06 Aug 2026 07:00:00 GMT",Les services de l'État en Charente,www.charente.gouv.fr,aggregator,fr,unlabeled,none,,,False,False,True,rss,2026-08-14T14:21:36.909849+00:00
04637b73-ae89-4318-b7cd-8e9ceb94bc2f,La Zambie organise des élections générales - 新华网,48,8,"Fri, 14 Aug 2026 02:23:00 GMT",新华网,french.news.cn,aggregator,fr,unlabeled,none,,,False,False,True,rss,2026-08-14T14:21:36.909849+00:00
ad41c03d-21d1-4fe9-b016-39806fcb9de7,Nigel Farage revendique sa victoire lors d'une législative partielle - rts.ch,77,11,"Fri, 14 Aug 2026 05:03:37 GMT",rts.ch,www.rts.ch,aggregator,fr,unlabeled,none,,,False,False,True,rss,2026-08-14T14:21:36.909849+00:00
6c25e722-3e7d-4861-94b7-f392baeb0e71,"Muselier, Le Pen, Rebsamen… Qui sont les principaux candidats qui espèrent entrer au Sénat - l'Opinion",102,16,"Fri, 14 Aug 2026 10:00:00 GMT",l'Opinion,www.lopinion.fr,aggregator,fr,unlabeled,none,,,False,False,True,rss,2026-08-14T14:21:36.909849+00:00
05f5fc12-19df-4ad9-b6ac-8572632bd9d9,Un tribunal russe interdit au seul parti antiguerre de participer aux élections - Le Figaro,91,15,"Mon, 10 Aug 2026 17:18:12 GMT",Le Figaro,www.lefigaro.fr,aggregator,fr,unlabeled,none,,,False,False,True,rss,2026-08-14T14:21:36.909849+00:00
8a5db93f-b881-4b54-9760-4201f7141935,"Membres du Rassemblement national, ces deux Deux-Sévriennes sont candidates au conseil national du parti - Ouest-France",119,16,"Fri, 14 Aug 2026 09:54:07 GMT",Ouest-France,www.ouest-france.fr,aggregator,fr,unlabeled,none,,,False,False,True,rss,2026-08-14T14:21:36.909849+00:00
4e7124bb-fadd-4b4e-9b66-9f5d0d50925e,Élections en Zambie : une “success-story” économique face au verdict des urnes - Courrier international,103,15,"Thu, 13 Aug 2026 03:00:24 GMT",Courrier international,www.courrierinternational.com,aggregator,fr,unlabeled,none,,,False,False,True,rss,2026-08-14T14:21:36.909849+00:00
a5ec6d40-9391-49cc-866d-0af58adb0246,"Royaume-Uni : Count Binface, la « poubelle argentée » qui s'oppose à Nigel Farage - Les Echos",93,17,"Thu, 13 Aug 2026 09:34:20 GMT",Les Echos,www.lesechos.fr,aggregator,fr,unlabeled,none,,,False,False,True,rss,2026-08-14T14:21:36.911360+00:00
dfc960b0-3311-49e9-a642-ae9243f837c4,Législative partielle en Angleterre : Nigel Farage réélu député face au candidat satirique « Tête-de-Poubelle » - Ouest-France,126,18,"Fri, 14 Aug 2026 03:01:40 GMT",Ouest-France,www.ouest-france.fr,aggregator,fr,unlabeled,none,,,False,False,True,rss,2026-08-14T14:21:36.911360+00:00
3b2c99f6-2157-4461-a6ba-462ffdfdb4d4,Élections sénatoriales : le Parti Socialiste de Côte-d'Or annonce soutenir la candidature de François Rebsamen - ici.fr,119,17,"Wed, 12 Aug 2026 15:18:35 GMT",ici.fr,www.ici.fr,aggregator,fr,unlabeled,none,,,False,False,True,rss,2026-08-14T14:21:36.911360+00:00
18b91886-118b-48cd-b9cb-c11313779a57,"Elections en Zambie, Hichilema favori pour un second mandat présidentiel - boursier.com",87,12,"Thu, 13 Aug 2026 05:50:40 GMT",boursier.com,www.boursier.com,aggregator,fr,unlabeled,none,,,False,False,True,rss,2026-08-14T14:21:36.911360+00:00
44566b6b-7f1d-4850-8abb-beff7ef1cc81,Le Hamas Annonce Sa Participation Aux Prochaines Élections Législatives Palestiniennes - i24NEWS,96,12,"Thu, 13 Aug 2026 06:53:00 GMT",i24NEWS,www.i24news.tv,aggregator,fr,unlabeled,none,,,False,False,True,rss,2026-08-14T14:21:36.911360+00:00
6a6a2752-79ba-4557-82d3-70ad653b3c03,"Élections sénatoriales : avec le canal Seine-Nord et l'aéronautique en projets phares, Stéphane Demilly candidat pour un second mandat - France 3 Régions",153,23,"Tue, 11 Aug 2026 05:30:02 GMT",France 3 Régions,france3-regions.franceinfo.fr,aggregator,fr,unlabeled,none,,,False,False,True,rss,2026-08-14T14:21:36.912397+00:00
885b20f8-fe73-4264-a89a-3ea8899aa2bd,Élections sénatoriales : le communiste Pascal Aubrée veut redonner du pouvoir aux maires des petites communes - France 3 Régions,128,20,"Tue, 11 Aug 2026 07:00:01 GMT",France 3 Régions,france3-regions.franceinfo.fr,aggregator,fr,unlabeled,none,,,False,False,True,rss,2026-08-14T14:21:36.912397+00:00
8bc42020-6e30-4d57-b45f-f9a60984fd03,Israël : les élections cruciales d'octobre - arte.tv,52,8,"Mon, 10 Aug 2026 07:00:00 GMT",arte.tv,www.arte.tv,aggregator,fr,unlabeled,none,,,False,False,True,rss,2026-08-14T14:21:36.912397+00:00
9f57ac99-0352-4e95-a4ca-677a99696c39,"Après le décès brutal du maire, des élections municipales complémentaires seront organisées - Le Republicain Lorrain",116,16,"Thu, 13 Aug 2026 17:49:50 GMT",Le Republicain Lorrain,www.republicain-lorrain.fr,aggregator,fr,unlabeled,none,,,False,False,True,rss,2026-08-14T14:21:36.912397+00:00
80af9a0e-cba6-4520-88bb-f3cda35d7e06,Le Hamas appelle les Palestiniens à s'inscrire aux élections législatives - TRT Français,88,13,"Wed, 12 Aug 2026 07:20:15 GMT",TRT Français,www.trtfrancais.com,aggregator,fr,unlabeled,none,,,False,False,True,rss,2026-08-14T14:21:36.912397+00:00
f54a569c-b878-4ffd-ad46-c507d66a75b7,Luxon survit à un vote de confiance à quelques mois des élections en Nouvelle-Zélande - Yahoo Actualités,104,17,"Wed, 12 Aug 2026 20:01:00 GMT",Yahoo Actualités,fr.news.yahoo.com,aggregator,fr,unlabeled,none,,,False,False,True,rss,2026-08-14T14:21:36.913436+00:00
fe285968-1c77-4c35-90a6-75749613db01,"La Russie interdit à l'unique parti anti-guerre de se présenter aux élections législatives, à quelques semaines du scrutin - ladepeche.fr",137,20,"Tue, 11 Aug 2026 10:01:00 GMT",ladepeche.fr,www.ladepeche.fr,aggregator,fr,unlabeled,none,,,False,False,True,rss,2026-08-14T14:21:36.913436+00:00
8f044344-5cb9-4151-85cc-e438b6c828c0,"Après avoir obtenu l’annulation des résultats de l’élection à L’Orée d’Écouves, Cyrille Launay annonce sa candidature - Ouest-France",132,18,"Thu, 13 Aug 2026 13:56:35 GMT",Ouest-France,www.ouest-france.fr,aggregator,fr,unlabeled,none,,,False,False,True,rss,2026-08-14T14:21:36.913436+00:00
d3f4cbbb-4a19-4367-9acd-5b927e945c4e,"Législative partielle en Angleterre: Farage revendique la victoire, dépouillement inachevé - tv5monde",101,12,"Fri, 14 Aug 2026 02:52:11 GMT",tv5monde,information.tv5monde.com,aggregator,fr,unlabeled,none,,,False,False,True,rss,2026-08-14T14:21:36.913436+00:00
2d84a79d-916e-4400-aad5-62907047f350,"VÉRIF' - Ingérence étrangère : suspendre X le temps des élections en France, est-ce possible - TF1 Info",103,18,"Mon, 10 Aug 2026 16:05:22 GMT",TF1 Info,www.tf1info.fr,aggregator,fr,unlabeled,none,,,False,False,True,rss,2026-08-14T14:21:36.914438+00:00
fa1bf0c1-ac52-4ec5-928f-30b9496c2f7b,"Élections sénatoriales : tout ce qu’il faut savoir sur le scrutin, alors que la campagne vient de commencer - L'Humanité",120,20,"Thu, 13 Aug 2026 15:48:33 GMT",L'Humanité,www.humanite.fr,aggregator,fr,unlabeled,none,,,False,False,True,rss,2026-08-14T14:21:36.914438+00:00
d2281ee4-49bf-4610-a9ad-6ad7d306777f,"Andoni : La LDK a procédé à un retrait tactique, anticipant des élections désastreuses à venir - KOHA.net Andoni : La LDK a procédé à un retrait tactique, anticipant des élections désastreuses à venir KOHA.net",209,35,"Thu, 13 Aug 2026 21:31:58 GMT",KOHA.net,www.koha.net,aggregator,fr,unlabeled,none,,,False,False,True,rss,2026-08-14T14:21:36.914941+00:00
833d69bd-31f3-48cb-8be1-5498fa348c39,« Les marchés ressentent le poids des midterms » : Wall Street se prépare déjà aux élections de mi-mandat aux Etats-Unis - Les Echos,132,24,"Mon, 10 Aug 2026 08:40:09 GMT",Les Echos,www.lesechos.fr,aggregator,fr,unlabeled,none,,,False,False,True,rss,2026-08-14T14:21:36.914941+00:00
582525d8-92d3-417e-9025-32fa2a1ab4f6,Sénégal : Bassirou Diomaye Faye cherche-t-il à reporter les élections de janvier 2027 ? - Jeune Afrique,103,17,"Tue, 11 Aug 2026 14:58:00 GMT",Jeune Afrique,www.jeuneafrique.com,aggregator,fr,unlabeled,none,,,False,False,True,rss,2026-08-14T14:21:36.914941+00:00
34444cfc-9c8b-4e85-b151-fb8b6ea1a052,"Élection départementale partielle Nathalie Prunier, soutenue par les deux maires du canton - Dna.fr Élection départementale partielle Nathalie Prunier, soutenue par les deux maires du canton Dna.fr",197,27,"Thu, 13 Aug 2026 05:11:02 GMT",Dna.fr,www.dna.fr,aggregator,fr,unlabeled,none,,,False,False,True,rss,2026-08-14T14:21:36.914941+00:00
0f0bcf22-a59c-4f2d-a274-352c592403e5,"« Pour tous les Israéliens, ces élections seront cruciales », estime la politologue Ilana Shpaizman - Le Télégramme",115,18,"Thu, 13 Aug 2026 04:00:05 GMT",Le Télégramme,www.letelegramme.fr,aggregator,fr,unlabeled,none,,,False,False,True,rss,2026-08-14T14:21:36.916208+00:00
5d70472b-e807-46ca-bf58-98b2df11324b,Italie: La jeunesse se détourne de Meloni à un an des élections - Zonebourse Suisse,83,15,"Thu, 13 Aug 2026 16:26:24 GMT",Zonebourse Suisse,ch.zonebourse.com,aggregator,fr,unlabeled,none,,,False,False,True,rss,2026-08-14T14:21:36.916208+00:00
b6ae3530-f0bb-4a13-a85d-f873a7ef59c1,Berlin dénonce la nostalgie de la RDA à l'approche d'élections à l'est - Orange Actualités,90,15,"Thu, 13 Aug 2026 14:29:35 GMT",Orange Actualités,actu.orange.fr,aggregator,fr,unlabeled,none,,,False,False,True,rss,2026-08-14T14:21:36.916208+00:00
5dbbfc25-55ec-4b3c-9cda-c18ebf2d6fc4,"""Si vous voulez le destituer, passez par les élections”, le président de la CAF apporte son soutien à Gianni Infantino - RMC Sport",130,23,"Thu, 13 Aug 2026 13:24:40 GMT",RMC Sport,rmcsport.bfmtv.com,aggregator,fr,unlabeled,none,,,False,False,True,rss,2026-08-14T14:21:36.916208+00:00
26d0861a-cb65-41de-9325-a9f4c072d3b4,"Élections municipales à Herbignac François Anger, unique candidat, est élu maire après la démission de Franck Duval - Ouest-France Élections municipales à Herbignac François Anger, unique candidat, est élu maire après la démission de Franck Duval Ouest-France",259,37,"Wed, 12 Aug 2026 17:26:44 GMT",Ouest-France,www.ouest-france.fr,aggregator,fr,unlabeled,none,,,False,False,True,rss,2026-08-14T14:21:36.917206+00:00
512039c3-7b9e-44c5-8d7b-eea18d1325d1,"VIDÉO Élections aux États-Unis : les démocrates américains, à gauche toute - tv5monde VIDÉO Élections aux États-Unis : les démocrates américains, à gauche toute tv5monde",169,25,"Tue, 11 Aug 2026 18:43:20 GMT",tv5monde,information.tv5monde.com,aggregator,fr,unlabeled,none,,,False,False,True,rss,2026-08-14T14:21:36.917206+00:00
3b042a20-2860-46db-a041-b6824179e9c1,"AFRIQUE/SOUDAN DU SUD - « Que les élections de 2026 n'alimentent pas l'insécurité et la violence », mettent en garde les responsables chrétiens - Agenzia Fides",159,26,"Wed, 12 Aug 2026 13:20:48 GMT",Agenzia Fides,www.fides.org,aggregator,fr,unlabeled,none,,,False,False,True,rss,2026-08-14T14:21:36.917206+00:00
5195325b-7334-49b2-953c-559d9050428c,"Nigel Farage réélu député au Royaume-Uni face au candidat satirique ""Tête-de-Poubelle"" - BFM",92,13,"Fri, 14 Aug 2026 06:06:20 GMT",BFM,www.bfmtv.com,aggregator,fr,unlabeled,none,,,False,False,True,rss,2026-08-14T14:21:36.917206+00:00
f856c7b5-911e-4e16-a976-d9560b3d8ff7,Presse : 6 organisations appellent à une réunion en amont des élections professionnelles - Yabiladi.com,103,15,"Thu, 13 Aug 2026 11:55:00 GMT",Yabiladi.com,www.yabiladi.com,aggregator,fr,unlabeled,none,,,False,False,True,rss,2026-08-14T14:21:36.918539+00:00
3c035360-e912-4db7-8daf-7688e29328ed,Russie : le parti antiguerre Iabloko interdit d’élections par la Cour suprême - la-croix.com,92,14,"Tue, 11 Aug 2026 13:04:28 GMT",la-croix.com,www.la-croix.com,aggregator,fr,unlabeled,none,,,False,False,True,rss,2026-08-14T14:21:36.918539+00:00
7f7dfc26-ef8d-4de0-b654-0c8c26defc4b,La Cour suprême russe interdit au parti antiguerre Iabloko de participer aux élections - RFI,92,15,"Mon, 10 Aug 2026 20:19:06 GMT",RFI,www.rfi.fr,aggregator,fr,unlabeled,none,,,False,False,True,rss,2026-08-14T14:21:36.918539+00:00
916910dd-5db6-412f-b881-69dcc7ea0886,Guerre en Ukraine : l’ONU appelle la Russie à autoriser le seul parti antiguerre à participer aux élections - Sud Ouest,119,21,"Wed, 12 Aug 2026 16:32:44 GMT",Sud Ouest,www.sudouest.fr,aggregator,fr,unlabeled,none,,,False,False,True,rss,2026-08-14T14:21:36.918539+00:00
c09e2b41-85af-4f4c-b616-41789320cb0b,"Christine Bouquin, candidate aux élections sénatoriales, veut « redonner du sens à la proximité, aux élus locaux » - L'Est Républicain",134,21,"Tue, 11 Aug 2026 17:30:00 GMT",L'Est Républicain,www.estrepublicain.fr,aggregator,fr,unlabeled,none,,,False,False,True,rss,2026-08-14T14:21:36.918539+00:00
42377172-f6f7-4220-acc6-14b5f565f756,Le seul parti russe opposé au conflit en Ukraine exclu des élections législatives - Yahoo Actualités,100,16,"Mon, 10 Aug 2026 21:30:45 GMT",Yahoo Actualités,fr.news.yahoo.com,aggregator,fr,unlabeled,none,,,False,False,True,rss,2026-08-14T14:21:36.919893+00:00
8d84637f-8a9c-43c0-8dea-e3482170cd39,Normandie Cinq questions avant les élections sénatoriales du 27 septembre 2026 - Paris Normandie Normandie Cinq questions avant les élections sénatoriales du 27 septembre 2026 Paris Normandie,191,27,"Thu, 13 Aug 2026 09:53:23 GMT",Paris Normandie,www.paris-normandie.fr,aggregator,fr,unlabeled,none,,,False,False,True,rss,2026-08-14T14:21:36.919893+00:00
0009e5f9-a01c-4638-96d0-afb844e5fc6b,Zambie : le dépouillement des élections présidentielle et législatives suspendu après des violences - LSi Africa,112,16,"Fri, 14 Aug 2026 13:19:47 GMT",LSi Africa,www.lsi-africa.com,aggregator,fr,unlabeled,none,,,False,False,True,rss,2026-08-14T14:21:36.919893+00:00
7fba540e-2648-4c81-9cda-14144cff104a,Une liste pour l’autonomie de la Bretagne s’engage aux élections sénatoriales dans les Côtes-d’Armor - Le Télégramme,116,17,"Tue, 11 Aug 2026 13:25:53 GMT",Le Télégramme,www.letelegramme.fr,aggregator,fr,unlabeled,none,,,False,False,True,rss,2026-08-14T14:21:36.919893+00:00
081bccb7-eb41-4f5d-9e4b-8d4a9f99c26a,Royaume-Uni : Nigel Farage réélu député face au candidat satirique Tête-de-Poubelle lors d'une législative partielle - RTL,122,17,"Fri, 14 Aug 2026 05:37:04 GMT",RTL,www.rtl.fr,aggregator,fr,unlabeled,none,,,False,False,True,rss,2026-08-14T14:21:36.919893+00:00
bd59c17b-daf4-4ab6-84d3-6943566d1f7b,"Russie : Iabloko, le seul parti antiguerre, exclu des élections législatives - Yahoo Actualités",95,14,"Tue, 11 Aug 2026 07:46:09 GMT",Yahoo Actualités,fr.news.yahoo.com,aggregator,fr,unlabeled,none,,,False,False,True,rss,2026-08-14T14:21:36.920948+00:00
0c338cff-6972-453f-8fe4-94f6f597edad,"VIDÉO Élections aus États-Unis : les démocrates américains, à gauche toute - tv5monde VIDÉO Élections aus États-Unis : les démocrates américains, à gauche toute tv5monde",169,25,"Tue, 11 Aug 2026 17:52:15 GMT",tv5monde,information.tv5monde.com,aggregator,fr,unlabeled,none,,,False,False,True,rss,2026-08-14T14:21:36.920948+00:00
11c978a9-c228-4ada-b491-229d445f4813,La Cour suprême de Russie exclut le seul parti antiguerre des élections - 20 Minutes,84,15,"Mon, 10 Aug 2026 19:58:00 GMT",20 Minutes,www.20minutes.fr,aggregator,fr,unlabeled,none,,,False,False,True,rss,2026-08-14T14:21:36.920948+00:00
8c8d3845-647f-46a3-bf05-ffc51dd3af2e,Le Centre Vaud abandonne Valérie Dittli pour les élections 2027 - 20 Minuten,76,13,"Fri, 14 Aug 2026 11:21:27 GMT",20 Minuten,www.20min.ch,aggregator,fr,unlabeled,none,,,False,False,True,rss,2026-08-14T14:21:36.920948+00:00
b7eaa631-e61d-480b-901a-9b93fa1f0047,"Élections, Cerza, camembert… Ces illustrations de notre dessinateur Vince que vous n’avez jamais vues - Ouest-France",116,16,"Mon, 10 Aug 2026 17:04:05 GMT",Ouest-France,www.ouest-france.fr,aggregator,fr,unlabeled,none,,,False,False,True,rss,2026-08-14T14:21:36.920948+00:00
5f31006d-9069-432a-8c45-64c5028593cd,(Multimédia) Le Hamas annonce sa participation aux élections législatives palestiniennes de novembre - 新华网,106,14,"Thu, 13 Aug 2026 02:00:00 GMT",新华网,french.news.cn,aggregator,fr,unlabeled,none,,,False,False,True,rss,2026-08-14T14:21:36.920948+00:00
c250732f-0b42-42c8-a4ce-e921355034b1,"Boris Nadejdine, l'opposant qui pensait pouvoir rester libre en Russie - Courrier international",95,13,"Fri, 14 Aug 2026 13:01:00 GMT",Courrier international,www.courrierinternational.com,aggregator,fr,unlabeled,none,,,False,False,True,rss,2026-08-14T14:21:36.921947+00:00
886c697a-3759-4065-88c8-7ac50ed39710,Russie: la Cour suprême interdit au seul parti antiguerre de se présenter aux élections législatives - BFM,106,17,"Tue, 11 Aug 2026 18:46:29 GMT",BFM,www.bfmtv.com,aggregator,fr,unlabeled,none,,,False,False,True,rss,2026-08-14T14:21:36.921947+00:00
ed65454d-f77a-40ad-8091-c011777aff0a,"Au Royaume-Uni, Nigel Farage réélu à Clacton, malgré un score remarquable de son rival satirique «comte Tête-de-Poubelle - Le Temps",131,20,"Fri, 14 Aug 2026 11:53:14 GMT",Le Temps,www.letemps.ch,aggregator,fr,unlabeled,none,,,False,False,True,rss,2026-08-14T14:21:36.922451+00:00
5a35260d-bd78-41c0-ba6e-8411cbebb623,L’unique parti russe opposé à la guerre en Ukraine écarté des élections législatives - Courrier international,109,16,"Tue, 11 Aug 2026 16:04:21 GMT",Courrier international,www.courrierinternational.com,aggregator,fr,unlabeled,none,,,False,False,True,rss,2026-08-14T14:21:36.922451+00:00
cd51b3d7-09cd-4e89-9180-3bfedff008e7,Élection partielle en Angleterre : victoire pour le candidat anti-immigration Nigel Farage - ici.radio-canada.ca,112,14,"Fri, 14 Aug 2026 02:50:52 GMT",ici.radio-canada.ca,ici.radio-canada.ca,aggregator,fr,unlabeled,none,,,False,False,True,rss,2026-08-14T14:21:36.922451+00:00
a4a78a84-d4b5-4aef-9b22-b30efbe0c5a9,"Aux Etats-Unis, six primaires prolongent l’incertitude sur la stratégie des partis avant les élections de mi-mandat - Le Temps",126,19,"Tue, 11 Aug 2026 07:00:00 GMT",Le Temps,www.letemps.ch,aggregator,fr,unlabeled,none,,,False,False,True,rss,2026-08-14T14:21:36.922451+00:00
a3d96dcb-eb57-4960-8749-9298416d6ffc,Sénatoriales 2026 en Sarthe : le maire de Sablé-sur-Sarthe invite les sept candidats à débattre - Maville Le Mans,113,19,"Fri, 14 Aug 2026 06:32:00 GMT",Maville Le Mans,lemans.maville.com,aggregator,fr,unlabeled,none,,,False,False,True,rss,2026-08-14T14:21:36.922451+00:00
6c72ec82-111f-48b4-a6b5-967a8dc413ff,La jeunesse se détourne de Meloni à un an des élections - TradingView,69,13,"Thu, 13 Aug 2026 16:24:31 GMT",TradingView,fr.tradingview.com,aggregator,fr,unlabeled,none,,,False,False,True,rss,2026-08-14T14:21:36.923956+00:00
7e2d2db2-1bfd-4ca3-bf1a-362904d5ee38,Élections sénatoriales 2026 - drome.gouv.fr,43,5,"Fri, 31 Jul 2026 07:00:00 GMT",drome.gouv.fr,www.drome.gouv.fr,aggregator,fr,unlabeled,none,,,False,False,True,rss,2026-08-14T14:21:36.923956+00:00
6cef13e2-30ca-4beb-b523-11e37425036f,Elections sénatoriales 2026 - Les services de l'État dans le Doubs,66,11,"Tue, 28 Jul 2026 07:00:00 GMT",Les services de l'État dans le Doubs,www.doubs.gouv.fr,aggregator,fr,unlabeled,none,,,False,False,True,rss,2026-08-14T14:21:36.923956+00:00
ad2ef85e-e9cc-46c7-a3fc-3a3cd2e4a8fd,Élections sénatoriales - estigarde.fr,37,4,"Tue, 11 Aug 2026 21:35:25 GMT",estigarde.fr,estigarde.fr,aggregator,fr,unlabeled,none,,,False,False,True,rss,2026-08-14T14:21:36.923956+00:00
d632c756-503a-4035-a44d-d9d23aeed6d3,Presse : Les organisations professionnelles appellent à des élections transparentes - Yabiladi.com,98,12,"Mon, 10 Aug 2026 17:00:00 GMT",Yabiladi.com,www.yabiladi.com,aggregator,fr,unlabeled,none,,,False,False,True,rss,2026-08-14T14:21:36.924539+00:00
89787f57-16b1-4ee3-919f-546c9302ac38,"Un prestataire de Santé publique France victime d'une cyberattaque, près de 80 000 données de contact concernées - franceinfo",125,19,"Thu, 13 Aug 2026 13:46:28 GMT",franceinfo,www.franceinfo.fr,aggregator,fr,unlabeled,none,,,False,False,True,rss,2026-08-14T14:21:36.924539+00:00
06bb2f87-ffc2-40de-b4cf-38e2e995be03,"Internet Un prestataire de Santé publique France cible d'une cyberattaque, 80 000 données compromises - Le Dauphiné Libéré Internet Un prestataire de Santé publique France cible d'une cyberattaque, 80 000 données compromises Le Dauphiné Libéré",243,35,"Thu, 13 Aug 2026 02:05:34 GMT",Le Dauphiné Libéré,www.ledauphine.com,aggregator,fr,unlabeled,none,,,False,False,True,rss,2026-08-14T14:21:36.925049+00:00
9c8b946c-76bc-488b-b3bd-ce8352bb42bd,Santé publique France lance une enquête pour mesurer comment les Français font face à la canicule dans l'Hexagone - Radio France,128,21,"Fri, 14 Aug 2026 04:43:23 GMT",Radio France,www.radiofrance.fr,aggregator,fr,unlabeled,none,,,False,False,True,rss,2026-08-14T14:21:36.925049+00:00
07963346-f3fc-46ec-810b-3b89ccda2949,"""Optimiser"" son corps grâce aux peptides: des produits interdits et une tendance risquée pour la santé - Orange Actualités",122,19,"Fri, 14 Aug 2026 13:10:12 GMT",Orange Actualités,actu.orange.fr,aggregator,fr,unlabeled,none,,,False,False,True,rss,2026-08-14T14:21:36.925049+00:00
59aa7f52-42ba-4748-9b79-ced3a168d0c2,Ces trois facteurs de risque à éviter pour vivre plus longtemps sans démence - ladepeche.fr,91,15,"Fri, 14 Aug 2026 13:33:00 GMT",ladepeche.fr,www.ladepeche.fr,aggregator,fr,unlabeled,none,,,False,False,True,rss,2026-08-14T14:21:36.925049+00:00
dd4758ae-1107-4fbf-b0bb-a3ac305f6c35,« Les femmes sont les grandes oubliées de la santé » : elle ouvre un cabinet de coaching sportif - Le JSL,105,22,"Fri, 14 Aug 2026 13:17:48 GMT",Le JSL,www.lejsl.com,aggregator,fr,unlabeled,none,,,False,False,True,rss,2026-08-14T14:21:36.926061+00:00
245079c3-1053-4453-bd31-a69be4dccc92,"Envies suicidaires, pénurie d’eau, santé mentale.. La vie à bord du porte-avions USS Abraham Lincoln, déployé au Moyen-Orient, suscite de vives inquiétudes - Le Figaro Envies suicidaires, pénurie d’eau, santé mentale.. La vie à bord du porte-avions USS Abraham Lincoln, déployé au Moyen-Orient, suscite de vives inquiétudes Le Figaro",333,49,"Fri, 14 Aug 2026 10:20:21 GMT",Le Figaro,www.lefigaro.fr,aggregator,fr,unlabeled,none,,,False,False,True,rss,2026-08-14T14:21:36.926789+00:00
77064a70-e6b1-45ae-a9d4-55195af0f407,"SERIE D’ETE – Emmanuel Macron, 10 ans après, quel bilan ? La santé mentale, Grande cause nationale - publicsenat.fr",115,19,"Thu, 13 Aug 2026 05:33:29 GMT",publicsenat.fr,www.publicsenat.fr,aggregator,fr,unlabeled,none,,,False,False,True,rss,2026-08-14T14:21:36.926789+00:00
e1c88af3-7581-4efd-9ff9-9fdf85704be3,Selena Gomez et sa start-up spécialisée dans la santé mentale accusées d'escroquerie par des investisseurs - BFM,112,17,"Fri, 14 Aug 2026 12:02:03 GMT",BFM,www.bfmtv.com,aggregator,fr,unlabeled,none,,,False,False,True,rss,2026-08-14T14:21:36.926789+00:00
e4be4425-fbac-4f0e-ad82-26d0ab9116a8,"Dépendance aux opioïdes : en France, moins d'un patient sur cent accède à l'innovation - L'Express",98,16,"Fri, 14 Aug 2026 06:15:00 GMT",L'Express,www.lexpress.fr,aggregator,fr,unlabeled,none,,,False,False,True,rss,2026-08-14T14:21:36.926789+00:00
b1b7a59f-bb96-496b-a422-7e1196d1446f,"Vosges Organisée pendant 35 ans, la marche de la santé d’Épinal est “définitivement arrêtée” - Vosges Matin Vosges Organisée pendant 35 ans, la marche de la santé d’Épinal est “définitivement arrêtée” Vosges Matin",213,33,"Fri, 14 Aug 2026 09:32:25 GMT",Vosges Matin,www.vosgesmatin.fr,aggregator,fr,unlabeled,none,,,False,False,True,rss,2026-08-14T14:21:36.927842+00:00
3f957c2f-a33b-4b90-b71c-f623efc3226e,"25 °C au robinet : les vagues de chaleur pourraient favoriser la légionellose - Reporterre, le média de l'écologie",114,19,"Fri, 14 Aug 2026 06:46:00 GMT","Reporterre, le média de l'écologie",reporterre.net,aggregator,fr,unlabeled,none,,,False,False,True,rss,2026-08-14T14:21:36.927842+00:00
d7ae9d01-7bf8-47c9-a3e2-c24e73744f9c,Savoie : deux décès liés à la légionellose recensés par l’Agence régionale de santé - Le Figaro Santé,101,18,"Wed, 12 Aug 2026 21:11:28 GMT",Le Figaro Santé,sante.lefigaro.fr,aggregator,fr,unlabeled,none,,,False,False,True,rss,2026-08-14T14:21:36.927842+00:00
6d7f1e26-2678-4c68-9b56-c85fba470ddd,Recrudescence de cas de légionellose en Savoie - Agence régionale de santé (ARS) Auvergne-Rhône-Alpes,101,14,"Thu, 13 Aug 2026 14:18:20 GMT",Agence régionale de santé (ARS) Auvergne-Rhône-Alpes,www.auvergne-rhone-alpes.ars.sante.fr,aggregator,fr,unlabeled,none,,,False,False,True,rss,2026-08-14T14:21:36.927842+00:00
ec525ac1-9d24-4041-ab80-a19262fe7c0c,Le moustique tigre détecté dans le pays de Lorient : l’Agence régionale de santé lance une alerte - Le Télégramme,113,20,"Fri, 14 Aug 2026 09:14:42 GMT",Le Télégramme,www.letelegramme.fr,aggregator,fr,unlabeled,none,,,False,False,True,rss,2026-08-14T14:21:36.927842+00:00
c2e44dfc-1899-4c6f-bd6f-ab6305ede040,Fin de vie : la croisade des établissements de santé catholiques pour introduire une clause de conscience collective - Le Monde.fr,130,21,"Wed, 12 Aug 2026 13:02:31 GMT",Le Monde.fr,www.lemonde.fr,aggregator,fr,unlabeled,none,,,False,False,True,rss,2026-08-14T14:21:36.927842+00:00
cc551cdc-1ec7-4784-81da-5856ecd7f14f,"Un prestataire de Santé Publique France victime d’une cyberattaque : 80 000 donnés ciblées, et que faire si l’on est concerné - Yahoo Life France",145,25,"Fri, 14 Aug 2026 10:40:00 GMT",Yahoo Life France,fr.style.yahoo.com,aggregator,fr,unlabeled,none,,,False,False,True,rss,2026-08-14T14:21:36.929283+00:00
1f70f847-c178-46d5-82c3-b52f033072cb,Où vivre en bonne santé en France ? Cholet en 4e position l'actualité - Cholet.fr,81,15,"Fri, 14 Aug 2026 08:58:18 GMT",Cholet.fr,www.cholet.fr,aggregator,fr,unlabeled,none,,,False,False,True,rss,2026-08-14T14:21:36.929283+00:00
c3e45859-1ea6-4d32-8e0e-891edaada185,Santé - Bras engourdi : quand faut-il s'inquiéter ? - Extrait vidéo Télématin - France TV,89,16,"Fri, 14 Aug 2026 12:42:04 GMT",France TV,www.france.tv,aggregator,fr,unlabeled,none,,,False,False,True,rss,2026-08-14T14:21:36.929283+00:00
2d335203-0539-4ff1-9a5f-d4fbb865f7d3,Santé et handicap : prévenir avant de payer plus cher - Handicap.fr,67,12,"Fri, 14 Aug 2026 06:05:58 GMT",Handicap.fr,informations.handicap.fr,aggregator,fr,unlabeled,none,,,False,False,True,rss,2026-08-14T14:21:36.929283+00:00
32072232-1fa2-421e-a9d2-1f7e651d46dd,"Flambées épidémiques en Afrique, santé sous tension - Médecins du Monde",71,11,"Fri, 14 Aug 2026 12:41:41 GMT",Médecins du Monde,www.medecinsdumonde.org,aggregator,fr,unlabeled,none,,,False,False,True,rss,2026-08-14T14:21:36.929283+00:00
4e5c61c3-0eb1-4209-9cb7-8138a75f0940,Cyberattaque : près de 80 000 contacts de Santé publique France ciblés - Le Moniteur des pharmacies,99,17,"Fri, 14 Aug 2026 10:32:42 GMT",Le Moniteur des pharmacies,www.lemoniteurdespharmacies.fr,aggregator,fr,unlabeled,none,,,False,False,True,rss,2026-08-14T14:21:36.929283+00:00
fd272f8d-9338-46e1-9050-0828a6585046,"USS Abraham Lincoln : après neuf mois en mer, la santé mentale de l'équipage inquiète - L'Express",97,17,"Fri, 14 Aug 2026 12:45:00 GMT",L'Express,www.lexpress.fr,aggregator,fr,unlabeled,none,,,False,False,True,rss,2026-08-14T14:21:36.929283+00:00
57a6a723-8ea3-47d6-ad20-fcf14cc22878,Crème solaire : le danger des réseaux sociaux - sante-sur-le-net.com,68,10,"Fri, 14 Aug 2026 08:22:16 GMT",sante-sur-le-net.com,www.sante-sur-le-net.com,aggregator,fr,unlabeled,none,,,False,False,True,rss,2026-08-14T14:21:36.929283+00:00
cc883477-cde6-47a2-9310-7e3f8dd545c3,New IOC consensus statement calls for system-wide action and regular monitoring to support athlete mental health - olympics.com,127,18,"Fri, 14 Aug 2026 07:40:41 GMT",olympics.com,www.olympics.com,aggregator,fr,unlabeled,none,,,False,False,True,rss,2026-08-14T14:21:36.930789+00:00
a990e101-9982-42e5-aec2-6f52067b5c12,80 000 données personnelles piratées : un prestataire de Santé publique France ciblé par une cyberattaque - Capital.fr,118,18,"Fri, 14 Aug 2026 06:58:01 GMT",Capital.fr,www.capital.fr,aggregator,fr,unlabeled,none,,,False,False,True,rss,2026-08-14T14:21:36.930789+00:00
508691ba-79af-4141-9850-d56e56b2dc1e,La Maison de santé de Boussac obtient le label France Santé pour ses soins coordonnés et accessibles - La Montagne,114,20,"Fri, 14 Aug 2026 04:46:00 GMT",La Montagne,www.lamontagne.fr,aggregator,fr,unlabeled,none,,,False,False,True,rss,2026-08-14T14:21:36.930789+00:00
8f07c6b5-a776-4576-bd61-0b84dfa103e5,"Ils mangent sans grossir : copier ce détail dans leurs gènes pourrait faire la différence pour votre santé - Futura, le média qui explore le monde",146,26,"Fri, 14 Aug 2026 11:02:00 GMT","Futura, le média qui explore le monde",www.futura-sciences.com,aggregator,fr,unlabeled,none,,,False,False,True,rss,2026-08-14T14:21:36.930789+00:00
fa41807f-c46f-4ddc-9466-c8de0f6f5cf4,Arboviroses en 2026 : les maladies transmises par les moustiques continuent leur progression cet été - Santé publique France,124,19,"Fri, 14 Aug 2026 13:40:49 GMT",Santé publique France,www.santepubliquefrance.fr,aggregator,fr,unlabeled,none,,,False,False,True,rss,2026-08-14T14:21:36.932238+00:00
66ce6819-0148-403d-b43b-754ce62d88f7,HTC Santé poursuit son développement : de nouvelles implantations pour renforcer le réseau - Observatoire de la franchise,121,18,"Fri, 14 Aug 2026 09:00:00 GMT",Observatoire de la franchise,www.observatoiredelafranchise.fr,aggregator,fr,unlabeled,none,,,False,False,True,rss,2026-08-14T14:21:36.932238+00:00
72b36a86-96e6-40c9-9830-af24f3b8ce69,Santé : les services de garde à Brioude et ses alentours ce week-end - L’Éveil de la Haute-Loire,96,18,"Fri, 14 Aug 2026 10:00:00 GMT",L’Éveil de la Haute-Loire,www.leveil.fr,aggregator,fr,unlabeled,none,,,False,False,True,rss,2026-08-14T14:21:36.932238+00:00
e55d3621-f4d4-4c95-bd93-bd2d4d2eeadc,Décret : Congés pour raisons de santé et temps partiel thérapeutique - De nouvelles règles applicables aux agents territoriaux - CdG62,134,21,"Wed, 12 Aug 2026 06:53:43 GMT",CdG62,www.cdg62.fr,aggregator,fr,unlabeled,none,,,False,False,True,rss,2026-08-14T14:21:36.932238+00:00
d850ee01-ddb0-403a-bb05-2be368627ae6,"Une cyberattaque frappe un prestataire de Santé publique France, près de 80.000 données de contact ciblées - TF1 Info",117,19,"Thu, 13 Aug 2026 16:36:06 GMT",TF1 Info,www.tf1info.fr,aggregator,fr,unlabeled,none,,,False,False,True,rss,2026-08-14T14:21:36.933308+00:00
cdbdac2c-050b-45e0-89e9-63b2b2447eab,Rencontres de l’été : comment se protéger des IST ? - sante-sur-le-net.com,74,12,"Fri, 14 Aug 2026 08:22:16 GMT",sante-sur-le-net.com,www.sante-sur-le-net.com,aggregator,fr,unlabeled,none,,,False,False,True,rss,2026-08-14T14:21:36.933308+00:00
27f365c7-0c12-4441-8ab0-10e1eae12305,"La prescription sociale, un outil pour améliorer la santé et le bien-être des patients : « J’ai l’impression d’avoir moins de douleurs que quand je me sens seule » - Le Monde.fr",177,32,"Thu, 13 Aug 2026 03:00:07 GMT",Le Monde.fr,www.lemonde.fr,aggregator,fr,unlabeled,none,,,False,False,True,rss,2026-08-14T14:21:36.934314+00:00
d0dcb496-2fb6-4169-a2a4-d0921cb5de87,Fourmies : livraison en 2027 d’un nouveau centre de santé - CANAL FM,68,13,"Fri, 14 Aug 2026 11:28:57 GMT",CANAL FM,www.canalfm.fr,aggregator,fr,unlabeled,none,,,False,False,True,rss,2026-08-14T14:21:36.934314+00:00
312ee405-a9da-4b3d-8b51-07f5f3d5193a,Royaume-Uni : un « environnement hostile » pour les professionnels de santé juifs - The Times of Israël,103,18,"Fri, 14 Aug 2026 07:04:22 GMT",The Times of Israël,fr.timesofisrael.com,aggregator,fr,unlabeled,none,,,False,False,True,rss,2026-08-14T14:21:36.934835+00:00
080a608c-25d3-4e9c-a192-510e2951aa0d,Ce centre de santé près de Toulouse va-t-il fermer ? Le maire répond à la pétition lancée par son prédécesseur - Actu.fr,120,22,"Fri, 14 Aug 2026 04:04:01 GMT",Actu.fr,actu.fr,aggregator,fr,unlabeled,none,,,False,False,True,rss,2026-08-14T14:21:36.934835+00:00
e6adb84a-b5e3-4c9c-85b8-162ff7c38ce2,Des scientifiques cartographient l'impact du design spatial sur la santé mentale des astronautes - Yahoo Actualités,115,16,"Thu, 13 Aug 2026 21:52:00 GMT",Yahoo Actualités,fr.news.yahoo.com,aggregator,fr,unlabeled,none,,,False,False,True,rss,2026-08-14T14:21:36.934835+00:00
f5698811-2a2f-4c32-82e2-c28885e689c9,Lens Un nouveau centre de santé ouvre avec de nombreuses spécialités médicales - horizonactu.fr Lens Un nouveau centre de santé ouvre avec de nombreuses spécialités médicales horizonactu.fr,189,27,"Fri, 14 Aug 2026 09:20:00 GMT",horizonactu.fr,www.horizonactu.fr,aggregator,fr,unlabeled,none,,,False,False,True,rss,2026-08-14T14:21:36.934835+00:00
c1811079-430d-49e0-a269-5bc43635a62f,Canicule : comment protéger la santé des seniors à domicile ? - Aladom,70,13,"Fri, 14 Aug 2026 06:30:00 GMT",Aladom,www.aladom.fr,aggregator,fr,unlabeled,none,,,False,False,True,rss,2026-08-14T14:21:36.935857+00:00
206673a6-c952-4867-b31b-97f42af83ad4,Les édulcorants aident-ils à faire baisser la glycémie ? - Santé Magazine,73,12,"Fri, 14 Aug 2026 09:48:15 GMT",Santé Magazine,www.santemagazine.fr,aggregator,fr,unlabeled,none,,,False,False,True,rss,2026-08-14T14:21:36.935857+00:00
b6cede18-1977-4ec5-a8b2-7dddb43906f7,Santé : les urgences de cet hôpital de Lorraine sont fermées pendant 11 jours - Actu.fr,87,16,"Fri, 14 Aug 2026 07:13:25 GMT",Actu.fr,actu.fr,aggregator,fr,unlabeled,none,,,False,False,True,rss,2026-08-14T14:21:36.935857+00:00
bff5db38-43cf-4ad9-abe6-d68068307fba,Le marché américain du livre confirme sa bonne santé - Livres Hebdo,67,12,"Thu, 13 Aug 2026 21:04:48 GMT",Livres Hebdo,www.livreshebdo.fr,aggregator,fr,unlabeled,none,,,False,False,True,rss,2026-08-14T14:21:36.936874+00:00
b1152ac1-5c45-4547-b070-feb1a9ddcc19,Licence « portail santé » : le Pass-LAS vit ses derniers mois - Le Moniteur des pharmacies,90,17,"Wed, 29 Jul 2026 07:00:00 GMT",Le Moniteur des pharmacies,www.lemoniteurdespharmacies.fr,aggregator,fr,unlabeled,none,,,False,False,True,rss,2026-08-14T14:21:36.936874+00:00
3f68cff3-e6b3-4efa-949f-18b117634992,"En Inde, la santé frugale soigne davantage sans soigner au rabais - We Demain",77,14,"Fri, 14 Aug 2026 07:52:00 GMT",We Demain,www.wedemain.fr,aggregator,fr,unlabeled,none,,,False,False,True,rss,2026-08-14T14:21:36.936874+00:00
9e8d0e03-a74d-4234-ae02-fc606675e6d7,Démence : une étude révèle que la consommation régulière de fromage pourrait jouer un rôle protecteur face à un enjeu de santé mondiale - Science et vie,152,27,"Fri, 14 Aug 2026 09:45:10 GMT",Science et vie,www.science-et-vie.com,aggregator,fr,unlabeled,none,,,False,False,True,rss,2026-08-14T14:21:36.936874+00:00
0e619801-4cf8-44e1-b0ad-2ffa5818f90a,Santé-environnement : découvrez trois métiers pour agir au service de la population - Agence régionale de santé Bourgogne-Franche-Comté,135,18,"Thu, 13 Aug 2026 15:14:06 GMT",Agence régionale de santé Bourgogne-Franche-Comté,www.bourgogne-franche-comte.ars.sante.fr,aggregator,fr,unlabeled,none,,,False,False,True,rss,2026-08-14T14:21:36.937878+00:00
ac28f53a-cf15-4f41-bb5c-b0a8c96f34e3,Les rencontres de la Santé à Isulacciu di Fium'orbu - ici.fr,60,11,"Thu, 13 Aug 2026 15:37:42 GMT",ici.fr,www.ici.fr,aggregator,fr,unlabeled,none,,,False,False,True,rss,2026-08-14T14:21:36.937878+00:00
9afbdb03-a48a-4154-bbec-d0b67b55a2f5,Septembre bouge : un mois pour remettre l’activité physique et sportive au cœur du quotidien - pays-de-la-loire.ars.sante.fr,124,17,"Fri, 14 Aug 2026 07:37:11 GMT",pays-de-la-loire.ars.sante.fr,www.pays-de-la-loire.ars.sante.fr,aggregator,fr,unlabeled,none,,,False,False,True,rss,2026-08-14T14:21:36.937878+00:00
9a2e405e-10f6-4390-a0b1-f7874c69ac7d,Les grandes questions que posent les données de santé : entretien avec Marc Cuggia - Unidivers,94,16,"Fri, 14 Aug 2026 05:07:00 GMT",Unidivers,unidivers.fr,aggregator,fr,unlabeled,none,,,False,False,True,rss,2026-08-14T14:21:36.937878+00:00
2ab81002-ab4f-4f98-90cc-62d179eb2806,Santé : le nombre de postes d'internes ouverts en médecine franchit un seuil « historique » - Les Echos,103,19,"Wed, 12 Aug 2026 10:05:52 GMT",Les Echos,www.lesechos.fr,aggregator,fr,unlabeled,none,,,False,False,True,rss,2026-08-14T14:21:36.938877+00:00
8c02f1ae-6bf4-47e6-8c88-3eda4c659fe9,Tyrese Haliburton rassure sur sa santé et valide les renforts des Pacers - BeBasket,83,14,"Fri, 14 Aug 2026 08:56:07 GMT",BeBasket,www.bebasket.fr,aggregator,fr,unlabeled,none,,,False,False,True,rss,2026-08-14T14:21:36.938877+00:00
0e5ebb3f-a9df-49e7-9aad-a0485dd54d29,La santé mentale des jeunes - Les services de l'État en région,62,12,"Mon, 10 Aug 2026 07:00:00 GMT",Les services de l'État en région,www.prefectures-regions.gouv.fr,aggregator,fr,unlabeled,none,,,False,False,True,rss,2026-08-14T14:21:36.938877+00:00
0412442e-fad9-4ac3-80dc-dafe00aa2a3b,Pourquoi boit-on autant de jus de tomate en avion ? - Sud Ouest,63,13,"Fri, 14 Aug 2026 13:00:07 GMT",Sud Ouest,www.sudouest.fr,aggregator,fr,unlabeled,none,,,False,False,True,rss,2026-08-14T14:21:36.938877+00:00
3b467d6c-cc8f-4078-8462-af52d80d645a,PROSTATE : La moitié des thérapies focales sortent du cadre des recommandations - Santé log,91,15,"Fri, 14 Aug 2026 06:30:00 GMT",Santé log,www.santelog.com,aggregator,fr,unlabeled,none,,,False,False,True,rss,2026-08-14T14:21:36.938877+00:00
51032462-823e-4ec3-9ece-0df229b75dc1,"Compléments alimentaires : utiles, inutiles ou dangereux ? - sante-sur-le-net.com",81,10,"Fri, 14 Aug 2026 06:04:07 GMT",sante-sur-le-net.com,www.sante-sur-le-net.com,aggregator,fr,unlabeled,none,,,False,False,True,rss,2026-08-14T14:21:36.939878+00:00
9ca193e3-faae-4d56-a4e3-46be17e40f15,Incendies entre Neufchâtel-Hardelot et Dannes : quels risques pour la santé ? - Nord Littoral,93,15,"Fri, 14 Aug 2026 05:30:00 GMT",Nord Littoral,www.nordlittoral.fr,aggregator,fr,unlabeled,none,,,False,False,True,rss,2026-08-14T14:21:36.939878+00:00
be4bb85a-b7cb-4fac-b1b7-2ba0e6476a50,"""La folie à laquelle je fais face"" : le chanteur Robbie Williams vient d’apprendre de quel trouble il est atteint… et ça ""explique tellement de choses"" - Midi Libre",164,29,"Fri, 14 Aug 2026 09:46:00 GMT",Midi Libre,www.midilibre.fr,aggregator,fr,unlabeled,none,,,False,False,True,rss,2026-08-14T14:21:36.939878+00:00
a44a4348-661b-4d46-8a70-69517038fda9,Réseau France santé : la proximité de l’accès aux soins en Occitanie - Agence régionale de santé Occitanie,106,18,"Mon, 27 Jul 2026 07:00:00 GMT",Agence régionale de santé Occitanie,www.occitanie.ars.sante.fr,aggregator,fr,unlabeled,none,,,False,False,True,rss,2026-08-14T14:21:36.940880+00:00
66f2a996-dc3a-41d6-a334-6cb5f82dcff6,Santé : Le remboursement des séances chez le kinésithérapeute dans le viseur - Linfo.re,87,14,"Fri, 14 Aug 2026 05:30:00 GMT",Linfo.re,www.linfo.re,aggregator,fr,unlabeled,none,,,False,False,True,rss,2026-08-14T14:21:36.941386+00:00
477f7091-dd27-4bad-85a8-714cf7c97b2f,Unimed développe sa plateforme de soins de santé maritime face à l’adoption croissante de Telemed Plus - Yahoo Finance France,125,20,"Thu, 13 Aug 2026 17:25:00 GMT",Yahoo Finance France,fr.finance.yahoo.com,aggregator,fr,unlabeled,none,,,False,False,True,rss,2026-08-14T14:21:36.941386+00:00
4b6c6e3d-9d5a-4ece-9f84-4f7a87c17f3a,Temps partiel thérapeutique et Arrêts de travail (raisons de santé): ce qui change - CFDT Interco,97,16,"Thu, 13 Aug 2026 10:35:06 GMT",CFDT Interco,interco.cfdt.fr,aggregator,fr,unlabeled,none,,,False,False,True,rss,2026-08-14T14:21:36.941386+00:00
c25d1438-4a98-4016-97a7-2ada01b73d1f,Isigny-le-Buat Le centre de santé municipal obtient le label France Santé - MaVille.com Isigny-le-Buat Le centre de santé municipal obtient le label France Santé MaVille.com,173,25,"Fri, 14 Aug 2026 03:02:00 GMT",MaVille.com,saint-lo.maville.com,aggregator,fr,unlabeled,none,,,False,False,True,rss,2026-08-14T14:21:36.942390+00:00
5eb8c9dc-e0e5-44e3-ad85-8a47de74568e,Boire de l'eau gazeuse tous les jours est-il bon pour la santé ? Un experts en nutrition répond - Yahoo Life France,115,22,"Fri, 14 Aug 2026 10:12:20 GMT",Yahoo Life France,fr.style.yahoo.com,aggregator,fr,unlabeled,none,,,False,False,True,rss,2026-08-14T14:21:36.942390+00:00
2c6fa3fc-8f45-469a-9e2e-2eae41467a66,"Design: L’architecture somatique, cet allié insoupçonné du mieux-vivre - bilan.ch",81,10,"Fri, 14 Aug 2026 12:00:00 GMT",bilan.ch,www.bilan.ch,aggregator,fr,unlabeled,none,,,False,False,True,rss,2026-08-14T14:21:36.942390+00:00
af8350b7-6478-4212-8dcb-250dc42bf766,Cyberattaque chez Santé publique France : les données de contact de 80 000 usagers piratées - E-Sante.fr,104,17,"Fri, 14 Aug 2026 07:40:30 GMT",E-Sante.fr,www.e-sante.fr,aggregator,fr,unlabeled,none,,,False,False,True,rss,2026-08-14T14:21:36.942390+00:00
22063905-08a8-4726-99d2-8c93d679e31e,3 mois depuis le début de la crise Ebola : le mouvement Croix-Rouge confronté à de nombreux défis - Croix-Rouge,111,20,"Fri, 14 Aug 2026 13:39:04 GMT",Croix-Rouge,www.croix-rouge.fr,aggregator,fr,unlabeled,none,,,False,False,True,rss,2026-08-14T14:21:36.943390+00:00
60a6bd0d-1417-4313-8a95-4633611ea69f,"Santé mentale des jeunes : canicule, isolement et difficultés financières, le cocktail toxique de l’été - L'Humanité",116,17,"Thu, 13 Aug 2026 15:48:48 GMT",L'Humanité,www.humanite.fr,aggregator,fr,unlabeled,none,,,False,False,True,rss,2026-08-14T14:21:36.943390+00:00
5a3c67e1-0840-4df3-9669-ce450f347828,« Trump n'a pas l'air en bonne santé » : l'alerte de l'ancien cardiologue du vice-président Dick Cheney - parismatch.com,120,20,"Thu, 13 Aug 2026 09:45:06 GMT",parismatch.com,www.parismatch.com,aggregator,fr,unlabeled,none,,,False,False,True,rss,2026-08-14T14:21:36.943390+00:00
76b5233f-cdad-47ea-bdd5-d5063a2c604f,Pourquoi certaines personnes restent naturellement minces et en meilleure santé : un gène rare pourrait l'expliquer - Science et vie,132,20,"Thu, 13 Aug 2026 19:00:07 GMT",Science et vie,www.science-et-vie.com,aggregator,fr,unlabeled,none,,,False,False,True,rss,2026-08-14T14:21:36.944389+00:00
0fddd302-49b2-4caf-a825-acd682693084,"Les jeter, les recycler, les garder pour la prochaine : que faire de ses lunettes après l’éclipse du 12 août ? - Santé Magazine",127,24,"Fri, 14 Aug 2026 10:50:00 GMT",Santé Magazine,www.santemagazine.fr,aggregator,fr,unlabeled,none,,,False,False,True,rss,2026-08-14T14:21:36.944389+00:00
42212412-55c8-46dc-a390-11234ee57656,"Ebola en RDC: l'épidémie touche une sixième province, un essai clinique sur une centaine de patients - RFI",106,18,"Fri, 14 Aug 2026 09:47:51 GMT",RFI,www.rfi.fr,aggregator,fr,unlabeled,none,,,False,False,True,rss,2026-08-14T14:21:36.944892+00:00
8aff806c-a092-4666-ab07-4c225af7e7ee,Quels sont les risques pour la santé à regarder l’éclipse solaire sans lunettes spéciales - Le HuffPost,103,17,"Wed, 12 Aug 2026 07:00:00 GMT",Le HuffPost,www.huffingtonpost.fr,aggregator,fr,unlabeled,none,,,False,False,True,rss,2026-08-14T14:21:36.944892+00:00
87d72d48-bd3b-4d2e-ba1f-28b1c5c53529,"Situation au Yémen: ""Le système de santé est proche du point de rupture"", alerte l'ONU - BFM",92,17,"Thu, 13 Aug 2026 14:53:14 GMT",BFM,www.bfmtv.com,aggregator,fr,unlabeled,none,,,False,False,True,rss,2026-08-14T14:21:36.944892+00:00
d361d35b-115a-4209-9d4e-fde181b663d6,Une procédure chirurgicale réalisée pour la première fois au CHU de Montpellier : une méthode innovante pour traiter les crises d’épilepsie - Midi Libre,152,24,"Fri, 14 Aug 2026 07:05:00 GMT",Midi Libre,www.midilibre.fr,aggregator,fr,unlabeled,none,,,False,False,True,rss,2026-08-14T14:21:36.944892+00:00
8eea0889-ebbd-4252-a5ae-7da83582e1b0,Près de 80 000 données de contact piratées : un prestataire de Santé publique France victime d'une cyberattaque - L'Indépendant,127,20,"Thu, 13 Aug 2026 16:29:00 GMT",L'Indépendant,www.lindependant.fr,aggregator,fr,unlabeled,none,,,False,False,True,rss,2026-08-14T14:21:36.944892+00:00
0aeb4ba4-ca58-40eb-92f1-8b5732119d64,Vic-en-Bigorre La Maison de santé poursuit son développement - ladepeche.fr Vic-en-Bigorre La Maison de santé poursuit son développement ladepeche.fr,149,19,"Thu, 13 Aug 2026 03:12:00 GMT",ladepeche.fr,www.ladepeche.fr,aggregator,fr,unlabeled,none,,,False,False,True,rss,2026-08-14T14:21:36.946407+00:00
e55a844d-d6c6-408e-843e-17492f126d12,Les Contrats locaux de santé (CLS) déployés en Auvergne-Rhône-Alpes - Agence régionale de santé (ARS) Auvergne-Rhône-Alpes,122,16,"Thu, 06 Aug 2026 14:54:56 GMT",Agence régionale de santé (ARS) Auvergne-Rhône-Alpes,www.auvergne-rhone-alpes.ars.sante.fr,aggregator,fr,unlabeled,none,,,False,False,True,rss,2026-08-14T14:21:36.946407+00:00
6b382fa6-854f-4a72-8f22-98596b2564d1,Running : la musique pour booster les performances ? - Sud Ouest,64,12,"Fri, 14 Aug 2026 08:20:07 GMT",Sud Ouest,www.sudouest.fr,aggregator,fr,unlabeled,none,,,False,False,True,rss,2026-08-14T14:21:36.946925+00:00
a1b805c9-97ac-4cf3-9e15-b4085465efa8,"Les fumeurs savent que le tabac cause le cancer, moins les risques pour le cœur - Yahoo Actualités",98,18,"Fri, 14 Aug 2026 11:25:09 GMT",Yahoo Actualités,fr.news.yahoo.com,aggregator,fr,unlabeled,none,,,False,False,True,rss,2026-08-14T14:21:36.946925+00:00
dc04776f-c6f8-49dd-993f-3e5d0d6f031a,Cyberattaque d’un prestataire de Santé publique France : 80 000 personnes concernées par la fuite de données - Le Parisien,122,20,"Thu, 13 Aug 2026 15:00:01 GMT",Le Parisien,www.leparisien.fr,aggregator,fr,unlabeled,none,,,False,False,True,rss,2026-08-14T14:21:36.946925+00:00
7ababb3b-0463-4b46-8a63-61fc20c1d23c,Laurence Boland nommée à la tête de la santé vaudoise - Agefi.com,65,12,"Fri, 14 Aug 2026 12:36:00 GMT",Agefi.com,agefi.com,aggregator,fr,unlabeled,none,,,False,False,True,rss,2026-08-14T14:21:36.946925+00:00
471e1841-fddd-46aa-9a93-74eb20ac5816,"Fumées toxiques, chaleur intense, stress, fatigue, traumatismes… La santé des pompiers part en fumée - La Vie Ouvrière",118,18,"Thu, 13 Aug 2026 15:00:03 GMT",La Vie Ouvrière,nvo.fr,aggregator,fr,unlabeled,none,,,False,False,True,rss,2026-08-14T14:21:36.946925+00:00
91d633d7-ec03-4425-96ed-ae61d3a36c67,Le ministère de la Santé avait recensé 250 lésions des yeux lors de l'éclipse solaire du 11 août 1999 - franceinfo,114,21,"Wed, 12 Aug 2026 04:00:03 GMT",franceinfo,www.franceinfo.fr,aggregator,fr,unlabeled,none,,,False,False,True,rss,2026-08-14T14:21:36.947935+00:00
162a3063-6d2d-4844-abf7-452370666a85,"Santé à Mayotte : Face à la multiplication des épidémies, la députée Anchya Bamana réclame un « plan sanitaire exceptionnel » - Outre-mer La 1ère",145,25,"Wed, 12 Aug 2026 10:05:00 GMT",Outre-mer La 1ère,la1ere.franceinfo.fr,aggregator,fr,unlabeled,none,,,False,False,True,rss,2026-08-14T14:21:36.947935+00:00
f17b8a38-2a9a-4143-a420-cfbc2de192e1,"Arrêts de travail pour raisons de santé, temps partiel thérapeutique : de nouvelles règles s’appliquent dans la fonction publique - Le portail de la fonction publique",166,26,"Thu, 30 Jul 2026 07:00:00 GMT",Le portail de la fonction publique,www.fonction-publique.gouv.fr,aggregator,fr,unlabeled,none,,,False,False,True,rss,2026-08-14T14:21:36.947935+00:00
94d8ecd3-75c4-400b-a716-abbedf78fdba,"Facebook, Reddit et santé mentale: quand les groupes font du bien - Université de Montréal",90,15,"Thu, 13 Aug 2026 18:05:17 GMT",Université de Montréal,nouvelles.umontreal.ca,aggregator,fr,unlabeled,none,,,False,False,True,rss,2026-08-14T14:21:36.948935+00:00
fa2c36ca-f295-4669-a4cd-b4889b58948b,Deux morts et 41 cas répertoriés : une hausse inhabituelle de légionellose en Savoie - L'Essor Savoyard,103,17,"Fri, 14 Aug 2026 09:19:32 GMT",L'Essor Savoyard,lessorsavoyard.lemessager.fr,aggregator,fr,unlabeled,none,,,False,False,True,rss,2026-08-14T14:21:36.948935+00:00
61fa85a5-cf04-430b-82fb-efecd0050bc7,Santé : le nombre de cas de Mpox et de dengue restent stables à La Réunion - Imaz Press,87,19,"Fri, 14 Aug 2026 10:32:20 GMT",Imaz Press,imazpress.com,aggregator,fr,unlabeled,none,,,False,False,True,rss,2026-08-14T14:21:36.948935+00:00
6f02e1cd-896f-4865-b61b-1bc4670af856,La santé mentale devient un nouveau « goulot d'étranglement » pour la productivité du travail - Vietnam.vn La santé mentale devient un nouveau « goulot d'étranglement » pour la productivité du travail Vietnam.vn,211,33,"Fri, 14 Aug 2026 08:03:37 GMT",Vietnam.vn,www.vietnam.vn,aggregator,fr,unlabeled,none,,,False,False,True,rss,2026-08-14T14:21:36.948935+00:00
a43f5f67-5574-4860-9d6e-97943fbc9ab7,HTC Santé accélère son développement avec de nouvelles implantations - Toute la Franchise,89,13,"Thu, 13 Aug 2026 13:49:44 GMT",Toute la Franchise,www.toute-la-franchise.com,aggregator,fr,unlabeled,none,,,False,False,True,rss,2026-08-14T14:21:36.949936+00:00
434d120b-25b7-40dc-a7c7-934985977dfd,Label France Santé : un réseau au service des soins de proximité - ARS Nouvelle-Aquitaine,89,15,"Thu, 23 Jul 2026 07:00:00 GMT",ARS Nouvelle-Aquitaine,www.nouvelle-aquitaine.ars.sante.fr,aggregator,fr,unlabeled,none,,,False,False,True,rss,2026-08-14T14:21:36.949936+00:00
7383b11a-9927-4e38-ac43-1af9c5559e45,Chaleur et santé - World Health Organization (WHO),50,8,"Fri, 31 Jul 2026 07:00:00 GMT",World Health Organization (WHO),www.who.int,aggregator,fr,unlabeled,none,,,False,False,True,rss,2026-08-14T14:21:36.949936+00:00
b9396fc3-24c7-4b05-84c0-e2730ede4d4e,Les vagues de chaleur et leurs effets sur la santé - sante.gouv.fr,66,12,"Wed, 29 Jul 2026 07:00:00 GMT",sante.gouv.fr,sante.gouv.fr,aggregator,fr,unlabeled,none,,,False,False,True,rss,2026-08-14T14:21:36.949936+00:00
8316e8c4-d95e-421d-9c89-d3dd86760dfe,"Manque d'effectifs, équipements obsolètes, santé en danger : les pompiers en grève dénoncent ""l'hypocrisie politique"" et un système ""à saturation"" - France 3 Régions",165,24,"Thu, 13 Aug 2026 15:53:55 GMT",France 3 Régions,france3-regions.franceinfo.fr,aggregator,fr,unlabeled,none,,,False,False,True,rss,2026-08-14T14:21:36.949936+00:00
b33a2eaa-c8ab-434e-b842-da1446565580,"Les lignes d’écoute, un recours pour parler santé mentale l’été - L'Humanité",76,12,"Thu, 13 Aug 2026 15:10:47 GMT",L'Humanité,www.humanite.fr,aggregator,fr,unlabeled,none,,,False,False,True,rss,2026-08-14T14:21:36.950936+00:00
6c0f603c-4a8b-498c-9728-586cdbade03f,L’Asept prend le parti du yoga du rire - ladepeche.fr,53,10,"Thu, 13 Aug 2026 21:41:00 GMT",ladepeche.fr,www.ladepeche.fr,aggregator,fr,unlabeled,none,,,False,False,True,rss,2026-08-14T14:21:36.950936+00:00
cc59bc24-508e-423e-be02-a265b560bc91,Prévention santé - Conseil départemental de l'Essonne,53,7,"Thu, 06 Aug 2026 07:00:00 GMT",Conseil départemental de l'Essonne,www.essonne.fr,aggregator,fr,unlabeled,none,,,False,False,True,rss,2026-08-14T14:21:36.950936+00:00
d34f2cb8-0d50-4b08-9bcc-9da926da34ce,"Effectifs, moyens, santé...État des lieux des conditions de travail des pompiers - BFM",86,13,"Thu, 13 Aug 2026 15:05:17 GMT",BFM,www.bfmtv.com,aggregator,fr,unlabeled,none,,,False,False,True,rss,2026-08-14T14:21:36.950936+00:00
816499f7-b6be-403a-9acd-c8373f810321,"Roland Lescure, ministre de l’Economie : «La question de la contribution des retraités aisés mérite d’être posée - Libération Roland Lescure, ministre de l’Economie : «La question de la contribution des retraités aisés mérite d’être posée Libération Budget: le ministre de l’Économie ouvre la porte à un gel partiel des retraites en 2027 Le Figaro Budget 2027 : ""D’un point de vue économique, le gel des pensions de retraite est l’ajustement le moins brutal"" L'Express",468,75,"Thu, 13 Aug 2026 17:43:00 GMT",Libération,www.liberation.fr,aggregator,fr,unlabeled,none,,,False,False,True,rss,2026-08-14T14:21:36.950936+00:00
d5968d81-84f8-464f-be07-fedef77f0b43,"Spécial week-end | ""Le boycott silencieux"" : quand la dépendance économique devient un risque stratégique pour Israël - i24NEWS",127,19,"Fri, 14 Aug 2026 13:05:18 GMT",i24NEWS,www.i24news.tv,aggregator,fr,unlabeled,none,,,False,False,True,rss,2026-08-14T14:21:36.950936+00:00
ee513355-efec-4ef1-aa54-9ddbc0fcf7fe,"La facture des canicules risque d’être salée pour l’économie française : jusqu’à 15 milliards d’euros, selon la ministre de la transition écologique - Le Monde.fr",162,25,"Wed, 12 Aug 2026 20:45:09 GMT",Le Monde.fr,www.lemonde.fr,aggregator,fr,unlabeled,none,,,False,False,True,rss,2026-08-14T14:21:36.951936+00:00
5334cbeb-2f68-4e80-b475-4cb473cd957b,"L'Indonésie va fermer plus de 750 entreprises publiques dans une chasse aux ""improductifs"" de son économie - Boursorama",119,18,"Fri, 14 Aug 2026 06:52:26 GMT",Boursorama,www.boursorama.com,aggregator,fr,unlabeled,none,,,False,False,True,rss,2026-08-14T14:21:36.952440+00:00
8fb979df-a6e2-432c-b3cc-ba3c0ea9cf48,"Familles nombreuses, retraite, APL des étudiants.. Les propositions chocs des services de Bercy - Le Figaro Familles nombreuses, retraite, APL des étudiants.. Les propositions chocs des services de Bercy Le Figaro",213,31,"Thu, 13 Aug 2026 13:03:54 GMT",Le Figaro,www.lefigaro.fr,aggregator,fr,unlabeled,none,,,False,False,True,rss,2026-08-14T14:21:36.952948+00:00
42d9c75d-fd95-4dac-a277-ca9bc08698b7,Impôts : un rapport de Bercy propose une potion amère pour les familles les plus aisées - Les Echos,99,19,"Wed, 12 Aug 2026 07:05:08 GMT",Les Echos,www.lesechos.fr,aggregator,fr,unlabeled,none,,,False,False,True,rss,2026-08-14T14:21:36.952948+00:00
85075d2e-c074-4d23-b961-2e4cd57d2781,Politiques familiales : les pistes d'économies explosives de l'IGF et de l'Igas - La Tribune,92,15,"Thu, 13 Aug 2026 16:20:23 GMT",La Tribune,www.latribune.fr,aggregator,fr,unlabeled,none,,,False,False,True,rss,2026-08-14T14:21:36.952948+00:00
a32b0c3d-6ef5-4768-9868-d4e496a1754a,Des frappes à la pression économique : comment Donald Trump a changé de tactique face à l'Iran - La Tribune,107,20,"Thu, 13 Aug 2026 11:51:03 GMT",La Tribune,www.latribune.fr,aggregator,fr,unlabeled,none,,,False,False,True,rss,2026-08-14T14:21:36.952948+00:00
5f99d281-0b07-4c09-b568-2885a890af87,"Après la France et l'Europe, au tour des Etats-Unis de taxer les petits colis venus de Chine (cela pourrait leur rapporter 11 milliards de dollars) - BFM",153,27,"Fri, 14 Aug 2026 05:53:21 GMT",BFM,www.bfmtv.com,aggregator,fr,unlabeled,none,,,False,False,True,rss,2026-08-14T14:21:36.952948+00:00
403ee81a-261f-4d3f-a3ad-e0d516d91109,Forte croissance de l'économie helvétique au deuxième trimestre - Zonebourse,76,10,"Fri, 14 Aug 2026 07:26:25 GMT",Zonebourse,www.zonebourse.com,aggregator,fr,unlabeled,none,,,False,False,True,rss,2026-08-14T14:21:36.952948+00:00
52dd28f7-e38d-4d18-8099-a4b5405ec7b5,Info éco - Colombie : le séisme pèse sur l'industrie du café et toute l'économie - France 24,92,18,"Thu, 13 Aug 2026 19:30:49 GMT",France 24,www.france24.com,aggregator,fr,unlabeled,none,,,False,False,True,rss,2026-08-14T14:21:36.954460+00:00
cd96b568-ff8f-431a-a50a-e4ee3acb094d,Aujourd'hui l'économie - Diasporas commerçantes: les Haïtiens du Québec [5/5] - RFI,83,12,"Fri, 14 Aug 2026 06:53:53 GMT",RFI,www.rfi.fr,aggregator,fr,unlabeled,none,,,False,False,True,rss,2026-08-14T14:21:36.954460+00:00
f09610fe-fa9a-425d-9e60-def9676e6595,"En chiffres, une économie iranienne à bout de souffle - Ici Beyrouth",68,12,"Fri, 14 Aug 2026 13:00:34 GMT",Ici Beyrouth,icibeyrouth.com,aggregator,fr,unlabeled,none,,,False,False,True,rss,2026-08-14T14:21:36.954460+00:00
686b5696-8995-493a-800d-38c1aadabd9c,"L'économie suisse, portée par la chimie et la pharmacie, surprend par sa vigueur - Les Echos",92,16,"Fri, 14 Aug 2026 10:47:31 GMT",Les Echos,www.lesechos.fr,aggregator,fr,unlabeled,none,,,False,False,True,rss,2026-08-14T14:21:36.954972+00:00
12f02f39-b70a-4c70-91a3-96a4752ef9bd,Football : un ancien joueur de l’OM reprend ses études d’économie en Nouvelle-Zélande - Le Parisien,99,16,"Fri, 14 Aug 2026 08:44:48 GMT",Le Parisien,www.leparisien.fr,aggregator,fr,unlabeled,none,,,False,False,True,rss,2026-08-14T14:21:36.954972+00:00
cb0e60bf-e9d8-4570-bd19-156748694c4a,La Banque de France de Meurthe-et-Moselle décrypte l'économie le 23 se .. - La Gazette France La Banque de France de Meurthe-et-Moselle décrypte l'économie le 23 se .. La Gazette France,185,31,"Fri, 14 Aug 2026 06:02:04 GMT",La Gazette France,www.lagazettefrance.fr,aggregator,fr,unlabeled,none,,,False,False,True,rss,2026-08-14T14:21:36.954972+00:00
44883639-cc94-4ed9-a554-c866fcba228b,Économie : Campari vend les cognacs Bisquit & Dubouché - Sud Ouest,66,12,"Fri, 14 Aug 2026 13:06:42 GMT",Sud Ouest,www.sudouest.fr,aggregator,fr,unlabeled,none,,,False,False,True,rss,2026-08-14T14:21:36.954972+00:00
c2cb3291-c901-4ec0-b507-90b7c1bcddb9,Assurance emprunteur : jusqu'à 7 800 euros d'économie en quittant l'offre de sa banque - Capital.fr,99,16,"Fri, 14 Aug 2026 11:00:00 GMT",Capital.fr,www.capital.fr,aggregator,fr,unlabeled,none,,,False,False,True,rss,2026-08-14T14:21:36.954972+00:00
5e4f8261-c40e-465c-a038-378287d194c1,Le ministre de l’économie remet le gel partiel des retraites sur la table - 20 Minutes,86,16,"Fri, 14 Aug 2026 07:04:00 GMT",20 Minutes,www.20minutes.fr,aggregator,fr,unlabeled,none,,,False,False,True,rss,2026-08-14T14:21:36.954972+00:00
7d1e5022-f0a0-448b-92f5-47fb2242d477,Nouvelles nominations et confirmations au Conseil pour l’économie - Vatican News,80,11,"Tue, 11 Aug 2026 14:33:24 GMT",Vatican News,www.vaticannews.va,aggregator,fr,unlabeled,none,,,False,False,True,rss,2026-08-14T14:21:36.955975+00:00
6078dd9a-a490-4d53-a49a-9c0988c49645,"Le Tour de France Femmes, fer de lance d’une économie du sport féminin qui décolle (enfin) - Le Figaro",102,19,"Fri, 14 Aug 2026 06:00:09 GMT",Le Figaro,www.lefigaro.fr,aggregator,fr,unlabeled,none,,,False,False,True,rss,2026-08-14T14:21:36.955975+00:00
e2c6c25f-8877-4411-b4c3-01f4cd83f938,Lactalis rachète la division produits laitiers au Royaume-Uni du canadien Saputo - tv5monde,91,13,"Fri, 14 Aug 2026 12:24:13 GMT",tv5monde,information.tv5monde.com,aggregator,fr,unlabeled,none,,,False,False,True,rss,2026-08-14T14:21:36.955975+00:00
a219351b-be34-4a69-8b89-49e2d383a182,"L'économie suisse en forte croissance au 2e trimestre, le PIB prend 1,5% - rts.ch",81,14,"Fri, 14 Aug 2026 12:20:11 GMT",rts.ch,www.rts.ch,aggregator,fr,unlabeled,none,,,False,False,True,rss,2026-08-14T14:21:36.955975+00:00
7bfb3281-2f0f-418f-a6b4-c804066d7fa5,"Chamonix, l'économie du tourisme de haute montagne - Le nouvel Economiste",73,11,"Fri, 14 Aug 2026 07:00:13 GMT",Le nouvel Economiste,www.lenouveleconomiste.fr,aggregator,fr,unlabeled,none,,,False,False,True,rss,2026-08-14T14:21:36.955975+00:00
a5fe5d50-9441-49d4-8fe2-811d86241d25,L'économie russe rebondit au second trimestre malgré les sanctions et les frappes ukrainiennes - Les Echos,106,16,"Wed, 12 Aug 2026 17:17:28 GMT",Les Echos,www.lesechos.fr,aggregator,fr,unlabeled,none,,,False,False,True,rss,2026-08-14T14:21:36.957144+00:00
cf23d465-038e-4e91-a5cf-6c09af375b0f,"""Myopie"" et ""déni"", les marchés boursiers ignorent le réchauffement climatique - tv5monde",89,12,"Fri, 14 Aug 2026 10:07:45 GMT",tv5monde,information.tv5monde.com,aggregator,fr,unlabeled,none,,,False,False,True,rss,2026-08-14T14:21:36.957144+00:00
ba4f3f0f-b525-43c9-b947-28e67b88c3fc,L'agenda Bourse et économie de la semaine du 17 au 21 août 2026 - Les Echos,75,16,"Fri, 14 Aug 2026 09:27:11 GMT",Les Echos,investir.lesechos.fr,aggregator,fr,unlabeled,none,,,False,False,True,rss,2026-08-14T14:21:36.957144+00:00
e2cdc744-dc9d-4ce5-826e-2ca600ef5342,L'Indonésie va fermer plus de 750 entreprises publiques - tv5monde,66,10,"Fri, 14 Aug 2026 07:50:59 GMT",tv5monde,information.tv5monde.com,aggregator,fr,unlabeled,none,,,False,False,True,rss,2026-08-14T14:21:36.957144+00:00
67a13e03-2c2c-4ea6-884d-13db5d37aabe,Normandie L'économie régionale résiste bien en juillet - tendanceouest.com Normandie L'économie régionale résiste bien en juillet tendanceouest.com,147,17,"Fri, 14 Aug 2026 10:00:00 GMT",tendanceouest.com,www.tendanceouest.com,aggregator,fr,unlabeled,none,,,False,False,True,rss,2026-08-14T14:21:36.957144+00:00
57e359f3-95ad-4a17-8eeb-5d4018e4a479,"Billets, budget, inflation, arnaques : des animations ludiques pour sensibiliser petits et grands à l’économie - Outre-mer La 1ère",130,19,"Fri, 14 Aug 2026 09:00:01 GMT",Outre-mer La 1ère,la1ere.franceinfo.fr,aggregator,fr,unlabeled,none,,,False,False,True,rss,2026-08-14T14:21:36.957144+00:00
84036d1b-90f1-46c1-ae07-5a314ff03e09,Site des impôts piraté: le ministère de l'Economie confirme une intrusion - franceinfo,86,13,"Fri, 14 Aug 2026 11:47:01 GMT",franceinfo,www.franceinfo.fr,aggregator,fr,unlabeled,none,,,False,False,True,rss,2026-08-14T14:21:36.958190+00:00
ba235f85-0d66-46f7-aafb-c4afd798d5a2,"Budget 2027 : le ministre de l’Économie, Roland Lescure, remet le gel partiel des retraites sur la table - Sud Ouest",116,21,"Thu, 13 Aug 2026 20:50:15 GMT",Sud Ouest,www.sudouest.fr,aggregator,fr,unlabeled,none,,,False,False,True,rss,2026-08-14T14:21:36.958190+00:00
717d50ab-abf3-49da-81d8-177cba109f52,« Un désastre pour tous » : l'Iran voit son économie s'approcher du gouffre - Les Echos,87,17,"Thu, 13 Aug 2026 05:15:16 GMT",Les Echos,www.lesechos.fr,aggregator,fr,unlabeled,none,,,False,False,True,rss,2026-08-14T14:21:36.958190+00:00
18eb4d84-336f-4c52-af3e-f9921b25eeae,"Situation familiale, revenu fiscal : ce que l'on sait du piratage des données du fisc - La Tribune",98,18,"Fri, 14 Aug 2026 13:20:25 GMT",La Tribune,www.latribune.fr,aggregator,fr,unlabeled,none,,,False,False,True,rss,2026-08-14T14:21:36.958190+00:00
517dbb0b-98f1-4593-8e61-e6795e03b10f,Il coûte jusqu'à 50 millions de dollars l'unité: l'armée américaine a perdu 45 drones Reaper dans sa guerre contre l'Iran (cela représente 25% de sa flotte) - BFM,162,28,"Fri, 14 Aug 2026 07:39:45 GMT",BFM,www.bfmtv.com,aggregator,fr,unlabeled,none,,,False,False,True,rss,2026-08-14T14:21:36.959191+00:00
29a65ccd-e105-43f4-82fe-e5a1f1e2a856,La Bourse de Paris hésite entre inflation américaine et prix du brut - tv5monde,79,14,"Fri, 14 Aug 2026 09:12:39 GMT",tv5monde,information.tv5monde.com,aggregator,fr,unlabeled,none,,,False,False,True,rss,2026-08-14T14:21:36.959191+00:00
3f76bc51-645f-4665-99e7-8b3d852c6514,Budget 2027 : le ministre de l'Économie persiste sur la contribution des retraités aisés - Orange Actualités,108,17,"Fri, 14 Aug 2026 08:10:00 GMT",Orange Actualités,actu.orange.fr,aggregator,fr,unlabeled,none,,,False,False,True,rss,2026-08-14T14:21:36.959191+00:00
561accc5-299b-48eb-8f1d-2c4f0dcd0edc,"Zone euro : La croissance du PIB a rebondi à 0,4% au T2-deuxième estimation - Les Echos",87,17,"Fri, 14 Aug 2026 09:04:00 GMT",Les Echos,investir.lesechos.fr,aggregator,fr,unlabeled,none,,,False,False,True,rss,2026-08-14T14:21:36.959191+00:00
81d32813-bef4-41a8-8e93-5266b53b9b9c,"Washington menace l'Iran d'un isolement 'jamais vu', loin des promesses d'accord sur Ormuz - tv5monde",101,15,"Fri, 14 Aug 2026 03:20:46 GMT",tv5monde,information.tv5monde.com,aggregator,fr,unlabeled,none,,,False,False,True,rss,2026-08-14T14:21:36.959191+00:00
686cfbd9-ffb5-4a49-82f5-60ad15bca3aa,"Les Ukrainiens portent un nouveau coup à l'économie russe en frappant un nouvel entrepôt Wildberries, géant du commerce en ligne - franceinfo",141,22,"Tue, 11 Aug 2026 08:49:07 GMT",franceinfo,www.franceinfo.fr,aggregator,fr,unlabeled,none,,,False,False,True,rss,2026-08-14T14:21:36.960191+00:00
6f54bc13-d117-494a-a69f-f358cd9abe80,"Les dernières menaces tarifaires américaines auront un impact limité sur l'économie canadienne, selon RBC - Zonebourse Suisse",125,17,"Fri, 14 Aug 2026 10:28:43 GMT",Zonebourse Suisse,ch.zonebourse.com,aggregator,fr,unlabeled,none,,,False,False,True,rss,2026-08-14T14:21:36.960695+00:00
33a98c2d-9fb3-44c7-9238-42d8f599ddc5,"Budget 2027 : le ministre de l'Économie plaide pour une ""indexation plus modérée"" des pensions ""des retraités aisés"" - TF1 Info",127,21,"Thu, 13 Aug 2026 20:51:56 GMT",TF1 Info,www.tf1info.fr,aggregator,fr,unlabeled,none,,,False,False,True,rss,2026-08-14T14:21:36.960695+00:00
9054d162-c5de-4e4c-ace3-03ef5a1f6c13,Inquiétude d'organisations étudiantes après un rapport proposant une réforme des APL - Maritima,95,13,"Fri, 14 Aug 2026 05:27:32 GMT",Maritima,maritima.fr,aggregator,fr,unlabeled,none,,,False,False,True,rss,2026-08-14T14:21:36.960695+00:00
636f2407-f051-43dd-8d7e-c935bf404fb9,"ÉCONOMIE ECE-L'économie roumaine se contracte moins que prévu, mais reste freinée par la sécheresse et l'instabilité politique - Zonebourse Suisse",146,20,"Fri, 14 Aug 2026 08:03:28 GMT",Zonebourse Suisse,ch.zonebourse.com,aggregator,fr,unlabeled,none,,,False,False,True,rss,2026-08-14T14:21:36.960695+00:00
eaf2ca67-5f41-4b35-8bb2-d4b2f17ae149,"ENTRETIEN Guerre en Ukraine : ""Plus personne ne croit que l'économie russe peut s'effondrer, mais à terme, cette situation n'est pas soutenable"", analyse Guillaume Ancel - ladepeche.fr ENTRETIEN Guerre en Ukraine : ""Plus personne ne croit que l'économie russe peut s'effondrer, mais à terme, cette situation n'est pas soutenable"", analyse Guillaume Ancel ladepeche.fr",367,53,"Tue, 11 Aug 2026 04:34:00 GMT",ladepeche.fr,www.ladepeche.fr,aggregator,fr,unlabeled,none,,,False,False,True,rss,2026-08-14T14:21:36.961925+00:00
fa70cfe0-f84e-4e07-b13a-cabebda72ae8,Trump impose des droits de douane sur les drones pour soutenir l'industrie américaine - tv5monde,96,15,"Fri, 14 Aug 2026 09:34:26 GMT",tv5monde,information.tv5monde.com,aggregator,fr,unlabeled,none,,,False,False,True,rss,2026-08-14T14:21:36.961925+00:00
c65edb50-0063-457f-ac40-57d54ad7c21b,"L’économie de la zone euro aurait progressé de 0,4% au deuxième trimestre - Investing.com France",96,15,"Fri, 14 Aug 2026 09:31:00 GMT",Investing.com France,fr.investing.com,aggregator,fr,unlabeled,none,,,False,False,True,rss,2026-08-14T14:21:36.961925+00:00
16277acc-f0ef-4b3e-beb7-f9ffcdabd271,"Inflation, pouvoir d'achat : le grand fossé entre le ressenti des Français et la réalité des chiffres - Les Echos",113,20,"Fri, 14 Aug 2026 10:00:09 GMT",Les Echos,www.lesechos.fr,aggregator,fr,unlabeled,none,,,False,False,True,rss,2026-08-14T14:21:36.961925+00:00
2e646dfd-98a7-4946-8b58-d8fccf6e2ffa,"Carbios, la pépite française au cœur des manœuvres chinoises - Valeurs actuelles",80,12,"Fri, 14 Aug 2026 11:00:26 GMT",Valeurs actuelles,www.valeursactuelles.com,aggregator,fr,unlabeled,none,,,False,False,True,rss,2026-08-14T14:21:36.962931+00:00
1b45254a-92a7-4785-8a8b-23503542ae7a,Pourquoi l'économie allemande est en passe de sortir de sa léthargie après six ans de quasi-stagnation - Les Echos,114,19,"Mon, 10 Aug 2026 04:25:09 GMT",Les Echos,www.lesechos.fr,aggregator,fr,unlabeled,none,,,False,False,True,rss,2026-08-14T14:21:36.962931+00:00
72b609b8-9009-44c7-b9c1-8fea5c66afc9,"Wall Street a-t-elle perdu la boule ? ""Une économie parallèle est en train de se créer"" - Trends-Tendances",106,18,"Fri, 14 Aug 2026 11:34:29 GMT",Trends-Tendances,trends.levif.be,aggregator,fr,unlabeled,none,,,False,False,True,rss,2026-08-14T14:21:36.962931+00:00
1d5620b4-af9a-4e4e-a66b-ed113ecea40e,"Versailles, l'économie patrimoniale au cœur des Yvelines - Le nouvel Economiste",79,11,"Thu, 13 Aug 2026 19:11:26 GMT",Le nouvel Economiste,www.lenouveleconomiste.fr,aggregator,fr,unlabeled,none,,,False,False,True,rss,2026-08-14T14:21:36.962931+00:00
89d3c9a5-03b5-45d1-929f-b153a7e9e64c,PARIS : Silver économie - Le viager comme solution pour le patrimoine et le pouvoir d'achat - Presse Agence,107,19,"Fri, 14 Aug 2026 06:00:00 GMT",Presse Agence,presseagence.fr,aggregator,fr,unlabeled,none,,,False,False,True,rss,2026-08-14T14:21:36.962931+00:00
3a267ee4-0323-4963-ae08-c49bc1bf72f7,"Au Porge, la quête d'un ""juste dédommagement"" pour les sinistrés du mégafeu - tv5monde",86,14,"Fri, 14 Aug 2026 06:34:11 GMT",tv5monde,information.tv5monde.com,aggregator,fr,unlabeled,none,,,False,False,True,rss,2026-08-14T14:21:36.962931+00:00
e78dbb07-91c2-4951-9d68-e5264d04862f,"France : l'inflation est confirmée à 2,1% sur un an en juillet - Les Echos",74,15,"Fri, 14 Aug 2026 06:45:00 GMT",Les Echos,investir.lesechos.fr,aggregator,fr,unlabeled,none,,,False,False,True,rss,2026-08-14T14:21:36.962931+00:00
bf57d186-08a0-4bc8-944d-9795ca6a62ad,Le ministre de l’Économie ouvre la porte à un gel partiel des retraites en 2027 - Gentside,90,17,"Fri, 14 Aug 2026 08:30:00 GMT",Gentside,www.gentside.com,aggregator,fr,unlabeled,none,,,False,False,True,rss,2026-08-14T14:21:36.962931+00:00
8e6c926e-499d-4873-893b-a8ecc2f46065,"L'économie malaisienne progresse de 6 % sur un an au deuxième trimestre, dépassant les attentes - Zonebourse Suisse",115,18,"Fri, 14 Aug 2026 04:02:09 GMT",Zonebourse Suisse,ch.zonebourse.com,aggregator,fr,unlabeled,none,,,False,False,True,rss,2026-08-14T14:21:36.964436+00:00
42f4d8c3-1358-40e5-8265-7742b9e1755c,L'économie britannique fait de la résistance - Les Echos,56,9,"Thu, 13 Aug 2026 06:55:36 GMT",Les Echos,www.lesechos.fr,aggregator,fr,unlabeled,none,,,False,False,True,rss,2026-08-14T14:21:36.964436+00:00
f4ea71ec-e8c1-4e75-a8fb-9beefc899334,Croissance surprise de l'économie helvétique au deuxième trimestre - Radio LFM,78,11,"Fri, 14 Aug 2026 10:12:23 GMT",Radio LFM,www.lfm.ch,aggregator,fr,unlabeled,none,,,False,False,True,rss,2026-08-14T14:21:36.964952+00:00
558e40a8-d592-4392-b84f-29e19e858c56,"2,5% de croissance sur un an : pourquoi l’économie portugaise fait la course en tête en Europe - Le Figaro",106,20,"Tue, 11 Aug 2026 12:56:23 GMT",Le Figaro,www.lefigaro.fr,aggregator,fr,unlabeled,none,,,False,False,True,rss,2026-08-14T14:21:36.964952+00:00
80e2bf71-5ca3-4f64-a377-59df48808b6a,"France : L'inflation IPCH confirmée à +2,4% sur un an en juillet - Les Echos",76,15,"Fri, 14 Aug 2026 06:45:00 GMT",Les Echos,investir.lesechos.fr,aggregator,fr,unlabeled,none,,,False,False,True,rss,2026-08-14T14:21:36.964952+00:00
26e239bf-e35a-4772-8dd0-a9a6f41c528a,Budget 2027 : Roland Lescure serait favorable à une contribution des retraités les plus aisés - Previssima,106,17,"Fri, 14 Aug 2026 08:38:00 GMT",Previssima,www.previssima.fr,aggregator,fr,unlabeled,none,,,False,False,True,rss,2026-08-14T14:21:36.964952+00:00
0a8c5317-6d2c-4fc3-8adc-19fffbd6a2e3,"APL, allocs, impôts, retraite : les pistes explosives sur la table du gouvernement pour diminuer le coût des politiques familiales - Les Echos",142,23,"Wed, 12 Aug 2026 04:10:09 GMT",Les Echos,www.lesechos.fr,aggregator,fr,unlabeled,none,,,False,False,True,rss,2026-08-14T14:21:36.964952+00:00
ecdb1388-1a50-46ac-89b2-8b48c9a81327,"Le fisc victime d’une cyberattaque : les données de particuliers et de professionnels exploitées par ""un acteur malveillant"" - Midi Libre",137,21,"Thu, 13 Aug 2026 19:13:00 GMT",Midi Libre,www.midilibre.fr,aggregator,fr,unlabeled,none,,,False,False,True,rss,2026-08-14T14:21:36.965968+00:00
06335568-126d-4130-afa0-913d34b94cfb,« L'économie française est sur le fil du rasoir » : l'alerte du chef économiste d'AXA - Les Echos,97,19,"Sat, 08 Aug 2026 07:00:31 GMT",Les Echos,www.lesechos.fr,aggregator,fr,unlabeled,none,,,False,False,True,rss,2026-08-14T14:21:36.965968+00:00
12e6452d-1a69-42a1-bd36-ed3ec6428c95,« La plus vaste restructuration au monde » : l'Indonésie va fermer 750 entreprises publiques - Les Echos,104,18,"Fri, 14 Aug 2026 09:14:14 GMT",Les Echos,www.lesechos.fr,aggregator,fr,unlabeled,none,,,False,False,True,rss,2026-08-14T14:21:36.966720+00:00
b15bf828-8b0f-4010-94d7-cd8882cc3768,"Wall Street termine en hausse, à nouveau portée par l'inflation américaine - tv5monde",85,13,"Thu, 13 Aug 2026 20:11:37 GMT",tv5monde,information.tv5monde.com,aggregator,fr,unlabeled,none,,,False,False,True,rss,2026-08-14T14:21:36.966720+00:00
b0f58db9-ad27-4b9b-a5ec-2c7703fafa36,"La question d'un gel partiel des retraites ""mérite d'être posée"" en vue du budget 2027, défend le ministre de l'Economie - franceinfo",133,22,"Thu, 13 Aug 2026 20:56:42 GMT",franceinfo,www.franceinfo.fr,aggregator,fr,unlabeled,none,,,False,False,True,rss,2026-08-14T14:21:36.966720+00:00
f7473d0b-874c-4e19-88bf-1edd9f8031a9,"Aides sociales et avantages fiscaux des familles : un rapport propose 4,2 milliards d’euros d’économies sur ces dispositifs - Le Monde.fr",137,21,"Wed, 12 Aug 2026 16:30:00 GMT",Le Monde.fr,www.lemonde.fr,aggregator,fr,unlabeled,none,,,False,False,True,rss,2026-08-14T14:21:36.966720+00:00
f0b43691-6876-4f7b-bc1c-f45994b4886f,Aides aux familles : le rapport choc pour économiser 4 milliards - Valeurs actuelles,84,14,"Wed, 12 Aug 2026 12:00:29 GMT",Valeurs actuelles,www.valeursactuelles.com,aggregator,fr,unlabeled,none,,,False,False,True,rss,2026-08-14T14:21:36.966720+00:00
b4c87a31-8416-4d74-a1bd-e157992c2eb6,"Roland Lescure ouvre la voie à une ""contribution des retraités aisés"" pour le prochain budget (et défend le bilan de la décennie Macron) - BFM",142,25,"Fri, 14 Aug 2026 05:09:47 GMT",BFM,www.bfmtv.com,aggregator,fr,unlabeled,none,,,False,False,True,rss,2026-08-14T14:21:36.968181+00:00
5a544c91-ebb7-4a36-a82e-3db24a7c8d85,Économie L'action d’Électricité de Strasbourg (ES) chute de 22% après des résultats trimestriels en retrait - Dna.fr Économie L'action d’Électricité de Strasbourg (ES) chute de 22% après des résultats trimestriels en retrait Dna.fr,231,33,"Thu, 13 Aug 2026 16:01:16 GMT",Dna.fr,www.dna.fr,aggregator,fr,unlabeled,none,,,False,False,True,rss,2026-08-14T14:21:36.968181+00:00
a979634b-c84c-42e2-bb6d-5b23af9a157f,"Impôts : le site de Bercy piraté, les données de contribuables ont pu être extraites - Les Echos",96,18,"Thu, 13 Aug 2026 17:57:13 GMT",Les Echos,www.lesechos.fr,aggregator,fr,unlabeled,none,,,False,False,True,rss,2026-08-14T14:21:36.968181+00:00
5bd4bd21-af12-44d1-8ef4-d8576a79a07e,« Une économie de 2 milliards d'euros représente moins d'un dixième du déficit annuel de la Sécurité sociale » - Les Echos,122,22,"Wed, 12 Aug 2026 14:35:09 GMT",Les Echos,www.lesechos.fr,aggregator,fr,unlabeled,none,,,False,False,True,rss,2026-08-14T14:21:36.969217+00:00
4677e3fc-3bac-4d20-9127-23ef6e976d97,L’économie verte : des politiques publiques aux choix des consommateurs - lecourrier.vn,87,12,"Thu, 13 Aug 2026 05:34:00 GMT",lecourrier.vn,lecourrier.vn,aggregator,fr,unlabeled,none,,,False,False,True,rss,2026-08-14T14:21:36.969217+00:00
cb1e4ad0-dc53-4897-8aaf-442a056a4b6f,"Aujourd'hui l'économie - Diasporas commerçantes: les Indo-Ougandais, poids lourd de l'économie du pays [2/5] - RFI",114,16,"Tue, 11 Aug 2026 11:53:27 GMT",RFI,www.rfi.fr,aggregator,fr,unlabeled,none,,,False,False,True,rss,2026-08-14T14:21:36.969217+00:00
36145493-2bdb-411f-b8d3-dcc9a502ed7f,POINT DE VUE Gare au coup de chaud financier - Ouest-France POINT DE VUE Gare au coup de chaud financier Ouest-France,117,21,"Wed, 29 Jul 2026 07:00:00 GMT",Ouest-France,www.ouest-france.fr,aggregator,fr,unlabeled,none,,,False,False,True,rss,2026-08-14T14:21:36.969217+00:00
d3b293ae-6b24-456a-95b4-35dd67beb413,Sécheresse : comment les fleuves à sec mettent à mal l’économie européenne - Le Nouvel Obs,90,16,"Wed, 12 Aug 2026 13:30:16 GMT",Le Nouvel Obs,www.nouvelobs.com,aggregator,fr,unlabeled,none,,,False,False,True,rss,2026-08-14T14:21:36.970240+00:00
323933fd-1794-4cbe-9ad7-06d700380a60,Forte croissance de l'économie helvétique au deuxième trimestre - Radio RTN,75,11,"Fri, 14 Aug 2026 10:12:00 GMT",Radio RTN,www.rtn.ch,aggregator,fr,unlabeled,none,,,False,False,True,rss,2026-08-14T14:21:36.970240+00:00
a65218f1-0031-4fea-aca6-89dbfcc7492f,Budget 2027 : le gel partiel des retraites est remis sur la table par le ministre de l’Economie Roland Lescure - La Voix du Nord,128,25,"Fri, 14 Aug 2026 09:49:06 GMT",La Voix du Nord,www.lavoixdunord.fr,aggregator,fr,unlabeled,none,,,False,False,True,rss,2026-08-14T14:21:36.970240+00:00
a0107012-61dd-4543-8001-f757cca1a41e,Fleuves à sec : l'économie au ralenti - TF1+,44,9,"Tue, 11 Aug 2026 10:57:52 GMT",TF1+,www.tf1.fr,aggregator,fr,unlabeled,none,,,False,False,True,rss,2026-08-14T14:21:36.970240+00:00
0e5e114f-3db6-426d-bf07-43e1bbc58e0f,"L'Économie et le Social, priorités de Steeve Hamblin pour les sénatoriales - Outre-mer La 1ère",94,15,"Wed, 12 Aug 2026 22:47:43 GMT",Outre-mer La 1ère,la1ere.franceinfo.fr,aggregator,fr,unlabeled,none,,,False,False,True,rss,2026-08-14T14:21:36.970240+00:00
a4ae4003-9a2b-407e-9142-762671855371,Charlieu : reprise de la collecte des textiles avec un nouveau partenariat pour favoriser l'économie circulaire - Le Pays Roannais,130,20,"Fri, 14 Aug 2026 03:45:00 GMT",Le Pays Roannais,www.le-pays.fr,aggregator,fr,unlabeled,none,,,False,False,True,rss,2026-08-14T14:21:36.971245+00:00
de5f5ee7-da61-4e2e-ac16-c306d0dc97ad,Une vague de chaleur extrême menace l'économie européenne - Vietnam.vn Une vague de chaleur extrême menace l'économie européenne Vietnam.vn,139,19,"Fri, 14 Aug 2026 13:34:23 GMT",Vietnam.vn,www.vietnam.vn,aggregator,fr,unlabeled,none,,,False,False,True,rss,2026-08-14T14:21:36.971245+00:00
c0945029-e617-43d4-9701-a836538ec228,« Les effets de l'IA sur la distribution des gains de productivité et les inégalités de salaires méritent autant d'attention que ceux sur l'emploi » - Les Echos,160,28,"Wed, 12 Aug 2026 14:00:37 GMT",Les Echos,www.lesechos.fr,aggregator,fr,unlabeled,none,,,False,False,True,rss,2026-08-14T14:21:36.971245+00:00
71f0f650-b133-430e-a3af-75c8014e430b,La Bourse de Paris sur la voie du repli après les records - tv5monde,68,14,"Thu, 13 Aug 2026 17:05:35 GMT",tv5monde,information.tv5monde.com,aggregator,fr,unlabeled,none,,,False,False,True,rss,2026-08-14T14:21:36.971245+00:00
098b0da9-8227-465c-b74b-2018a24233cc,"L'impact économique des canicules de l'été 2026 devrait être sans précédent, alerte Monique Barbut - Les Echos",110,17,"Wed, 12 Aug 2026 15:51:05 GMT",Les Echos,www.lesechos.fr,aggregator,fr,unlabeled,none,,,False,False,True,rss,2026-08-14T14:21:36.972340+00:00
6875acc0-fc2c-4af5-9bae-02ea1e7786bc,Les Bourses européennes terminent en repli - tv5monde,53,8,"Thu, 13 Aug 2026 15:49:07 GMT",tv5monde,information.tv5monde.com,aggregator,fr,unlabeled,none,,,False,False,True,rss,2026-08-14T14:21:36.972340+00:00
6dcde0e9-d80e-41b0-a667-d77b74af9b25,"L’éclipse solaire, un spectacle qui fait aussi tourner l’économie - Europe 1",76,12,"Wed, 12 Aug 2026 13:22:05 GMT",Europe 1,www.europe1.fr,aggregator,fr,unlabeled,none,,,False,False,True,rss,2026-08-14T14:21:36.972340+00:00
870d5944-3129-4de9-a010-aefa119264ce,Lyon : un premier congrès national pour les clubs d'entreprises - Presse Agence,79,13,"Fri, 14 Aug 2026 07:00:00 GMT",Presse Agence,presseagence.fr,aggregator,fr,unlabeled,none,,,False,False,True,rss,2026-08-14T14:21:36.972340+00:00
221ea95e-5e26-4bf0-b78d-a4bab2ec8a99,"Comment allier économie, fiabilité et sérénité avec CertiDeal ? - Ouest-France",78,11,"Thu, 13 Aug 2026 05:30:28 GMT",Ouest-France,www.ouest-france.fr,aggregator,fr,unlabeled,none,,,False,False,True,rss,2026-08-14T14:21:36.972340+00:00
56396672-c9ac-487f-9524-29a1d87934b0,Centre financier international : 20 milliards de dollars engagés pour l’économie - lecourrier.vn,96,13,"Thu, 13 Aug 2026 12:00:00 GMT",lecourrier.vn,lecourrier.vn,aggregator,fr,unlabeled,none,,,False,False,True,rss,2026-08-14T14:21:36.972340+00:00
d202e36f-4bb7-4d2f-b0db-f0b73bda360d,Économie : la Bosnie-Herzégovine toujours plus dépendante des transferts de fonds de la diaspora - Le Courrier des Balkans,122,19,"Thu, 13 Aug 2026 07:56:09 GMT",Le Courrier des Balkans,www.courrierdesbalkans.fr,aggregator,fr,unlabeled,none,,,False,False,True,rss,2026-08-14T14:21:36.973344+00:00
4d7aada9-0a76-49f5-9189-e30cb736bfbd,"Impôts sur le revenu, pensions de retraite.. En quoi consisterait une «année blanche», cette piste d’économie explosive qui revient dans le débat ? - Le Figaro Impôts sur le revenu, pensions de retraite.. En quoi consisterait une «année blanche», cette piste d’économie explosive qui revient dans le débat ? Le Figaro",317,51,"Thu, 13 Aug 2026 05:00:08 GMT",Le Figaro,www.lefigaro.fr,aggregator,fr,unlabeled,none,,,False,False,True,rss,2026-08-14T14:21:36.973344+00:00
e85e4574-8f81-4854-b9c6-5d93ede96b7c,"Transhumanisme, silver économie : où les dirigeants doivent-ils vraiment investir face au vieillissement ? - journaldunet.com",125,16,"Thu, 13 Aug 2026 08:20:35 GMT",journaldunet.com,www.journaldunet.com,aggregator,fr,unlabeled,none,,,False,False,True,rss,2026-08-14T14:21:36.973344+00:00
8ef3ebb6-f458-4ba8-b332-38277bb46bb7,Toulon : Succès de la 5e collecte de lunettes d'Harmonie Mutuelle - Presse Agence,81,14,"Fri, 14 Aug 2026 06:00:00 GMT",Presse Agence,presseagence.fr,aggregator,fr,unlabeled,none,,,False,False,True,rss,2026-08-14T14:21:36.974343+00:00
de24321f-371d-4a11-9e2f-df6064aebbb2,L’économie britannique ralentit sur fond de troubles politiques et de guerre au Moyen-Orient - L'Orient-Le Jour,111,16,"Thu, 13 Aug 2026 06:48:12 GMT",L'Orient-Le Jour,www.lorientlejour.com,aggregator,fr,unlabeled,none,,,False,False,True,rss,2026-08-14T14:21:36.974343+00:00
29e35c4a-e9b2-48b7-a250-697ab245e7d8,"La Cerdagne catalane, une économie de montagne - Le nouvel Economiste",69,11,"Wed, 12 Aug 2026 19:00:34 GMT",Le nouvel Economiste,www.lenouveleconomiste.fr,aggregator,fr,unlabeled,none,,,False,False,True,rss,2026-08-14T14:21:36.974848+00:00
e1116897-c5f8-47b2-af22-3470766b8618,L’économie britannique stagne en mai et retrouve de l’élan en juin - Le Revenu,78,14,"Thu, 13 Aug 2026 11:37:00 GMT",Le Revenu,www.lerevenu.com,aggregator,fr,unlabeled,none,,,False,False,True,rss,2026-08-14T14:21:36.974848+00:00
16bd7abc-5478-4bea-9889-a5a8bde4fde5,Saintes Grandes Rives met la « silver économie » et l’habitat au cœur de l’appel à projets Innov’é - Sud Ouest,110,21,"Tue, 11 Aug 2026 13:36:50 GMT",Sud Ouest,www.sudouest.fr,aggregator,fr,unlabeled,none,,,False,False,True,rss,2026-08-14T14:21:36.974848+00:00
7b4252ac-8aa5-44c5-baf8-77f4681d99be,"Pourquoi les îles Kouriles, où Vladimir Poutine est en visite, sont toujours disputées entre le Japon et la Russie Le Japon et la Russie se disputent l’archipel des îles Kouriles, en Extrême-Orient, depuis plusieurs décennies La visite du président russe Vladimir Poutine sur ces territoires contestés a provoqué la colère de Tokyo",331,52,2026-08-13T13:27:15Z,20 Minutes,www.20minutes.fr,editorial_api,fr,unlabeled,none,https://img.20mn.fr/Ozpyhoz0RLyvo1q-TfEwqSk/1444x920_9221355-13-08-2026-le-president-russe-vladimir-poutine-accompagne-de-la-ministre-de-l-education-de-la-region-de-sakhaline-anastasia-kikteva-visite-l-ecole-secondaire-nommee-d-apres-le-heros-de-la-russie-eduard-norpolov-a-kurilsk-dans-la-region-de-sakhaline-en-russie-gavriil-grigorov-spoutnik-spoutnik-spoutnik-610-credit-gavriil-grigorov-spoutnik-sipa-2608130853,data\images\7b4252ac-8aa5-44c5-baf8-77f4681d99be.jpg,True,True,True,api,2026-08-14T14:21:36.976865+00:00
8a4a79c9-8ecd-4684-a6d8-1488573fc3a6,"""À la maison, on ne fonctionne qu'avec des bouteilles"" : un village privé d'eau potable, le traitement sanitaire et la sécheresse pourraient en être la cause Les canicules successives engendrent aussi des dégâts dans le réseau d'eau potable À Meyrueis, en Lozère, le traitement de l'eau au chlore, combiné à la chaleur, serait à l'origine de la formation de chlorate qui, à trop fortes doses, peut présenter un risqu…",417,69,2026-08-13T13:13:33Z,Franceinfo.fr,france3-regions.franceinfo.fr,editorial_api,fr,unlabeled,none,https://france3-regions.franceinfo.fr/image/pD_wG8ifAIXghSJtwPMmUIaQKp4/930x620/regions/2026/08/13/6a7d8fd58849c458341689.jpg,data\images\8a4a79c9-8ecd-4684-a6d8-1488573fc3a6.jpg,True,True,True,api,2026-08-14T14:21:36.977865+00:00
5caf6c40-f467-48d5-9434-e140e842208c,"Comment l’agriculture peut‑elle s’adapter aux étés de plus en plus secs ? Avec le changement climatique, les cultures auront de plus en plus besoin d’eau Mais celle-ci se raréfie dans les nappes phréatiques, les lacs, les rivières Alors que faire ? Stocker davantage d’eau dans des retenues est-il le seul levier disponible ? Le ty…",332,55,2026-08-13T13:00:12Z,L'Obs,www.nouvelobs.com,editorial_api,fr,unlabeled,none,https://focus.nouvelobs.com/2026/08/13/1/0/3500/2333/1200/800/0/0/7b6062c_upload-1-f7m32mspn9rw-sipa-01286459-000009.jpg,data\images\5caf6c40-f467-48d5-9434-e140e842208c.jpg,True,True,True,api,2026-08-14T14:21:36.978865+00:00
549ac566-4081-4b4b-bf5d-1d2263610f9a,"En Indonésie, le Conseil des oulémas déclare le travestissement “haram” Pour célébrer le jour de l’indépendance du pays, le 17 août, les Indonésiens ont coutume de participer à de nombreux jeux et défilés populaires, impliquant parfois de se déguiser dans un autre genre que le sien Une pratique condamnée par les autorités religi…",331,53,2026-08-13T12:41:53Z,Courrier International,www.courrierinternational.com,editorial_api,fr,unlabeled,none,https://focus.courrierinternational.com/2026/08/13/0/0/5472/3648/1200/630/60/0/084185d_upload-1-6wk4ox2x0cml-075-husni-indonesi190824-npn2w.jpg,data\images\549ac566-4081-4b4b-bf5d-1d2263610f9a.jpg,True,True,True,api,2026-08-14T14:21:36.980268+00:00
ef7ee40c-daaf-4fc3-b18d-f70f10ec3d52,"À l’ère des canicules, l’avenir du télétravail passe-t-il par des espaces de coworking pour échapper aux passoires thermiques ? Les canicules à répétition rendent à nouveau le télétravail désirable Pour cela, une véritable réflexion doit être menée, comprenant notamment la place et la définition des espaces de « coworking ».",326,50,2026-08-13T12:19:16Z,The Conversation Africa,theconversation.com,editorial_api,fr,unlabeled,none,https://images.theconversation.com/files/752751/original/file-20260807-50-w5hau2.jpg?ixlib=rb-4.1.1&rect=0%2C985%2C8192%2C4096&q=45&auto=format&w=1356&h=668&fit=crop,data\images\ef7ee40c-daaf-4fc3-b18d-f70f10ec3d52.jpg,True,True,True,api,2026-08-14T14:21:36.981772+00:00
0112250f-d50d-451a-9e9e-246fb471a73a,"Bientôt des journées de 25 heures ? La rotation de la Terre ralentit, et c’est un gros problème Les journées de 24 heures ne sont pas gravées dans le marbre.",157,30,2026-08-13T11:00:33Z,Journal du geek,www.journaldugeek.com,editorial_api,fr,unlabeled,none,https://www.journaldugeek.com/app/uploads/2026/08/temps-1600x900.jpg,data\images\0112250f-d50d-451a-9e9e-246fb471a73a.jpg,True,True,True,api,2026-08-14T14:21:36.982775+00:00
cb49837d-338c-4646-9b0f-6a4a368a81d4,"L’animateur Guillaume Pley attaque “Le Monde”, “Les Inrocks” et le youtubeur PTZ en diffamation Objet de plusieurs enquêtes, l’animateur Guillaume Pley, figure du média “Legend”, réplique Son avocate annonce qu’une plainte a été déposée ce mercredi contre “Le Monde”, “Les Inrocks” et le youtubeur PTZ.",302,45,2026-08-13T10:42:55Z,Telerama.fr,www.telerama.fr,editorial_api,fr,unlabeled,none,https://focus.telerama.fr/2026/08/13/0/2518/3782/2521/1200/800/60/0/1ac814e_upload-1-2gfxuxvwoxhz-000-96ve8nj.jpg,data\images\cb49837d-338c-4646-9b0f-6a4a368a81d4.jpg,True,True,True,api,2026-08-14T14:21:36.984282+00:00
2f39be07-c91a-45b4-a917-d4dc18a021ef,"Vladimir Poutine en visite pour la première fois aux îles Kouriles, l'ambassadeur russe convoqué par Tokyo Le président russe Vladimir Poutine s'est rendu pour la première fois dans les îles Kouriles, en Extrême-Orient, risquant d'aggraver les relations avec le Japon, qui revendique également cet archipel.",307,45,2026-08-13T10:34:47Z,BFMTV,www.bfmtv.com,editorial_api,fr,unlabeled,none,https://images.bfmtv.com/Y5mn3Gu-fHEou8UDzRvyPQsopzU=/0x72:2048x1224/2048x0/images/POUTINE-2331872.jpg,data\images\2f39be07-c91a-45b4-a917-d4dc18a021ef.jpg,True,True,True,api,2026-08-14T14:21:36.984282+00:00
6bc79bee-ac7e-41da-9173-64e0386d6ea9,"Un mois avant sa sortie, l’iPhone 18 Pro doit relever un nouveau défi Apple devrait faire face à un marché en difficulté lors de la sortie de l'iPhone 18 Pro et de l'iPhone Ultra le mois prochain.",196,37,2026-08-13T09:51:21Z,Iphon.fr,www.iphon.fr,editorial_api,fr,unlabeled,none,https://www.iphon.fr/app/uploads/2026/08/apple-samsung-iphone-smartphone-1600x900.jpg,data\images\6bc79bee-ac7e-41da-9173-64e0386d6ea9.jpg,True,True,True,api,2026-08-14T14:21:36.985295+00:00
6be60abf-8290-4d5e-934a-205f9d8484cd,"""Plus c'est rare, malheureusement, plus c'est cher"" : la sécheresse et les fortes chaleurs font grimper le prix des fruits et des légumes Les fortes chaleurs n'ont pas non plus épargné les maraîchers Leur production de fruits et de légumes a été durement touchée par le manque d'eau et les températures caniculaires Résultat : sur les étals, les légumes phares de l'été se font de plus en plus r…",396,69,2026-08-13T09:49:32Z,Franceinfo.fr,france3-regions.franceinfo.fr,editorial_api,fr,unlabeled,none,https://france3-regions.franceinfo.fr/image/cwbZX6BE14lkrsmO6fmo-jpuO5s/930x620/regions/2026/08/13/6a7d82239ad8e201317618.jpg,data\images\6be60abf-8290-4d5e-934a-205f9d8484cd.jpg,True,True,True,api,2026-08-14T14:21:36.986806+00:00
15ce965b-0fe1-49f9-a0f7-7e6041f3a4a7,"Restauration des sols africains : les idées visionnaires d’Amílcar Cabral restent d’actualité Une nouvelle collection des écrits agricoles d’Amílcar Cabral montre que la crise des sols en Afrique a aussi une dimension historique, politique et sociale.",251,36,2026-08-13T07:55:53Z,The Conversation Africa,theconversation.com,editorial_api,fr,unlabeled,none,https://images.theconversation.com/files/753538/original/file-20260812-50-s2h9wn.jpeg?ixlib=rb-4.1.1&rect=0%2C128%2C1536%2C768&q=45&auto=format&w=1356&h=668&fit=crop,data\images\15ce965b-0fe1-49f9-a0f7-7e6041f3a4a7.jpg,True,True,True,api,2026-08-14T14:21:36.988313+00:00
931a9996-f9c0-4f2d-8810-d2d763448422,"L’administration Trump annule un rapport sur l’Arctique, une attaque de plus à la science du climat Ce rapport de référence sur le changement climatique était publié chaque année depuis 2006, alors que Donald Trump ne cesse de s’en prendre aux scientifiques travaillant sur le sujet.",283,45,2026-08-13T07:28:11Z,Le HuffPost,www.huffingtonpost.fr,editorial_api,fr,unlabeled,none,https://focus.huffingtonpost.fr/2026/08/13/284/0/5642/3174/1820/1023/75/0/6f673fe_upload-1-rehtvkjpihtf-afp-20260812-2290094066-v1-highres-presidenttrumptravelstoohio.jpg,data\images\931a9996-f9c0-4f2d-8810-d2d763448422.jpg,True,True,True,api,2026-08-14T14:21:36.989348+00:00
95270100-7029-4868-9487-52f7013c0383,"Quid de l’impact des canicules sur la croissance ? “Il faut prendre la mesure de qui est en train de se passer”, dit Koen De Leus (BNP Paribas Fortis) Pour l’économiste de la filiale belge de BNP Paribas, l’enjeu est mondial et l’Europe n’a pas toutes les cartes en main Et d’agiter le spectre d’une croissance négative à partir de 2040, à défaut d’une mobilisation générale sur le plan climatique ...",401,71,2026-08-13T07:20:47Z,Lalibre.be,www.lalibre.be,editorial_api,fr,unlabeled,none,https://www.lalibre.be/resizer/v2/CYOS6DCGRFGPXISKQAX36FY5KQ.JPG?auth=facacd35a9d7d4297f15f9819c1d0a731740bf8c8d2a838387324845110663f3&width=1200&height=630&quality=85&focal=2627%2C2752,data\images\95270100-7029-4868-9487-52f7013c0383.jpg,True,True,True,api,2026-08-14T14:21:36.991415+00:00
34cd1d3f-3f73-462a-be83-828ee3795d67,"L'administration Trump annule un rapport sur l'Arctique, une nouvelle attaque à la science du climat aux Etats-Unis Ce rapport de référence était publié chaque année depuis 2006 Le dernier en date, publié fin 2025, informait que l'Arctique avait vécu son année la plus chaude jamais enregistrée.",295,46,2026-08-13T06:24:36Z,Franceinfo.fr,www.franceinfo.fr,editorial_api,fr,unlabeled,none,https://www.franceinfo.fr/pictures/V1Mm5_9O2wphg8y9jJ6JNoTZslM/0x100:1024x676/1500x843/2026/08/13/6a7d62f8a2daf217267226.jpg,data\images\34cd1d3f-3f73-462a-be83-828ee3795d67.jpg,True,True,True,api,2026-08-14T14:21:36.992416+00:00
f38bc0f1-dc0e-4509-b187-4d43c91392cd,"Le nom complet de The Elder Scrolls 6 a peut-être été trouvé Des fans pensent avoir trouvé le nom complet de The Elder Scrolls 6 Le futur RPG de Bethesda pourrait s'appeler The Elder Scrolls 6: Sentinel Le sous-titre renverrait au lieu où se déroulerait l'aventure Asha Sharma, patronne de Xbox, et Bethesda savaient …",318,55,2026-08-13T06:10:09Z,Numerama,www.numerama.com,editorial_api,fr,unlabeled,none,"https://c0.lestechnophiles.com/www.numerama.com/wp-content/uploads/2021/06/capture-decran-2021-06-30-a-10-06-04.jpg?resize=1600,900&key=a40fcf73",data\images\f38bc0f1-dc0e-4509-b187-4d43c91392cd.jpg,True,True,True,api,2026-08-14T14:21:36.993480+00:00
4d7cd1d5-490b-409c-a1e2-21282cc8cd9e,"Au cœur d’accusations, Guillaume Pley porte plainte en diffamation Figure du média en ligne « Legend », Guillaume Pley fait l’objet d’enquêtes de plusieurs médias portant sur son management et sur ses relations avec de jeunes filles fans",237,38,2026-08-13T05:53:39Z,20 Minutes,www.20minutes.fr,editorial_api,fr,unlabeled,none,https://img.20mn.fr/WAlW7ynHSO2YZ7LkBtzB0Sk/1444x920_guillaume-pley-participant-aux-internationaux-de-france-2024-a-roland-garros-le-4-juin-2024-a-paris-en-france-03vulaurent-20240602rgvu01186-credit-laurent-vu-sipa-2406052135,data\images\4d7cd1d5-490b-409c-a1e2-21282cc8cd9e.jpg,True,True,True,api,2026-08-14T14:21:36.993983+00:00
03698246-5142-4283-aab0-f8a19868ebea,"""Je n'ai jamais connu ça"" : en Loire-Atlantique, les abeilles souffrent aussi des vagues de chaleur jusqu'à affecter les premières récoltes de miel Les apiculteurs s'inquiètent pour leur production de miel Les premières récoltes de 2026 sont déjà à la baisse, de manière inédite, et les abeilles peinent à vivre dans un climat aussi chaud, malgré les moyens mis en œuvre pour les préserver.",390,64,2026-08-13T05:34:36Z,Franceinfo.fr,www.franceinfo.fr,editorial_api,fr,unlabeled,none,https://www.franceinfo.fr/pictures/o6nhsBIlLFH2C2ro4HOXeqt7_FQ/0x60:5000x2872/1500x843/2026/08/12/6a7cd019ee8ec673737563.jpg,data\images\03698246-5142-4283-aab0-f8a19868ebea.jpg,True,True,True,api,2026-08-14T14:21:36.994990+00:00
4c3f3912-29b8-4e4f-a1e5-31bd5c61ce05,"Canicules et harcèlement de rue : « Je ne supporte pas à quel point les hommes s’accaparent le corps féminin avec le regard » Alors qu’une cinquième vague de canicule se profile, les fortes chaleurs, qui modifient les usages de l’espace public, deviennent un facteur aggravant des violences faites aux femmes dans la rue.",321,54,2026-08-13T05:30:16Z,L'Obs,www.nouvelobs.com,editorial_api,fr,unlabeled,none,https://focus.nouvelobs.com/2026/08/12/0/0/6000/4000/1200/800/0/0/acab72d_upload-1-x6m0xnpemait-sipa-01046794-000003.jpg,data\images\4c3f3912-29b8-4e4f-a1e5-31bd5c61ce05.jpg,True,True,True,api,2026-08-14T14:21:36.997123+00:00
54575deb-ec76-4b05-9fd4-ffa53735c1ec,"Les territoires d'Outre-Mer et la Corse ciblés par une campagne de manipulation de l'Azerbaïdjan Le Vrai ou Faux s'intéresse cette semaine aux ingérences numériques étrangères Chaque jour, on se penche sur ces opérations de désinformation en vue de l'élection présidentielle Jeudi 13 août : l'Azerbaïdjan assume ses ingérences.",327,48,2026-08-13T05:30:02Z,Franceinfo.fr,www.franceinfo.fr,editorial_api,fr,unlabeled,none,https://www.franceinfo.fr/pictures/3K7vArblGcXw8R-xEWEurkV7VQA/0x53:1024x629/1500x843/2026/08/12/6a7c28ee2db82015427430.jpg,data\images\54575deb-ec76-4b05-9fd4-ffa53735c1ec.jpg,True,True,True,api,2026-08-14T14:21:36.998128+00:00
1385b05c-c6c9-47b5-89c2-1428f6eb0584,"""C'est impressionnant, elles sont énormes"" : avec la canicule et une eau très chaude, les méduses violettes envahissent l'étang de Bages-Sigean Des méduses violettes ont envahi l'étang de Bages-Sigean, au sud de Narbonne, dans l'Aude ces derniers jours, aidées par les fortes chaleurs qui favorisent leur prolifération Le phénomène n'est pas nouveau mais il est particulièrement marqué cet été.",394,59,2026-08-13T05:15:42Z,Franceinfo.fr,france3-regions.franceinfo.fr,editorial_api,fr,unlabeled,none,https://france3-regions.franceinfo.fr/image/PxcxgW7xw436UERdTxP8K_I6aK0/930x620/regions/2026/08/12/6a7c792127230371625771.jpg,data\images\1385b05c-c6c9-47b5-89c2-1428f6eb0584.jpg,True,True,True,api,2026-08-14T14:21:37.000134+00:00
c0a34ec2-7ff2-4b11-bcf1-9aa4147f136d,"Brumisateurs géants, micro-oasis, ombrages, carte des lieux de fraicheur.. Genève s'équipe pour faire face aux fortes chaleurs Face aux fortes chaleurs, Genève a investi cette année dans la mise en place de plusieurs lieux de fraîcheur dans la ville Avec cette vingtaine d’installations, elle tente de rendre les journées plus supportables pour les habitants et touristes Une initiati…",385,58,2026-08-13T05:15:02Z,Franceinfo.fr,france3-regions.franceinfo.fr,editorial_api,fr,unlabeled,none,https://france3-regions.franceinfo.fr/image/hdADu5vPZRmTEDDTgIIcrpNXZ2Y/930x620/regions/2026/08/12/6a7c3dee67652845018073.jpg,data\images\c0a34ec2-7ff2-4b11-bcf1-9aa4147f136d.jpg,True,True,True,api,2026-08-14T14:21:37.002602+00:00
3255d198-db0d-48df-8418-7457e1f2d056,"""Il y a un problème, avant on commençait au 15 septembre"" : les vendanges ont déjà débuté dans le Nord-Isère, une première A Saint-Savin, en Isère, les vendanges n'ont jamais commencé aussi tôt Après les fortes chaleurs des derniers mois, les vignerons ont dû débuté la récolte dès ce mardi 12 août Une précocité qui les oblige à réorganiser leur mode de travail et trouver des so…",381,67,2026-08-13T05:00:04Z,Franceinfo.fr,france3-regions.franceinfo.fr,editorial_api,fr,unlabeled,none,https://france3-regions.franceinfo.fr/image/0aO0k63XvsgCS3aYrh8U4O9iWw8/930x620/regions/2026/08/12/6a7c9420d1dc8179317741.jpg,data\images\3255d198-db0d-48df-8418-7457e1f2d056.jpg,True,True,True,api,2026-08-14T14:21:37.005110+00:00
1f43f52d-5152-4862-93a5-3e58c1c1d5ac,"Environnement « Il nous faut une vision » : l'eau potable sous tension face aux sécheresses plus intenses Avec un déficit de pluviométrie et des températures records depuis plusieurs mois, l’Hexagone traverse une période de sécheresse exceptionnelle 72 départements ont d’ailleurs été placés en situation de « crise » concernant l’alimentation en eau potable L’im…",364,55,2026-08-13T04:00:00Z,Le Dauphiné Libéré,www.ledauphine.com,editorial_api,fr,unlabeled,none,https://cdn-s-www.ledauphine.com/images/0828D3EB-A970-49D0-ACEB-26385063E603/FB1200/photo-1786558082.jpg,data\images\1f43f52d-5152-4862-93a5-3e58c1c1d5ac.jpg,True,True,True,api,2026-08-14T14:21:37.007329+00:00
b31ff5f8-f4f3-4c58-a5e9-849a7e1dc818,"Élections en Zambie : une “success-story” économique face au verdict des urnes Le 13 août, la Zambie élira un nouveau président pour un mandat de cinq ans Hakainde Hichilema, le président sortant et candidat à sa réélection, sera confronté à une vague de critiques liées à l’augmentation du coût de la vie Il peut pourtant se targuer d’…",337,58,2026-08-13T03:00:24Z,Courrier International,www.courrierinternational.com,editorial_api,fr,unlabeled,none,https://focus.courrierinternational.com/2026/08/11/0/0/4000/2666/1200/630/60/0/5227fcd_ftp-1-vdu5o2av13ix-afp-c4ee9pg.jpg,data\images\b31ff5f8-f4f3-4c58-a5e9-849a7e1dc818.jpg,True,True,True,api,2026-08-14T14:21:37.008341+00:00
73be964b-cd65-461b-8555-575a9d55ae09,Cette paysagiste dévoile les plantes qui résistent aux fortes chaleurs sans arrosage Imaginez un jardin qui survit à l’été sans que vous passiez vos matinées à arroser : c’est exactement ce que.. L’article Cette paysagiste dévoile les plantes qui résistent aux fortes chaleurs sans arrosage est apparu en premier sur Tuxboard.,326,51,2026-08-12T20:16:16Z,Tuxboard.com,www.tuxboard.com,editorial_api,fr,unlabeled,none,https://www.tuxboard.com/wp-content/uploads/2026/08/1443437-cette-paysagiste-devoile-les-plantes-qui-resistent.jpg,data\images\73be964b-cd65-461b-8555-575a9d55ae09.jpg,True,True,True,api,2026-08-14T14:21:37.009341+00:00
7b500045-8d77-41af-8f79-1a7ce541ba23,"Drones IA : l’angle mort de la vie privée Drones IA : collecte, conservation et floutage soulèvent des enjeux majeurs de vie privée.",132,23,2026-08-12T18:40:25Z,Zataz.com,www.zataz.com,editorial_api,fr,unlabeled,none,https://www.zataz.com/wp-content/uploads/drone_ia.jpg,data\images\7b500045-8d77-41af-8f79-1a7ce541ba23.jpg,True,True,True,api,2026-08-14T14:21:37.010341+00:00
c946d732-6e58-4177-9b82-a5d975a0771c,"- EFRACAM : la présidence dément tout changement « EFRACAM : Pierre de Gaétan Njikam dément un changement de présidence après l'AGE du 4 juillet La nouvelle direction, elle, maintient sa légitimité » À la t....",210,36,2026-08-12T17:50:39Z,Camer.be,www.camer.be,editorial_api,fr,unlabeled,none,https://www.camer.be/storage/photos/shares/Cameroun2/EFRACAM120826500.webp,data\images\c946d732-6e58-4177-9b82-a5d975a0771c.jpg,True,True,True,api,2026-08-14T14:21:37.011342+00:00
0fc69faf-2ce6-4223-aaaf-19e32782dd89,"En Bolivie, la déforestation de l’Amazonie avance aussi vite qu’elle recule au Brésil En 2025, la Bolivie a enregistré la deuxième plus grande perte de forêt tropicale au monde Dans le sud-est du pays, le territoire amazonien de la Chiquitania a vu débarquer de nombreux producteurs de viande et de soja, en particulier brésiliens, attirés par …",345,57,2026-08-12T15:04:05Z,Courrier International,www.courrierinternational.com,editorial_api,fr,unlabeled,none,https://focus.courrierinternational.com/2026/08/12/0/0/5616/3744/1200/630/60/0/e3abab4_upload-1-90lkpqhcc6wv-bolivie.jpg,data\images\0fc69faf-2ce6-4223-aaaf-19e32782dd89.jpg,True,True,True,api,2026-08-14T14:21:37.013342+00:00
ea35d0f9-546d-4419-a87b-ad8082f08c4d,"Un « mur d’investissements » pour l’adaptation au changement climatique, vraiment ? Le montant de la facture dépendra avant tout des arbitrages que nous réaliserons, tant aux niveaux national que local.",202,31,2026-08-12T13:21:11Z,The Conversation Africa,theconversation.com,editorial_api,fr,unlabeled,none,https://images.theconversation.com/files/750624/original/file-20260728-71-932i84.jpg?ixlib=rb-4.1.1&rect=0%2C562%2C6418%2C3209&q=45&auto=format&w=1356&h=668&fit=crop,data\images\ea35d0f9-546d-4419-a87b-ad8082f08c4d.jpg,True,True,True,api,2026-08-14T14:21:37.014342+00:00
12913f3a-a6ed-4cc3-be24-24400800af32,"À la Citadelle de Liège, chaque étape de la naissance compte : des cartes pour “immortaliser des moments de vie” sont à disposition des familles “Ma première tétée”, “Mon premier peau à peau”, ou encore “Mon premier bain” : chaque carte met en lumière une étape importante franchie par le bébé ...",297,52,2026-08-12T09:31:41Z,Lavenir.net,www.lavenir.net,editorial_api,fr,unlabeled,none,https://www.lavenir.net/resizer/v2/23A6SCWT7ZHEXKW55YEVFQDQDY.PNG?auth=13b525a16a071417eea3ccc17b959d408314891d0644ac6d1c00e779f44e1a31&width=1200&height=630&quality=85&focal=414%2C246,data\images\12913f3a-a6ed-4cc3-be24-24400800af32.jpg,True,True,True,api,2026-08-14T14:21:37.014846+00:00
518e2923-ec62-4ff4-ad2c-f33a419c6658,"Méduses, canicules, niveau d’eau… L’été 2026 met le parc nucléaire d’EDF à rude épreuve La première source d’électricité française traverse un été particulièrement agité Si l’approvisionnement national n’est pas menacé pour l’instant, ces incidents à répétition illustrent le défi climatique auquel EDF doit faire face.",319,45,2026-08-12T09:18:58Z,L'Obs,www.nouvelobs.com,editorial_api,fr,unlabeled,none,https://focus.nouvelobs.com/2026/08/11/0/0/5941/3960/1200/800/0/0/e9fa391_ftp-1-0gjay2gedwza-afp-c4e78wg.jpg,data\images\518e2923-ec62-4ff4-ad2c-f33a419c6658.jpg,True,True,True,api,2026-08-14T14:21:37.017859+00:00
d69f3963-262d-46fd-85ab-7f80b3d0cf08,"Dompter le feu Chaque semaine, “Courrier international” explique ses choix éditoriaux Dans ce numéro, nous revenons sur les gigantesques incendies qui ravagent des régions entières en France, en Espagne, en Grèce, aux États-Unis… Des catastrophes amenées à se répéter Quel…",273,40,2026-08-12T09:10:25Z,Courrier International,www.courrierinternational.com,editorial_api,fr,unlabeled,none,https://focus.courrierinternational.com/2026/08/11/0/208/2250/1500/1200/630/60/0/45ef962_upload-1-bvgvkbohyfup-1867p01.jpg,data\images\d69f3963-262d-46fd-85ab-7f80b3d0cf08.jpg,True,True,True,api,2026-08-14T14:21:37.018859+00:00
5e2465c6-5bbc-4804-bf5c-032a1a072cbf,"À la Foire du Midi, churros et croustillons se font la guerre : “Je n’aurais jamais pensé que ça allait prendre cette ampleur” Croustillons ou churros ? Sur la Foire du Midi à Bruxelles, la concurrence entre les deux plaisirs frits est rude “Les churros montent d’année en année”, constatent les forains Le croustillon va-t-il perdre sa couronne de roi de la Foire du Midi ? Explicati…",385,67,2026-08-12T08:30:00Z,dh.be,www.dhnet.be,editorial_api,fr,unlabeled,none,https://www.dhnet.be/resizer/v2/UOVLXUS77ZDHFFQVJCDKPKU7MQ.jpg?auth=b66a27edd1e66c6c041f33624c49ecd99da5e49fe70cdb6cf7680129b5f64a13&width=1200&height=630&quality=85&focal=1500%2C1000,data\images\5e2465c6-5bbc-4804-bf5c-032a1a072cbf.jpg,True,True,True,api,2026-08-14T14:21:37.020858+00:00
a6610627-4bb4-4a68-9fb3-2a8de533e990,"Fermeture du Domaine du Blé à Wavre: bras de fer tendu entre les exploitants et le bourgmestre, ""cet arrêté est surréaliste au vu de la situation"" Fermeture administrative du Domaine du Blé à Wavre: les exploitants ne comprennent pas la décision alors qu’ils estiment avoir pris toutes les mesures nécessaires ...",313,51,2026-08-12T08:00:00Z,dh.be,www.dhnet.be,editorial_api,fr,unlabeled,none,https://www.dhnet.be/resizer/v2/5ST6LADQRJEJLFI2BMAUZZES5Y.jpg?auth=d5dbd49a9ba5f70cd128b41fb8e964ab4530971ed2663d04e8ce0b2997627c2c&width=1200&height=630&quality=85&focal=549%2C412,data\images\a6610627-4bb4-4a68-9fb3-2a8de533e990.jpg,True,True,True,api,2026-08-14T14:21:37.021859+00:00
96280ea6-4c79-4e35-af21-32144387d7dc,"Rideshare ""Stimulator"" : Saber Interactive dément avoir remplacé une scénariste par ChatGPT Sacrée histoire autour de Saber Interactive : l'éditeur, responsable du jeu de simulation Rideshare ""Stimulator"" (rappelez-vous, c'était ce Crazy Taxi-like un peu fade présenté le 4 août dernier), a démenti diverses accusations selon lesquelles le studio aura…",352,49,2026-08-12T07:48:00Z,Gamekult,www.gamekult.com,editorial_api,fr,unlabeled,none,https://cdn.gamekult.com/optim/images/news/30/3050871610/rideshare-stimulator-saber-interactive-dement-avoir-remplace-une-scenariste-par-chatgpt-56e291fa__w1920.jpg,data\images\96280ea6-4c79-4e35-af21-32144387d7dc.jpg,True,True,True,api,2026-08-14T14:21:37.022859+00:00
b6161222-f128-434e-80e5-1d5bdee2d7ea,"Cinq mini-séries Netflix à dévorer cet été pour frissonner en quelques épisodes Quelques épisodes suffisent parfois pour passer une nuit blanche, les yeux rivés sur l’écran Les mini séries Netflix ont ce.. L’article Cinq mini-séries Netflix à dévorer cet été pour frissonner en quelques épisodes est apparu en premier sur Tuxboard.",331,51,2026-08-12T06:30:32Z,Tuxboard.com,www.tuxboard.com,editorial_api,fr,unlabeled,none,https://www.tuxboard.com/wp-content/uploads/2026/08/1443425-cinq-mini-series-netflix-a-devorer-cet-ete-pour-fr.jpg,data\images\b6161222-f128-434e-80e5-1d5bdee2d7ea.jpg,True,True,True,api,2026-08-14T14:21:37.022859+00:00
9d8a7061-28ab-4230-b01b-1c4aeaa41a92,"La Revue de presse : est-ce l’économie qui va permettre de sauver l’écologie ? Un titre presque prophétique pour l’édito du jour du Standaard : ""Difficile d’échapper aux conséquences des actes...",195,31,2026-08-12T06:26:39Z,RTBF,www.rtbf.be,editorial_api,fr,unlabeled,none,https://static-content.rtbf.be/article/image/1920x1080/1/9/c/6127c7b49ada153e4f97ed8e58a43909.jpg,data\images\9d8a7061-28ab-4230-b01b-1c4aeaa41a92.jpg,True,True,True,api,2026-08-14T14:21:37.024873+00:00
e09df35c-ce0a-4e12-80ef-7044ab45a319,"”Un moyen pour l’extrême droite ou la droite de ne pas parler de climat” : en France, les Écolos responsables de tous les maux d’un été dantesque Renversement rhétorique et fausse information alimentent la désignation des verts comme bouc émissaire ...",252,41,2026-08-12T04:30:45Z,Lalibre.be,www.lalibre.be,editorial_api,fr,unlabeled,none,https://www.lalibre.be/resizer/v2/VECMPCADQRGMFPIMHDIOCRQHAI.jpg?auth=480ed6219d9af216f269001c30096c274dda28b84d934c8e409349eea1506a36&width=1200&height=630&quality=85&focal=3703%2C2469,data\images\e09df35c-ce0a-4e12-80ef-7044ab45a319.jpg,True,True,True,api,2026-08-14T14:21:37.026196+00:00
018872f8-b22f-4002-9bf0-7143fe677451,"Ecolo pourra-t-il profiter politiquement de cet été caniculaire ? “Tirer la sonnette d’alarme ne suffira pas” Sur le plan tactique, l’été brûlant offre l’occasion aux verts de retrouver une place dans le débat public Mais pour réussir leur remontada, les verts devront éviter plusieurs écueils ...",297,46,2026-08-12T04:30:31Z,Lalibre.be,www.lalibre.be,editorial_api,fr,unlabeled,none,https://www.lalibre.be/resizer/v2/OMIYFMKN7BEJTFGWNPY2H5ZB7E.jpg?auth=586e38aab7f0a4b9b39843f4d56004d9d03226c7ba1f0a6b2eeba47e1ee7c63e&width=1200&height=630&quality=85&focal=3421%2C2280,data\images\018872f8-b22f-4002-9bf0-7143fe677451.jpg,True,True,True,api,2026-08-14T14:21:37.026888+00:00
f1437fef-4c5f-4d99-8151-bd0eec05016e,Sauver le climat sans punir les citoyens ? Un édito de François Mathieu ...,75,14,2026-08-11T22:00:03Z,Lalibre.be,www.lalibre.be,editorial_api,fr,unlabeled,none,https://www.lalibre.be/resizer/v2/CEGVHGYZYZGKVAFFGG3UO7GRZA.jpg?auth=6de6c5d479e75a27818109db7ef8176adb624ee955ccb6be065f199c8de28bd3&width=1200&height=630&quality=85&focal=1750%2C1166,data\images\f1437fef-4c5f-4d99-8151-bd0eec05016e.jpg,True,True,True,api,2026-08-14T14:21:37.027888+00:00
90b47c4e-8229-4440-ab80-ffd10e934bb5,"RDC : un début de décrispation politique, avant un dialogue national ? Quelques signaux faibles laissent penser à un moment de détente du pouvoir après que le président, Félix Tshisekedi, s’est dit ouvert à l’organisation d’un dialogue national.",245,38,2026-08-11T18:05:03Z,Jeune Afrique,www.jeuneafrique.com,editorial_api,fr,unlabeled,none,"https://prod.cdn-medias.jeuneafrique.com/cdn-cgi/image/q=auto,f=auto,metadata=none,width=1280,height=720,fit=cover,gravity=0.5766x0.4778/https://prod.cdn-medias.jeuneafrique.com/medias/2026/08/11/jad20260811-ass-rdc-felix-antoine-tshisekedi.jpg",data\images\90b47c4e-8229-4440-ab80-ffd10e934bb5.jpg,True,True,True,api,2026-08-14T14:21:37.028889+00:00
bb557147-1809-43bf-84dd-ea11c19a0cad,Ces images satellites de 2024 et 2026 disent tout de la sécheresse qui frappe la France Les images de la France vue de l’espace montrent à quel point la sécheresse de cet été 2026 est exceptionnelle.,199,36,2026-08-11T17:54:42Z,Le HuffPost,www.huffingtonpost.fr,editorial_api,fr,unlabeled,none,https://focus.huffingtonpost.fr/2026/08/11/0/1368/2728/1535/1820/1023/75/0/af52ed1_upload-1-v3zsws4xznqm-hpba6f6wwaefw8h.jpg,data\images\bb557147-1809-43bf-84dd-ea11c19a0cad.jpg,True,True,True,api,2026-08-14T14:21:37.029889+00:00
23721b36-3d54-49b1-aef8-52735da93215,"25 ans, une bascule : en 2015, le monde faisait une promesse historique pour le climat.. qu’en reste-t-il ? Pour les 25 ans de Futura, nos journalistes racontent la découverte, l’événement ou la bascule scientifique qui a marqué leur regard sur ce premier quart de siècle, et continue d’éclairer notre avenir Souvenez-vous, c’était le 12 décembre 2015 À Paris, 195 …",366,61,2026-08-11T17:01:25Z,Futura,www.futura-sciences.com,editorial_api,fr,unlabeled,none,https://cdn8.futura-sciences.com/a1280/images/accord-paris-copie.jpg,data\images\23721b36-3d54-49b1-aef8-52735da93215.jpg,True,True,True,api,2026-08-14T14:21:37.030889+00:00
c0182a3f-7cbd-4249-ba49-f84e2777ce61,"Pour l’éclipse solaire du 12 août, les JT vont adapter leurs horaires Sur France 2, TF1 ou M6, le JT de 20H et le 19.45 vont être adaptés pour faire vivre aux téléspectateurs ce phénomène qui ne se reproduira pas avant 60 ans en France.",236,45,2026-08-11T16:42:11Z,Le HuffPost,www.huffingtonpost.fr,editorial_api,fr,unlabeled,none,https://focus.huffingtonpost.fr/2022/07/24/428/0/3186/1792/1820/1023/75/0/9e5408e_1658706224766-5cf517a6240000510b856be1.jpeg,data\images\c0182a3f-7cbd-4249-ba49-f84e2777ce61.jpg,True,True,True,api,2026-08-14T14:21:37.031889+00:00
a7e0fc22-0a8e-4051-8d89-76cca148e884,"""Climat 2100"" : un ingénieur clermontois lance un simulateur pour tester l'avenir de la planète Et si vous pouviez manipuler les paramètres climatiques mondiaux pour voir de quoi demain sera fait ? C’est ce que propose ""Climat 2100"", un simulateur en ligne interactif conçu par Laurent Baleydier, ingénieur clermontois expert en systèmes complexes Un out…",355,55,2026-08-11T15:45:01Z,Franceinfo.fr,france3-regions.franceinfo.fr,editorial_api,fr,unlabeled,none,https://france3-regions.franceinfo.fr/image/oE_8p06E7tflsXn_3ujmFvMvFEI/930x620/regions/2026/08/11/6a7b38be014c4789143219.jpg,data\images\a7e0fc22-0a8e-4051-8d89-76cca148e884.jpg,True,True,True,api,2026-08-14T14:21:37.031889+00:00
131c4223-71f9-4e76-adb8-8c139ae1e95b,Fermeture du Domaine du Blé à Wavre: bras de fer tendu entre les exploitants et le bourgmestre Fermeture administrative du Domaine du Blé à Wavre: les exploitants ne comprennent pas la décision alors qu’ils estiment avoir pris toutes les mesures nécessaires ...,261,42,2026-08-11T15:27:00Z,Lavenir.net,www.lavenir.net,editorial_api,fr,unlabeled,none,https://www.lavenir.net/resizer/v2/5ST6LADQRJEJLFI2BMAUZZES5Y.jpg?auth=d5dbd49a9ba5f70cd128b41fb8e964ab4530971ed2663d04e8ce0b2997627c2c&width=1200&height=630&quality=85&focal=549%2C412,data\images\131c4223-71f9-4e76-adb8-8c139ae1e95b.jpg,True,True,True,api,2026-08-14T14:21:37.032890+00:00
e5d22aae-0fff-48ff-81c6-79ceb659d729,"Le Danube atteint un niveau critique et commence à paralyser l’Europe centrale : ""On peut vraiment parler d’un phénomène historique” Le plus long fleuve d’Europe est au plus bas Les répercussions économiques, notamment énergétiques, sont importantes pour les pays riverains d’Europe de l’Est La production d’électricité est tout particulièrement touchée ...",357,51,2026-08-11T15:26:35Z,Lalibre.be,www.lalibre.be,editorial_api,fr,unlabeled,none,https://www.lalibre.be/resizer/v2/YPJBF372YZHJTHNZ6ACEIJCFOY.jpg?auth=f7f7668a7a3ce9c98c468548b6852f2df24526eb63bc6dd270cf02b637f571e3&width=1200&height=630&quality=85&focal=4032%2C2682,data\images\e5d22aae-0fff-48ff-81c6-79ceb659d729.jpg,True,True,True,api,2026-08-14T14:21:37.035145+00:00
a7ecb33d-a5ea-4b7a-ba78-6c704d274bdf,"Comment l’agriculture peut-elle s’adapter aux étés de plus en plus secs ? Avec le changement climatique, les cultures auront de plus en plus besoin d’eau, mais celle-ci se raréfie dans les nappes phréatiques, les lacs et les rivières.",234,38,2026-08-11T14:29:38Z,The Conversation Africa,theconversation.com,editorial_api,fr,unlabeled,none,https://images.theconversation.com/files/745679/original/file-20260702-76-btfyvy.jpg?ixlib=rb-4.1.1&rect=0%2C500%2C6000%2C3000&q=45&auto=format&w=1356&h=668&fit=crop,data\images\a7ecb33d-a5ea-4b7a-ba78-6c704d274bdf.jpg,True,True,True,api,2026-08-14T14:21:37.036218+00:00
904cf559-95c0-47b8-853f-0a2507a6ce06,"L'arrivée inattendue de Téji Savanier au FC Metz s’est décidé autour d’une partie de pétanque Libre depuis la fin de son contrat à Montpellier, Téji Savanier a surpris tout le monde en s’engageant avec le FC Metz, relégué en Ligue 2 Très attaché à son fief héraultais, le milieu de terrain de 34 ans, qui n’avait connu que le sud de la France jusqu’à p…",353,65,2026-08-11T10:59:49Z,BFMTV,rmcsport.bfmtv.com,editorial_api,fr,unlabeled,none,https://io-fsly-bfmtv.cdn.nextradiotv.com/jjNopKHVeBnMlTD8qzdx0dt7PYY=/2x48:898x552/images/Teji-Savanier-lors-de-sa-signature-au-FC-Metz-le-10-aout-2026-2331049.jpg,data\images\904cf559-95c0-47b8-853f-0a2507a6ce06.jpg,True,True,True,api,2026-08-14T14:21:37.038425+00:00
021f7254-931b-4d56-8243-a965f025db9f,"La MSN de retour ? Neymar pourrait s'envoler à Miami pour 2027 Et si Neymar songeait à Miami pour reformer la MSN en 2027 ? En grande difficulté à Santos où son contrat expire à la fin d'année, le Brésilien pourrait céder aux appels du pied du club de Floride, engagé sur ce dossier à l'impact marketing monstre depuis l'a…",323,60,2026-08-11T10:51:36Z,BFMTV,rmcsport.bfmtv.com,editorial_api,fr,unlabeled,none,https://io-fsly-bfmtv.cdn.nextradiotv.com/w2uoJz2TfbeqyRbKxppm9idguCI=/0x128:2032x1271/images/Neymar-celebre-son-but-lors-du-match-Santos-Mirassol-1-1-championnat-le-19-novembre-2025-2185969.jpg,data\images\021f7254-931b-4d56-8243-a965f025db9f.jpg,True,True,True,api,2026-08-14T14:21:37.038425+00:00
c89003e9-6a40-4091-baf8-de10aaafe43d,Comment l'Éthiopie peut faire de la COP32 un sommet qui tienne réellement ses promesses L'Afrique a l'occasion d'accueillir une conférence sur le climat qui aura un impact réel.,177,28,2026-08-11T09:51:10Z,The Conversation Africa,theconversation.com,editorial_api,fr,unlabeled,none,https://images.theconversation.com/files/752384/original/file-20260805-50-uh3skj.jpeg?ixlib=rb-4.1.1&rect=0%2C106%2C1280%2C640&q=45&auto=format&w=1356&h=668&fit=crop,data\images\c89003e9-6a40-4091-baf8-de10aaafe43d.jpg,True,True,True,api,2026-08-14T14:21:37.039930+00:00
53051cdd-30fb-4456-928e-19e52b51d44b,"Fissures, murs fragilisés.. pourquoi les maisons sont de plus en plus menacées par la sécheresse De plus en plus de maisons sont fragilisées par les mouvements des sols argileux, accentués par les épisodes de sécheresse et les fortes chaleurs Un phénomène qui provoque des fissures et pourrait coûter plusieurs dizaines de milliards d'euros aux assurances…",356,55,2026-08-11T08:21:26Z,Franceinfo.fr,www.franceinfo.fr,editorial_api,fr,unlabeled,none,https://www.franceinfo.fr/pictures/ze9sxW8IloIWepXVGamLiyIXXYg/0x21:815x480/1500x843/2026/08/11/6a7adb824c418820447378.jpg,data\images\53051cdd-30fb-4456-928e-19e52b51d44b.jpg,True,True,True,api,2026-08-14T14:21:37.040960+00:00
c7892a10-b6d4-4f8c-aaf7-d76be3e42247,Les marchés européens restent sur leurs gardes Le pétrole reste cher et l’inflation américaine de mercredi incite les investisseurs à ne pas trop s’avancer ...,159,25,2026-08-11T08:12:58Z,Lalibre.be,www.lalibre.be,editorial_api,fr,unlabeled,none,https://www.lalibre.be/resizer/v2/O3NGMBKGDBGZLL4JF65O3SW2VY.jpg?auth=65e0c189c462424d33065a950fb8cb22ad0c404cc51910b6d9fe490310853519&width=1200&height=630&quality=85&focal=1906%2C1276,data\images\c7892a10-b6d4-4f8c-aaf7-d76be3e42247.jpg,True,True,True,api,2026-08-14T14:21:37.041964+00:00
48dd3189-119e-4905-a121-6c8696cbd6f9,Les contours croustillants de l’arrivée de Téji Savanier à Metz Il y a des joueurs qui se laissent convaincre par des salaires à 7 chiffres et puis il y a…,155,30,2026-08-11T08:03:55Z,SO FOOT,www.sofoot.com,editorial_api,fr,unlabeled,none,https://sofoot.s3.eu-central-1.amazonaws.com/wp-content/uploads/2026/08/11101046/11998832-1400x934.jpg,data\images\48dd3189-119e-4905-a121-6c8696cbd6f9.jpg,True,True,True,api,2026-08-14T14:21:37.042972+00:00
777278a7-6782-489f-9760-7cfea7fdac62,"""Beaucoup ont le sida"" : à Marseille, la consommation de crack explose dans les rues du centre-ville Depuis l'abandon d'un projet de Halte soins addictions, il y a deux ans, les petites associations de la cité phocéenne tentent malgré tout de limiter les risques de maladies auprès des consommateurs de drogue.",310,51,2026-08-11T04:58:34Z,Franceinfo.fr,www.franceinfo.fr,editorial_api,fr,unlabeled,none,https://www.franceinfo.fr/pictures/7epNRua6v2Y0TZ_nyEiUDiUuzzg/0x403:4195x2760/1500x843/2025/08/06/maxnewsworldsix423484-68932385b4016207651543.jpg,data\images\777278a7-6782-489f-9760-7cfea7fdac62.jpg,True,True,True,api,2026-08-14T14:21:37.043967+00:00
1b49a1d3-8174-4069-aca7-ca29b374ddde,"Prime de rentrée et allocations familiales : “Les parents vont se retrouver avec une rentrée explosive, il est hors de question de toucher aux aides” Entre le changement en Flandre et des discussions côté francophones, la Ligue des Familles s’alarme ...",253,41,2026-08-11T04:46:25Z,dh.be,www.dhnet.be,editorial_api,fr,unlabeled,none,https://www.dhnet.be/resizer/v2/PP7HLTODJZALXP4VOWFJYN3SYU.jpg?auth=eaa4d40d14f1228dc23376afd07ac64679348683344531d9edccabd1cd8128fe&width=1200&height=630&quality=85&focal=2170%2C1647,data\images\1b49a1d3-8174-4069-aca7-ca29b374ddde.jpg,True,True,True,api,2026-08-14T14:21:37.045026+00:00
a2953120-ec84-40d0-bc3a-714d2e6ed1ec,"Chaleur, incendies, sécheresse : ce que cet été français inédit apprend à l’Europe du Nord Orages de feu, canicules à répétition, pénuries d’eau : dans la crise climatique, la France a toujours une longueur d’avance sur ses voisins plus au nord, écrit cette journaliste allemande spécialiste du climat Les méga-incendies révèlent ce qui les attend… …",350,56,2026-08-11T03:00:12Z,Courrier International,www.courrierinternational.com,editorial_api,fr,unlabeled,none,https://focus.courrierinternational.com/2026/08/10/98/0/2400/1600/1200/630/60/0/4e11d72_upload-1-rkqelglee3ym-chappatte-2026-07-28-6417-w.jpg,data\images\a2953120-ec84-40d0-bc3a-714d2e6ed1ec.jpg,True,True,True,api,2026-08-14T14:21:37.045026+00:00
1bccdbb7-b73c-42ef-9ae3-d304c4473d5c,Périmètres de protection des zones agricoles en Provence-Alpes-Côte d'Azur Etat des lieux complet et analyses des ZAP (Zones agricoles protégées) et PAEN (Périmètre de protection des espaces agricoles et naturels) en Provence-Alpes-Côte d'Azur Cette étude s’inscrit dans le cadre du programme partenarial intitulé “Les fabriques d…,331,46,2026-08-11T00:00:00Z,Gouv.fr,www.data.gouv.fr,editorial_api,fr,unlabeled,none,"https://www.data.gouv.fr/_og/d/c_ObjectPage.takumi,objectTitle_~UMOpcmltw6h0cmVzIGRlIHByb3RlY3Rpb24gZGVzIHpvbmVzIGFncmljb2xlcyBlbiBQcm92ZW5jZS1BbHBlcy1Dw7R0ZSBkJ0F6dXI,orgName_~UsOpZ2lvbiBQcm92ZW5jZS1BbHBlcy1Dw7R0ZS1kJ0F6dXI,orgLogo_~aHR0cHM6Ly91ZGF0YS1hdmF0YXJzLnMzLnJieC5pby5jbG91ZC5vdmgubmV0L2RlL2JhZGQyZDI3NjE0YjY5OTk4OWIyODcwMWM3ZmEzMC0xMDAuanBn,views_0,downloads_0,reuses_0,followers_0,p_Ii9kYXRhc2V0cy9wZXJpbWV0cmVzLWRlLXByb3RlY3Rpb24tZGVzLXpvbmVzLWFncmljb2xlcy1lbi1wcm92ZW5jZS1hbHBlcy1jb3RlLWQtYXp1ciI,s_mfLzHJDuvfroK2MK.png",,True,False,True,api,2026-08-14T14:21:37.047056+00:00
f5ba3819-4d7e-47b2-9c28-ce3baa7be550,"""C'est quelque chose que tout le monde doit avoir en tête"" : à Singapour, pas de pitié pour les moustiques À Singapour, où 10 000 personnes en moyenne contractent la dengue chaque année, les moustiques sont un enjeu de santé publique Robots attrapeurs, moustiques élevés en laboratoires par millions et inspections chez les particuliers… La cité-État leur mène une …",366,60,2026-08-10T18:56:39Z,Franceinfo.fr,www.franceinfo.fr,editorial_api,fr,unlabeled,none,https://www.franceinfo.fr/pictures/3feAWIO6tp24BsuA4atrAIpRFho/0x90:1560x968/1500x843/2026/08/10/6a7a1eb99ca20591696787.png,data\images\f5ba3819-4d7e-47b2-9c28-ce3baa7be550.png,True,True,True,api,2026-08-14T14:21:37.048081+00:00
7e008060-b0b8-4009-847a-e321ff035f86,"Actualité : Abandonner sa voiture thermique pour une électrique d’occasion est maintenant plus avantageux, les chiffres le prouvent En 2026, remplacer sa vieille voiture thermique par une électrique d’occasion devient désormais rentable pour les ménages français, d’après les dernières données de l’Institut de l’économie pour le climat.",337,47,2026-08-10T16:45:00Z,Les Numériques,www.lesnumeriques.com,editorial_api,fr,unlabeled,none,https://cdn.lesnumeriques.com/optim/news/26/260265/5fb2ba11-abandonner-sa-voiture-thermique-pour-une-electrique-d-occasion-est-maintenant-plus-avantageux-les-chiffres-le-prouvent__1200_678__overflow.jpg,data\images\7e008060-b0b8-4009-847a-e321ff035f86.jpg,True,True,True,api,2026-08-14T14:21:37.049138+00:00
87a95393-82eb-44e2-a72e-1d4511816ed2,"40 °C en France : nos villes sont-elles vraiment prêtes aux canicules de demain ? Les étés européens ne ressemblent plus à ceux d'il y a trente ans Les vagues de chaleur ne relèvent plus de l'exception statistique : elles s'installent comme une constante saisonnière Nuits moites, sols fissurés, rails qui se dilatent Un continent bâti po…",339,57,2026-08-10T16:00:00Z,Futura,www.futura-sciences.com,editorial_api,fr,unlabeled,none,https://cdn8.futura-sciences.com/a1920/images/villes-europe-canicule.png,data\images\87a95393-82eb-44e2-a72e-1d4511816ed2.jpg,True,True,True,api,2026-08-14T14:21:37.050163+00:00
d42279b8-3902-4c7b-92c6-b87a2465641d,"Le moustique tigre va-t-il envahir la quasi totalité de la France ? Plusieurs scénarios sont avancés pour l’horizon 2085 Selon une étude scientifique publiée ce lundi 10 août, les effets du réchauffement climatique vont créer un climat favorable pour une implantation du moustique tigre sur toute la France d’ici 2085 Les risques de transmission de la dengue augmenteront.",372,58,2026-08-10T15:52:59Z,Ouest-France,sante.ouest-france.fr,editorial_api,fr,unlabeled,none,https://media.ouest-france.fr/v1/pictures/MjAyNjA4YTY3NDE4NmEzMzBkMGMzMjk3NTdlMGY0NTQ5OWUxYTQ?width=1260&height=708&focuspoint=50%2C25&cropresize=1&client_id=bpeditorial&sign=f91f1781986fcacad2d577a1055099683e62132cf706e85392c5bb2985691b4e,data\images\d42279b8-3902-4c7b-92c6-b87a2465641d.jpg,True,True,True,api,2026-08-14T14:21:37.052772+00:00
afe72a44-d6f5-4e17-8ced-d9ea653ad7c3,"Préparation aux catastrophes : Ottawa doit en faire davantage L’approche fédérale en matière de gestion des catastrophes comporte de sérieuses lacunes Ottawa manque d’implication, et sous-finance les programmes locaux et de prévention.",235,32,2026-08-10T15:05:01Z,The Conversation Africa,theconversation.com,editorial_api,fr,unlabeled,none,https://images.theconversation.com/files/751558/original/file-20260728-57-6fulqs.JPG?ixlib=rb-4.1.1&rect=0%2C772%2C6500%2C3250&q=45&auto=format&w=1356&h=668&fit=crop,data\images\afe72a44-d6f5-4e17-8ced-d9ea653ad7c3.jpg,True,True,True,api,2026-08-14T14:21:37.052772+00:00
051bfbbc-eb01-4baa-aa7b-f10bd450c7f1,"Stéphane Delpeyrat-Vincent, maire de Saint-Médard-en-Jalles, après les incendies de Gironde : « Certaines expériences vous obligent à penser autrement » Gouverner dans le monde d’aujourd’hui implique de tirer toutes les conclusions du changement climatique et de repenser la politique à partir de ce nouvel état de fait C’est le cri lancé par le socialiste Stéphane Delpeyrat-Vincent, dont la commune située prè…",412,61,2026-08-10T15:00:10Z,L'Obs,www.nouvelobs.com,editorial_api,fr,unlabeled,none,https://focus.nouvelobs.com/2026/08/10/269/0/742/494/1200/800/0/0/204264b_upload-1-cfllwwcrxscm-sipa-01285363-000001.jpg,data\images\051bfbbc-eb01-4baa-aa7b-f10bd450c7f1.jpg,True,True,True,api,2026-08-14T14:21:37.055281+00:00
32e21fd6-3be9-4f20-826d-c7beeebcec6f,"""L'eau est plus chaude que l'air"" : la Creuse face à une sécheresse exceptionnelle Une nouvelle canicule arrive en France, or les fortes températures aggravent la sécheresse Dans la Creuse, placée en alerte maximale, les exploitations agricoles sont en souffrance : plus de 90% des petits cours d'eau sont à sec.",312,51,2026-08-10T14:50:23Z,Franceinfo.fr,www.franceinfo.fr,editorial_api,fr,unlabeled,none,https://www.franceinfo.fr/pictures/VH7oxoGrsnO4UhzB0OsOn1NfpzM/0x146:1542x1014/1500x843/2026/08/10/6a79d797c2f9b503993576.png,data\images\32e21fd6-3be9-4f20-826d-c7beeebcec6f.png,True,True,True,api,2026-08-14T14:21:37.056526+00:00
2dbac2b1-1b57-4977-8f90-9cbd468ca72a,"OpenAI freine le développement de son propre modèle Astra, visiblement trop doué pour le piratage Dans un billet publié le 7 août 2026, OpenAI affirme ne pas pouvoir exclure que son prochain modèle, Astra, ait atteint le niveau de risque le plus élevé de son référentiel de sécurité interne Ces dernières semaines ont été marquées par une série d'incidents…",357,59,2026-08-10T14:21:00Z,Numerama,www.numerama.com,editorial_api,fr,unlabeled,none,"https://c0.lestechnophiles.com/www.numerama.com/wp-content/uploads/2025/11/design-sans-titre-2025-11-04t103233490.jpg?resize=1600,900&key=0fa3a030",data\images\2dbac2b1-1b57-4977-8f90-9cbd468ca72a.jpg,True,True,True,api,2026-08-14T14:21:37.059051+00:00
f7d92d60-57b9-4034-8fa3-8e328c8750eb,"C’est historique : garder sa vieille voiture essence coûte désormais plus cher que passer à l’électrique Longtemps, remplacer sa vieille voiture thermique par une électrique coûtait plus cher que de ne rien changer En 2026, pour un ménage rural moyen, le calcul vient de s'inverser, grâce aux économies de carburant.",316,50,2026-08-10T14:16:47Z,Frandroid,www.frandroid.com,editorial_api,fr,unlabeled,none,"https://c0.lestechnophiles.com/images.frandroid.com/wp-content/uploads/2026/02/dacia-duster-iii-hybrid-g-150-4x4-extreme-version-1.jpg?resize=1600,900&key=3da2a205",data\images\f7d92d60-57b9-4034-8fa3-8e328c8750eb.jpg,True,True,True,api,2026-08-14T14:21:37.060114+00:00
a2661f19-57e2-46bd-8592-4f711cdb3bac,"""Ce qui était peut-être acceptable à l'époque ne l'est plus"" : ce que l'on sait des accusations visant l'animateur Guillaume Pley Une enquête publiée par ""Les Inrockuptibles"" met notamment en cause l'ancien animateur de radio, fondateur du podcast ""Legend"", évoquant des comportements inappropriés avec des mineures et une culture d'entreprise raciste.",352,51,2026-08-10T14:14:50Z,Franceinfo.fr,www.franceinfo.fr,editorial_api,fr,unlabeled,none,https://www.franceinfo.fr/pictures/3Mp-B1KIwK7XDii3wfhZRwYgKRk/0x0:1024x576/1500x843/2026/08/10/6a7987c8cb6a1887572139.jpg,data\images\a2661f19-57e2-46bd-8592-4f711cdb3bac.jpg,True,True,True,api,2026-08-14T14:21:37.061125+00:00
3df41d16-846c-481f-b472-f7da59b9f7b0,"Voici le coupable insoupçonné de l'assèchement du Sahara, il se cachait entre le Groenland et la Norvège Des hippopotames gravés dans la roche au milieu du plus grand désert du monde Il y a 6 000 ans, le Sahara était vert, parcouru de fleuves et couvert de végétation tropicale Puis tout s'est arrêté Le déclencheur ne se trouvait pas en Afrique, mais à des mil…",362,65,2026-08-10T14:00:00Z,Futura,www.futura-sciences.com,editorial_api,fr,unlabeled,none,https://cdn8.futura-sciences.com/a1920/images/desert-sahara-vert.png,data\images\3df41d16-846c-481f-b472-f7da59b9f7b0.jpg,True,True,True,api,2026-08-14T14:21:37.062142+00:00
3da301d7-e73e-45eb-ba9f-8f683abb5554,"La Heid des Gattes, une réserve naturelle atypique Coincée entre Aywaille et Remouchamp, cette réserve d’une soixantaine d’hectares regroupe deux anciennes carrières de...",171,23,2026-08-10T13:05:57Z,RTBF,www.rtbf.be,editorial_api,fr,unlabeled,none,https://static-content.rtbf.be/article/image/1920x1080/4/3/9/5ec56f875ba48ee667e496a6c91ffac2.jpg,data\images\3da301d7-e73e-45eb-ba9f-8f683abb5554.jpg,True,True,True,api,2026-08-14T14:21:37.063145+00:00
b1128534-294a-4061-9db3-5fa4dec7e998,"Les océans n’avaient jamais été aussi chauds pendant un mois de juillet Le mois dernier, la température moyenne de surface des océans de la planète a atteint 20,96 °C, du jamais vu en juillet jusqu’à cette année, selon le service européen de surveillance du climat Copernicus Une conséquence du changement climatique provoqué par …",331,54,2026-08-10T12:26:36Z,Courrier International,www.courrierinternational.com,editorial_api,fr,unlabeled,none,https://focus.courrierinternational.com/2025/10/13/0/0/5660/3773/1200/630/60/0/bfc86ec_upload-1-qywjbaunddsu-000-78jg6t3.jpg,data\images\b1128534-294a-4061-9db3-5fa4dec7e998.jpg,True,True,True,api,2026-08-14T14:21:37.064145+00:00
4ade40a2-342d-47fc-a162-9c5f2b43aacf,"Top 10 des villes étudiantes préférées des Français en 2026 Pour bien choisir sa ville étudiante, le prestige ne suffit plus Le classement 2026 met en avant des destinations capables de conjuguer études et qualité de vie",220,37,2026-08-10T11:02:37Z,20 Minutes,www.20minutes.fr,editorial_api,fr,unlabeled,none,https://img.20mn.fr/VXnmuyqGTRGPacXdwSsWeSk/1444x920_lyon-le-14-novembre-2017-illustration-d-etudiant-sur-le-campus-des-quais-de-l-universite-lumiere-lyon-ii-a-lyon,data\images\4ade40a2-342d-47fc-a162-9c5f2b43aacf.jpg,True,True,True,api,2026-08-14T14:21:37.065293+00:00
ebd2bef6-ea24-4a86-87ed-6231f4d365d6,"""Dutroux ne sortira jamais de prison"" : Jean-Marc Connerotte, le juge d'instruction dessaisi, revient sur l’affaire 30 ans plus tard Trente ans après l’arrestation de Marc Dutroux et la libération de Sabine Dardenne et Laetitia Delhez, Jean-Marc Connerotte revient sur l’affaire qui a marqué sa carrière dans un entretien accordé à Het Laatste Nieuws ...",354,55,2026-08-10T11:01:11Z,Lavenir.net,www.lavenir.net,editorial_api,fr,unlabeled,none,https://www.lavenir.net/resizer/v2/SBBQDOI4JRCDFH5COWLFZL6DY4.jpg?auth=cd5dbc4d1c4b6379346c1785e921652bf7a10c1882c8ce4ed1188a984a99cc32&width=1200&height=630&quality=85&focal=2760%2C1840,data\images\ebd2bef6-ea24-4a86-87ed-6231f4d365d6.jpg,True,True,True,api,2026-08-14T14:21:37.066837+00:00
9cb3fa24-ffe0-48dd-83f3-a46c23388dbb,"Canicule, pic ou vague de chaleur : comment faire la différence ? La France fait face à sa troisième vague de chaleur de l'année Entre les différents termes employés par Météo-France lors des épisodes de fortes chaleurs, il est compliqué de s'y retrouver Franceinfo fait le point.",280,47,2026-08-10T10:24:31Z,Franceinfo.fr,www.franceinfo.fr,editorial_api,fr,unlabeled,none,https://www.franceinfo.fr/pictures/h-Z8NzxT6aXAHjRINAoqwxGU9PE/0x59:1024x635/1500x843/2026/08/10/6a79743273c4b075946763.jpg,data\images\9cb3fa24-ffe0-48dd-83f3-a46c23388dbb.jpg,True,True,True,api,2026-08-14T14:21:37.068025+00:00
f8adb148-4596-403d-8f79-15c15a5bfeca,"Le maire de Saumos demande à Emmanuel Macron ""d'entendre le rappel à l'ordre de la nature"" et d'écouter les élus locaux après l'incendie Didier Chautard craint les propositions ""formulées dans l'urgence"" et appelle les pouvoirs publics à ""une réflexion collective"", afin que le territoire ""ne soit pas sacrifié une seconde fois au nom de décisions prises sans lui"".",365,58,2026-08-10T10:13:09Z,Franceinfo.fr,www.franceinfo.fr,editorial_api,fr,unlabeled,none,https://www.franceinfo.fr/pictures/CeRiofLlJ10jFB7gl0uPuLVOuts/0x73:1024x649/1500x843/2026/08/10/6a79a254406ec498880782.jpg,data\images\f8adb148-4596-403d-8f79-15c15a5bfeca.jpg,True,True,True,api,2026-08-14T14:21:37.068025+00:00
bb30f9f2-8796-4070-86a8-2a1cad5c6c11,"Free explique pourquoi il est essentiel d’activer la VoLTE en période de canicule Free Mobile vient d’envoyer un mail à ses abonnés leur rappelant les bons gestes en période de canicule, notamment en situation d’urgence Parmi eux, on trouve notamment une mention à...",267,43,2026-08-10T09:05:46Z,Phonandroid,www.phonandroid.com,editorial_api,fr,unlabeled,none,https://wp-pa.phonandroid.com/uploads/2025/07/mail-free-resiliation-2.jpg,data\images\bb30f9f2-8796-4070-86a8-2a1cad5c6c11.jpg,True,True,True,api,2026-08-14T14:21:37.070217+00:00
db085b55-ecd1-4ae9-bbd2-472ace93e292,"Ces Américains qui fuient Trump, ces Européens qui rêvent des États-Unis Qualité de vie, fiscalité : les raisons de partir se ressemblent souvent des deux côtés de l’Atlantique “The Independent” et “The Times” racontent ces parcours croisés d’expatriés entre États-Unis et Europe.",280,42,2026-08-10T08:19:59Z,Courrier International,www.courrierinternational.com,editorial_api,fr,unlabeled,none,https://focus.courrierinternational.com/2026/07/30/0/0/6000/4000/1200/630/60/0/c3b0f8d_upload-1-ua050ijemna6-pexels-holiday-extras-2159945971-36406012.jpg,data\images\db085b55-ecd1-4ae9-bbd2-472ace93e292.jpg,True,True,True,api,2026-08-14T14:21:37.071256+00:00
a4eb8e82-0e6c-4f01-a8fe-bfd596b34e45,"Pour le climatologue Jean-Pascal van Ypersele, ""ça coûte beaucoup moins cher de prévenir que de guérir"" Avec les vagues de chaleur que l’on connaît cette année, une question revient : à partir de quand peut-on parler de...",222,37,2026-08-10T07:55:09Z,RTBF,www.rtbf.be,editorial_api,fr,unlabeled,none,https://static-content.rtbf.be/article/image/1920x1080/2/f/6/42bf504003e42825cbe911b859905ce7.jpg,data\images\a4eb8e82-0e6c-4f01-a8fe-bfd596b34e45.jpg,True,True,True,api,2026-08-14T14:21:37.072256+00:00
db4d3892-3fd2-4abd-b832-b0fea39cf95a,"Un nouveau danger des microplastiques : pourquoi les océans pourraient moins bien freiner le réchauffement Les microplastiques ne menacent pas seulement la biodiversité marine : ils pourraient aussi réduire la capacité des océans à absorber le dioxyde de carbone atmosphérique En analysant l'impact de ces particules sur le phytoplancton, des chercheurs montrent qu…",366,53,2026-08-10T07:01:33Z,Futura,www.futura-sciences.com,editorial_api,fr,unlabeled,none,https://cdn8.futura-sciences.com/a1920/images/Plastic-on-surface-of-water-NOAA.jpg,data\images\db4d3892-3fd2-4abd-b832-b0fea39cf95a.jpg,True,True,True,api,2026-08-14T14:21:37.074299+00:00
6cc1e38f-5161-4b65-b5dc-06d69b444a7d,"Bactéries, algues… La pression des activités humaines sur les océans va-t-elle nous empêcher de nous baigner ? C’est l’été, on voudrait pouvoir profiter de la plage Mais, les impacts des activités humaines sur les océans risquent d’entraver nos (futurs) projets de vacances",273,42,2026-08-10T06:32:36Z,20 Minutes,www.20minutes.fr,editorial_api,fr,unlabeled,none,https://img.20mn.fr/twd4XNUyRoC5nrlV1RhbOSk/1444x920_les-juilletistes-sont-arrives-sur-les-planches-et-la-plage-de-deauville-seulement-en-vigilance-orange-canicule-un-peu-d-ombre-sous-les-parosols-un-bain-de-mer-et-de-quo-se-rafraichir-pour-la-journee-siccolipatrick-7u6a9993-credit-siccoli-patrick-sipa-2607121642,data\images\6cc1e38f-5161-4b65-b5dc-06d69b444a7d.jpg,True,True,True,api,2026-08-14T14:21:37.075314+00:00
0c2284a6-6c0b-4833-863b-555c513c68e8,"Climat Canicule : l'Europe de l’Ouest a connu son début d’été le plus chaud jamais enregistré Les températures des océans mondiaux ont aussi atteint un niveau record pour un mois de juillet, selon Copernicus.",208,34,2026-08-10T05:52:00Z,Le Dauphiné Libéré,www.ledauphine.com,editorial_api,fr,unlabeled,none,https://cdn-s-www.ledauphine.com/images/AC6F55C7-B910-4FAC-A704-EAC2D8CFDD08/FB1200/photo-1786339729.jpg,data\images\0c2284a6-6c0b-4833-863b-555c513c68e8.jpg,True,True,True,api,2026-08-14T14:21:37.075314+00:00
a1c2cc04-f71a-423e-8768-a00b6e33b1d2,"""On plante des arbres gratuitement chez vous"" : cette association récolte des fonds pour ""faire grandir la forêt"" en milieu urbain En Ardèche, autour d'Annonay, six hommes ont créé l'association ""SylvAsso"" Elle vise à planter des arbres gratuitement chez les particuliers et les professionnels L'association a besoin de fonds pour financer l'achat des arbres.",359,54,2026-08-10T05:10:02Z,Franceinfo.fr,france3-regions.franceinfo.fr,editorial_api,fr,unlabeled,none,https://france3-regions.franceinfo.fr/image/yAQLRwqB504_bocdxdoRCAeTCig/930x620/regions/2026/08/09/6a7885a7cb1e7648577069.jpg,data\images\a1c2cc04-f71a-423e-8768-a00b6e33b1d2.jpg,True,True,True,api,2026-08-14T14:21:37.077360+00:00
c40c542b-6749-4e9f-82bb-26ec13fc2806,"Société Stress, troubles du sommeil, idées noires.. l'été des records climatiques fait grimper l’éco-anxiété Le réchauffement climatique ne bouleverse plus seulement les paysages : il trouble de plus en plus la santé mentale des Français, qui voient arriver cette semaine une cinquième vague de chaleur.",303,45,2026-08-10T04:35:00Z,Le Dauphiné Libéré,www.ledauphine.com,editorial_api,fr,unlabeled,none,https://cdn-s-www.ledauphine.com/images/250C9074-B7E7-47D5-BA65-F287460C090F/FB1200/photo-1786298362.jpg,data\images\c40c542b-6749-4e9f-82bb-26ec13fc2806.jpg,True,True,True,api,2026-08-14T14:21:37.078363+00:00
7c5a7bbc-f747-4759-8ad6-38b120ccb725,Pas de pluie et des températures qui remontent : la Belgique se prépare à une période d’extrême sécheresse Les cartes de prévisions liées à la sécheresse du territoire belge publiées par le site de l'’Institut Royal...,218,36,2026-08-10T04:30:00Z,RTBF,www.rtbf.be,editorial_api,fr,unlabeled,none,https://static-content.rtbf.be/article/image/1920x1080/6/8/9/9cf59b4dc9e704237f467f6dea6369da.jpg,data\images\7c5a7bbc-f747-4759-8ad6-38b120ccb725.jpg,True,True,True,api,2026-08-14T14:21:37.079365+00:00
9b048d63-f124-4c72-94e7-bc3d39720062,"Océans en surchauffe, températures extrêmes.. L'Europe de l'Ouest a connu son début d'été le plus chaud jamais enregistré À l'échelle mondiale, juillet 2026 est devenu, à égalité avec juillet 2024, le deuxième mois de juillet le plus chaud jamais enregistré, seulement dépassé par juillet 2023.",294,45,2026-08-10T04:24:41Z,BFMTV,www.bfmtv.com,editorial_api,fr,unlabeled,none,https://images.bfmtv.com/AfcNdqRUSk6lJD5TPx1MNXGaofw=/0x106:2048x1258/2048x0/images/ITALIE-CHALEUR-2330454.jpg,data\images\9b048d63-f124-4c72-94e7-bc3d39720062.jpg,True,True,True,api,2026-08-14T14:21:37.080428+00:00
afe6b604-8425-4313-a08a-a58d68be0f4c,"Réchauffement climatique et vagues de chaleur : 95 % des maisons de repos et hôpitaux doivent être rénovés, selon la fédération de la construction Embuild appelle aussi à construire plus de maisons de repos et d’hôpitaux pour faire face à l’augmentation de la population senior en Belgique d'ici 2050 ...",304,50,2026-08-10T04:01:00Z,dh.be,www.dhnet.be,editorial_api,fr,unlabeled,none,https://www.dhnet.be/resizer/v2/43D6YPXOYVEEPAEH2S4B3MNA4U.jpg?auth=20966c21dd90fee048335b01f4fbae7eb54ea00c6fbf6a85bb52edd509401881&width=1200&height=630&quality=85&focal=1536%2C1024,data\images\afe6b604-8425-4313-a08a-a58d68be0f4c.jpg,True,True,True,api,2026-08-14T14:21:37.081432+00:00
e7ff70a0-7d81-4189-8814-1b9f5b1ba229,"Référentiel aménagement durable de Provence-Alpes-Côte d'Azur Pour une approche intégrée des projets et opérations d'aménagement, ce référentiel aménagement durable de la Région Provence-Alpes-Côte d’Azur constitue un outil qui a vocation à accompagner les maîtres d’ouvrage dans la conception, la mise en œuvre, et le su…",322,45,2026-08-10T00:00:00Z,Gouv.fr,www.data.gouv.fr,editorial_api,fr,unlabeled,none,"https://www.data.gouv.fr/_og/d/c_ObjectPage.takumi,objectTitle_~UsOpZsOpcmVudGllbCBhbcOpbmFnZW1lbnQgZHVyYWJsZSBkZSBQcm92ZW5jZS1BbHBlcy1Dw7R0ZSBkJ0F6dXI,orgName_~UsOpZ2lvbiBQcm92ZW5jZS1BbHBlcy1Dw7R0ZS1kJ0F6dXI,orgLogo_~aHR0cHM6Ly91ZGF0YS1hdmF0YXJzLnMzLnJieC5pby5jbG91ZC5vdmgubmV0L2RlL2JhZGQyZDI3NjE0YjY5OTk4OWIyODcwMWM3ZmEzMC0xMDAuanBn,views_0,downloads_0,reuses_0,followers_0,p_Ii9kYXRhc2V0cy9yZWZlcmVudGllbC1hbWVuYWdlbWVudC1kdXJhYmxlLWRlLXByb3ZlbmNlLWFscGVzLWNvdGUtZC1henVyIg,s_UCOrgo3oBJ8oySRC.png",,True,False,True,api,2026-08-14T14:21:37.081432+00:00
9e225dba-e793-48d8-978f-95654b04f38d,"Alors que l'eau atteint 30 degrés, la tropicalisation de la mer Méditerranée inquiète les scientifiques La canicule sévit sur Terre, mais aussi en mer Si en 2026, la température des mers et des océans bat tous les records, le désastre touche particulièrement la Méditerranée.",275,44,2026-08-09T21:14:45Z,Franceinfo.fr,www.franceinfo.fr,editorial_api,fr,unlabeled,none,https://www.franceinfo.fr/pictures/qTC2lPe0FuB4R1vYUk52jG8C_gI/0x64:1608x969/1500x843/2026/08/09/6a78cab67e8de131909939.png,data\images\9e225dba-e793-48d8-978f-95654b04f38d.png,True,True,True,api,2026-08-14T14:21:37.082435+00:00
8a6c0f33-c7c1-42fc-b3c7-ea640d5430f2,"Le récap Apple de la semaine : iPhone Ultra, Apple Watch, IA et hausses de prix au menu Nouvelle semaine, nouveau récap Apple sur iPhoneAddict Cete semaine, l’actualité a encore tourné autour de plusieurs grands classiques de Cupertino : des iPhone qui… Lire la suite… Facebook · X · iAddict L’article Le récap Apple de la semaine : iPhone Ultra,…",347,60,2026-08-09T18:03:02Z,Iphoneaddict.fr,iphoneaddict.fr,editorial_api,fr,unlabeled,none,https://static.iphoneaddict.fr/wp-content/uploads/2026/07/recap-Apple-iPhoneAddict.jpg,data\images\8a6c0f33-c7c1-42fc-b3c7-ea640d5430f2.jpg,True,True,True,api,2026-08-14T14:21:37.082435+00:00
ef2825c4-90cc-4a39-bfab-151ada42215a,"""Le château d'eau n'avait plus d'eau"" : en Auvergne, la sécheresse fait craindre de nouvelles coupures Le mercure grimpe en Auvergne et la chaleur devrait encore s'intensifier Une situation qui accentue la pression sur la ressource en eau À Saint-Hilaire-de-Pionsat, dans le Puy-de-Dôme, les habitants en ont déjà fait les frais : il y a quelques semaines, la …",361,59,2026-08-09T15:19:26Z,Franceinfo.fr,france3-regions.franceinfo.fr,editorial_api,fr,unlabeled,none,https://france3-regions.franceinfo.fr/image/I6eHOZHajoVVYj3eqVo3hwgBaDM/930x620/regions/2026/08/09/6a78910914fe8641217529.jpg,data\images\ef2825c4-90cc-4a39-bfab-151ada42215a.jpg,True,True,True,api,2026-08-14T14:21:37.084944+00:00
1f0b4c88-ec2c-4968-9523-ca3cd539928b,"Croissance en trompe-l'œil, chômage en hausse, taux sous tension : l'alerte de l'économiste Marc Touati Dans sa vidéo bimensuelle publiée début août 2026, l'économiste Marc Touati dresse un bilan préoccupant de la conjoncture française.",236,34,2026-08-09T11:07:44Z,Infodujour.fr,infodujour.fr,editorial_api,fr,unlabeled,none,https://infodujour.fr/wp-content/uploads/2026/08/entretien-marc-touati-La-Verite-economique.jpg,data\images\1f0b4c88-ec2c-4968-9523-ca3cd539928b.jpg,True,True,True,api,2026-08-14T14:21:37.087466+00:00
85e59773-0de7-4832-8eac-c491f48a1f83,"La plante de la semaine : la « pépite exotique » qui a la saveur de plusieurs fruits à la fois Les Français sont de vrais « jardinophiles » ! Et vous ? Avec cette chronique, (re)découvrez une plante, un fruit, un légume Cette semaine, cap sur un fruit trop peu connu des jardins français qui mérite que l’on s’attarde sur lui : le melon-poire ou poire-m…",354,67,2026-08-09T09:01:37Z,Futura,www.futura-sciences.com,editorial_api,fr,unlabeled,none,https://cdn8.futura-sciences.com/a1280/images/plante-semaine-pepino.jpg,data\images\85e59773-0de7-4832-8eac-c491f48a1f83.jpg,True,True,True,api,2026-08-14T14:21:37.088465+00:00
facff111-c5b3-4e6b-b0e0-00cbdbad0c48,"Canicule ""On ne pensait pas que cette année serait si intense"" : dans l'Ain, le Parc des oiseaux s'adapte aux fortes chaleurs Les canicules se succèdent en cet été 2026 Dans la région, la vigilance orange canicule est élargie ce dimanche au département de l'Ain, qui rejoint ainsi le Rhône, la Drôme, l'Ardèche, l'Isère et les deux Savoie À Villars-les-Dombes, le Parc des oiseaux a …",384,66,2026-08-09T08:50:01Z,Franceinfo.fr,france3-regions.franceinfo.fr,editorial_api,fr,unlabeled,none,https://france3-regions.franceinfo.fr/image/U7K_QjvuBDOIgCcXkgA6ra1Ba4o/930x620/regions/2026/08/08/6a775d3bee138610907376.jpg,data\images\facff111-c5b3-4e6b-b0e0-00cbdbad0c48.jpg,True,True,True,api,2026-08-14T14:21:37.089642+00:00
5999c743-28bb-4ed6-ae3c-d2d19fdbbe07,"Colfontaine : Il porte à nouveau des coups à sa compagne et écope d’une peine de quinze mois de prison ferme Après la rupture, il s’est mis à la harceler L’homme avait déjà de très lourds antécédents judiciaires ...",215,39,2026-08-09T08:05:00Z,dh.be,www.dhnet.be,editorial_api,fr,unlabeled,none,https://www.dhnet.be/resizer/v2/S5CK4Z24INGYXB4XZAKMY3SEHM.jpg?auth=0d6fc3c4a69015311669b6f09d88ae4a777298b714d9b657b8a92529d2362dcf&width=1200&height=630&quality=85&focal=550%2C366,data\images\5999c743-28bb-4ed6-ae3c-d2d19fdbbe07.jpg,True,True,True,api,2026-08-14T14:21:37.090653+00:00
bb9ed744-d45d-4207-a803-94aeccf5e045,"Actualité : HBO Max : notre top 10 des meilleures séries à voir en streaming en août 2026 Si vous êtes à la recherche d'une bonne série à voir ce mois-ci sur le service de streaming HBO Max, vous tombez bien Les Numériques a fait sa sélection des meilleures séries à voir en août 2026 sur la plateforme.",303,58,2026-08-09T07:15:00Z,Les Numériques,www.lesnumeriques.com,editorial_api,fr,unlabeled,none,https://cdn.lesnumeriques.com/optim/news/26/260147/cbd096b6-hbo-max-notre-top-10-des-meilleures-series-a-voir-en-streaming-en-aout-2026_png__1200_678__0-5-1816-958.jpg,data\images\bb9ed744-d45d-4207-a803-94aeccf5e045.png,True,True,True,api,2026-08-14T14:21:37.092675+00:00
842d3469-7cc4-4c1b-8ede-aa9aa9aa41e7,"« La technique aime à se faire oublier » : quand l’impact de la voiture sur le vivant reste sur le bas-côté Elle pollue mais est devenue une part de notre identité : la voiture est un objet qui fâche Pour sortir de l’ornière, « le Nouvel Obs » est allé enquêter du côté des grands penseurs Avant-dernier épisode : où l’on mesure les impacts du monde automobile sur …",366,70,2026-08-09T07:00:10Z,L'Obs,www.nouvelobs.com,editorial_api,fr,unlabeled,none,https://focus.nouvelobs.com/2026/07/30/0/0/5500/3666/1200/800/0/0/7c03972_upload-1-tmdfrckp9ezo-gettyimages-2177475673.jpg,data\images\842d3469-7cc4-4c1b-8ede-aa9aa9aa41e7.jpg,True,True,True,api,2026-08-14T14:21:37.094179+00:00
bf75ee82-e6e7-4f57-8791-8031d789c44c,"""Des affirmations non étayées et des allégations manifestement fausses"": la contre-attaque d'Infantino et de la Fifa Alors que la tension n'est pas retombée après l'épisode du projet de vente de parts de la Coupe du monde, la Fifa et son président Gianni Infantino ont décidé de contre-attaquer dans un communiqué ferme et offensif En affirmant que rien ne serait faciliter p…",376,61,2026-08-08T21:44:38Z,BFMTV,rmcsport.bfmtv.com,editorial_api,fr,unlabeled,none,https://io-fsly-bfmtv.cdn.nextradiotv.com/sBrU_Lf9t-7NvtUPiyttxVQwp4U=/0x212:2048x1364/images/Le-president-de-la-Fifa-Gianni-Infantino-en-marge-d-un-match-de-la-CAN-feminine-5-aout-2026-2330257.jpg,data\images\bf75ee82-e6e7-4f57-8791-8031d789c44c.jpg,True,True,True,api,2026-08-14T14:21:37.095187+00:00
899818c7-7f81-41f8-bf9e-661fe25b22b8,"""Si vous voulez le destituer, passez par les élections”, le président de la CAF apporte son soutien à Gianni Infantino Le patron de la CAF, Patrice Motsepe, a de nouveau pris la défense de Gianni Infantino, alors que le président de la FIFA est de plus en plus critiqué dans l’univers du ballon rond, notamment depuis les nombreuses polémiques qui ont fait surface lors du Mondi…",379,66,2026-08-13T13:24:40Z,BFMTV,rmcsport.bfmtv.com,editorial_api,fr,unlabeled,none,https://io-fsly-bfmtv.cdn.nextradiotv.com/_64CSik0emR7RRC9bn7qFSB8iMA=/645x128:2005x893/images/Patrice-Motsepe-tout-sourire-avec-Gianni-Infantino-pendant-un-match-de-la-Coupe-du-monde-2026-2326983.jpg,data\images\899818c7-7f81-41f8-bf9e-661fe25b22b8.jpg,True,True,True,api,2026-08-14T14:21:37.097844+00:00
a6b7bf63-92ac-475b-9b0b-437c63e337c1,"- Yaoundé IV en deuil : le maire Gabriel Bihina Effila est mort Élu maire de Yaoundé IV en 2020, Gabriel Bihina Effila, 72 ans, est décédé dans la nuit du 12 au 13 août 2026 à Douala des suites d'un malaise post-opératoire.....",227,43,2026-08-13T11:25:29Z,Camer.be,www.camer.be,editorial_api,fr,unlabeled,none,https://www.camer.be/storage/photos/shares/Cameroun2/Gabriel-Bihina-Effila130826500.webp,data\images\a6b7bf63-92ac-475b-9b0b-437c63e337c1.jpg,True,True,True,api,2026-08-14T14:21:37.099855+00:00
17278ef4-a9d3-46bd-9e75-e9c095e9837c,"Karoline Leavitt quitte la Maison-Blanche, et Trump perd “sa porte-parole préférée” La plus jeune porte-parole de l’histoire de la Maison-Blanche s’est révélée un relais efficace et pugnace, n’hésitant pas à se confronter aux journalistes et à promouvoir des influenceurs d’extrême droite Son départ pour s’occuper de ses enfants en bas âge v…",343,52,2026-08-13T11:17:54Z,Courrier International,www.courrierinternational.com,editorial_api,fr,unlabeled,none,https://focus.courrierinternational.com/2025/01/28/0/0/5104/3403/1200/630/60/0/3df90e5_ftp-import-images-1-p46sf0zdfbux-2025-01-28t023512z-876116754-rc2picach362-rtrmadp-3-usa-trump.JPG,data\images\17278ef4-a9d3-46bd-9e75-e9c095e9837c.jpg,True,True,True,api,2026-08-14T14:21:37.100860+00:00
f5279dbe-beb9-4d60-a82a-507fac7e2759,"Surprise au CPAS de Perwez : la présidente Delphine Paye démissionne Delphine Paye jette l'éponge : elle démissionnera de la présidence du CPAS de Perwez lors du prochain conseil communal, prévu ce jeudi 20 août ...",215,36,2026-08-13T11:12:07Z,Lavenir.net,www.lavenir.net,editorial_api,fr,unlabeled,none,https://www.lavenir.net/resizer/v2/NCD5Z3DXHFGEVLHCX3RF7ASUEU.jpg?auth=6a9b8f1ed4eb2e2ed96a3ba60a266211b217856beefd970da88b0a247d7a5bde&width=1200&height=630&quality=85&focal=550%2C412,data\images\f5279dbe-beb9-4d60-a82a-507fac7e2759.jpg,True,True,True,api,2026-08-14T14:21:37.101865+00:00
ac762cfd-1577-4358-bca7-98649a525f78,"La porte-parole de la Maison Blanche, Karoline Leavitt, quitte ses fonctions Karoline Leavitt a annoncé son départ mercredi Cette trumpiste convaincue a décidé de quitter ses fonctions pour se consacrer à sa famille.",216,33,2026-08-13T08:01:34Z,Franceinfo.fr,www.franceinfo.fr,editorial_api,fr,unlabeled,none,https://www.franceinfo.fr/pictures/NUFVJIoufSD-p4IBQ2fzyT4cIPQ/0x0:1024x576/1500x843/2026/08/13/6a7d798bf28b7660546025.jpg,data\images\ac762cfd-1577-4358-bca7-98649a525f78.jpg,True,True,True,api,2026-08-14T14:21:37.102868+00:00
6df6a381-0196-4413-9404-82398f1fd5f2,"La bourgmestre de Jette accusée d’autoritarisme: les Engagés ont envoyé un ""médiateur"" dans la commune Les Engagés ont envoyé un médiateur pour tenter d’apaiser les vives tensions à l’échevinat de Didier Wauters (Ville) et dans la section locale de Jette, rapporte Le Soir Claire Vandevivere est notamment accusée d’autoritarisme Elle réagit ...",345,52,2026-08-13T08:00:45Z,Lavenir.net,www.lavenir.net,editorial_api,fr,unlabeled,none,https://www.lavenir.net/resizer/v2/X6NHERDCPVDJRFEUH3U4AQCQOE.jpg?auth=8c8ca549538c295a5615524bf8e531fd13a371197af7519ea8748e985fc3f7a4&width=1200&height=630&quality=85&focal=2933%2C2164,data\images\6df6a381-0196-4413-9404-82398f1fd5f2.jpg,True,True,True,api,2026-08-14T14:21:37.104374+00:00
592a76a8-7703-41ba-ad63-290c0a439be0,"Féminicide dans le Vaucluse : À Bollène, une marche organisée en hommage à Katerina mercredi prochain Une marche blanche est organisée le 19 août en hommage à la mère de famille de 36 ans, retrouvée morte jeudi Son ancien compagnon est le principal suspect",256,44,2026-08-13T07:21:02Z,20 Minutes,www.20minutes.fr,editorial_api,fr,unlabeled,none,https://img.20mn.fr/tALHMwHBTruZc1g3PGfhQSk/1444x920_capture-ecran-facebook-compte,data\images\592a76a8-7703-41ba-ad63-290c0a439be0.jpg,True,True,True,api,2026-08-14T14:21:37.104884+00:00
f8eee090-babc-4157-b3c4-3b7b5d2b14b3,"Le Parti socialiste fixe les modalités de sa primaire interne pour la présidentielle 2027 Le PS organisera sa primaire les 11 et 18 octobre, réservée aux adhérents, sur fond de débats internes sur le prix d'entrée et la participation de Raphaël Glucksmann.",256,42,2026-08-13T07:11:19Z,JDN,www.journaldunet.com,editorial_api,fr,unlabeled,none,https://img-0.journaldunet.com/Pb4QixRMo_IVu0xm7_IP1z2Pz-I=/1500x/smart/c5931789dab349fca1c8ed0aea27e177/ccmcms-jdn/39542685.jpg,data\images\f8eee090-babc-4157-b3c4-3b7b5d2b14b3.jpg,True,True,True,api,2026-08-14T14:21:37.106103+00:00
bf22beff-846e-4060-9e9a-065c2d4eb81a,"L'exfiltration de Donald Trump ""est une image frappante d'un président qui fuit les conséquences de ses propres actions"", déplore André Ory, porte-parole des Democrats Abroad À moins de trois mois des élections de mi-mandat, André Ory affiche la confiance des démocrates.",271,41,2026-08-13T06:46:33Z,Franceinfo.fr,www.franceinfo.fr,editorial_api,fr,unlabeled,none,https://www.franceinfo.fr/pictures/sl-2OGQ_x-ZA3rY3gLDs5q1kxr8/0x0:1024x576/1500x843/2026/08/13/6a7d677120c54076058645.jpg,data\images\bf22beff-846e-4060-9e9a-065c2d4eb81a.jpg,True,True,True,api,2026-08-14T14:21:37.107121+00:00
3c06f827-9cca-4500-a0e9-dcfdd64cd6ac,"Bluesky perd du terrain malgré la hausse des inscriptions L’app Bluesky perd du terrain depuis son pic post-élections, tandis que l’entreprise mise de plus en plus sur son protocole et de nouveaux usages.",204,33,2026-08-13T06:00:29Z,Begeek.fr,www.begeek.fr,editorial_api,fr,unlabeled,none,https://www.begeek.fr/wp-content/uploads/2026/06/bluesky.webp,data\images\3c06f827-9cca-4500-a0e9-dcfdd64cd6ac.jpg,True,True,True,api,2026-08-14T14:21:37.108626+00:00
6d3420d8-5e6d-4e71-b17a-e0e224e1c055,"Vives tensions chez les Engagés dans la capitale : une bourgmestre bruxelloise accusée d'autoritarisme et un chef cab' de discrimination raciale Les Engagés ont envoyé un médiateur pour tenter d’apaiser les vives tensions à l’échevinat de Didier Wauters (Ville) et dans la section locale de Jette, rapporte Le Soir Claire Vandevivere est notamment accusée d’autoritarisme Elle réagit ...",387,58,2026-08-13T05:57:07Z,Lalibre.be,www.lalibre.be,editorial_api,fr,unlabeled,none,https://www.lalibre.be/resizer/v2/VZ3RN25YKZHZBPZRBSLKHUQVMY.jpg?auth=11042c11c91f066edba54539fdcee3b893f7a2c7d0da46dc99021bbbf13f034a&width=1200&height=630&quality=85&focal=3000%2C2009,data\images\6d3420d8-5e6d-4e71-b17a-e0e224e1c055.jpg,True,True,True,api,2026-08-14T14:21:37.109657+00:00
8dfbcb4b-eb31-44b3-b4df-ee410ca6814f,"La bourgmestre de Jette, Claire Vandevivere, dans la tourmente : les Engagés ont envoyé un “médiateur” dans la commune Les Engagés ont envoyé un médiateur pour tenter d’apaiser les vives tensions à l’échevinat de Didier Wauters (Ville) et dans la section locale de Jette, rapporte Le Soir Claire Vandevivere est notamment accusée d’autoritarisme Elle réagit ...",361,56,2026-08-13T05:45:21Z,dh.be,www.dhnet.be,editorial_api,fr,unlabeled,none,https://www.dhnet.be/resizer/v2/X6NHERDCPVDJRFEUH3U4AQCQOE.jpg?auth=8c8ca549538c295a5615524bf8e531fd13a371197af7519ea8748e985fc3f7a4&width=1200&height=630&quality=85&focal=2933%2C2164,data\images\8dfbcb4b-eb31-44b3-b4df-ee410ca6814f.jpg,True,True,True,api,2026-08-14T14:21:37.111846+00:00
5d081bfa-dda0-4873-b583-53bb29044aef,"À quelques mois des midterms, Donald Trump se fait lâcher par Karoline Leavitt, porte-parole de la Maison Blanche Cette fidèle d’entre les fidèles a indiqué vouloir se consacrer à sa famille, ne « pouvant être la maman que [s]es enfants » méritent à cause de ses fonctions.",273,47,2026-08-13T05:38:10Z,Le HuffPost,www.huffingtonpost.fr,editorial_api,fr,unlabeled,none,https://focus.huffingtonpost.fr/2026/02/19/239/0/6378/3587/1820/1023/75/0/ec79363_upload-1-1hrbdhgd9lvx-afp-20260218-983p8p7-v1-highres-whitehousepresssecretarykarolineleavittdailybri.jpg,data\images\5d081bfa-dda0-4873-b583-53bb29044aef.jpg,True,True,True,api,2026-08-14T14:21:37.112854+00:00
4317d1b6-f42f-4cc6-8c8c-829258d5effe,"Au Royaume-Uni, le principal rival de Nigel Farage dit tout de l’absurdité de cette élection Le dirigeant du parti d’extrême droite Reform UK se présente à une législative partielle anticipée qu’il a lui-même provoquée pour tenter de mettre fin à une polémique.",261,42,2026-08-13T04:30:12Z,Le HuffPost,www.huffingtonpost.fr,editorial_api,fr,unlabeled,none,https://focus.huffingtonpost.fr/2026/08/11/0/0/1920/1080/1820/1023/75/0/62413d2_upload-1-92dwsgk4vhhy-appel.jpg,data\images\4317d1b6-f42f-4cc6-8c8c-829258d5effe.jpg,True,True,True,api,2026-08-14T14:21:37.114361+00:00
9e46811d-e50d-4dc3-9a94-9939bb478c43,"Isère « Judas, écolos-bobos… » : les élections font exploser les clivages dans ce village Le 15 mars dernier, l’élection municipale s’est jouée à deux petites voix, achevant de cliver la population d’un village pourtant magnifique Rumeurs pernicieuses, procès d’intentions en tout genre, néoruraux contre propriétaires terriens, Chichilianne se déc…",349,50,2026-08-13T04:02:00Z,Le Dauphiné Libéré,www.ledauphine.com,editorial_api,fr,unlabeled,none,https://cdn-s-www.ledauphine.com/images/966BE76C-CF7C-4897-A241-666D3784A140/FB1200/photo-1786555650.jpg,data\images\9e46811d-e50d-4dc3-9a94-9939bb478c43.jpg,True,True,True,api,2026-08-14T14:21:37.115907+00:00
f9743d1d-5ec8-40be-9ab4-91916b8bc40b,"La porte-parole de la Maison Blanche, Karoline Leavitt, quittera ses fonctions ""à la fin du mois"" Donald Trump a annoncé ce mercredi le départ de la porte-parole de la Maison Blanche, Karoline Leavitt Elle quittera ses fonctions ""à la fin du mois"" pour ""consacrer davantage de temps à sa famille"".",297,50,2026-08-12T21:14:44Z,BFMTV,www.bfmtv.com,editorial_api,fr,unlabeled,none,https://images.bfmtv.com/M-KTyyn8_ZC2sbbWqL-aaoYSDiw=/0x68:2048x1220/2048x0/images/La-porte-parole-de-la-Maison-Blanche-Karoline-Leavitt-durant-une-conference-de-presse-le-23-juillet-2026-2331639.jpg,data\images\f9743d1d-5ec8-40be-9ab4-91916b8bc40b.jpg,True,True,True,api,2026-08-14T14:21:37.118741+00:00
a5bb2f75-be59-47ce-838d-354ec85ada71,"""Génération Mitterrand"" et ""La France unie"" : une dimension intemporelle ? Cet été, Fabrice d'Almeida sonde les slogans des élections présidentielles sous la Ve République De quoi se rafraîchir la mémoire avant l'élection de 2027 Aujourd'hui, retour en 1988, avec François Mitterrand et deux slogans : ""Génération Mitterrand"" et ""La…",333,50,2026-08-12T15:30:01Z,Franceinfo.fr,www.franceinfo.fr,editorial_api,fr,unlabeled,none,https://www.franceinfo.fr/pictures/JTk0B8e8q2HtPIhnpSsYwmLYxcU/0x292:5616x3451/1500x843/2026/08/11/6a7b132b4b5c7048728304.jpg,data\images\a5bb2f75-be59-47ce-838d-354ec85ada71.jpg,True,True,True,api,2026-08-14T14:21:37.118741+00:00
eb8ccaed-c831-4832-b395-e4433b377e24,"Le camouflet de Benjamin Netanyahu met Donald Trump face à ses limites : ""Il perd en crédibilité"" La relation entre les deux dirigeants, longtemps présentée comme solide, montre aujourd’hui ses fissures Le désaccord autour de l’avenir de Gaza soulève surtout une question embarrassante pour Washington : jusqu’où Donald Trump peut-il réellement peser sur l…",357,54,2026-08-12T13:54:58Z,Lalibre.be,www.lalibre.be,editorial_api,fr,unlabeled,none,https://www.lalibre.be/resizer/v2/SNPRZ65NPJEWFAGMMGSFTPXAFM.jpg?auth=90ff30509191bc1f507f552ff5d0709963f08b687849a9fa9a9f0fbbf5639c2d&width=1200&height=630&quality=85&focal=1744%2C1162,data\images\eb8ccaed-c831-4832-b395-e4433b377e24.jpg,True,True,True,api,2026-08-14T14:21:37.122302+00:00
01f19256-8b9b-4255-993a-5ddb87933c04,"”Il perd en crédibilité” : face au rejet ferme de Netanyahu sur Gaza, l’influence de Donald Trump remise en question Benjamin Netanyahu a ouvertement exprimé son désaccord avec Donald Trump en rejetant le document en 15 points présenté fin juillet par le Conseil de Paix ...",274,46,2026-08-12T13:45:22Z,dh.be,www.dhnet.be,editorial_api,fr,unlabeled,none,https://www.dhnet.be/resizer/v2/K3ZOU2TENRB6RNFBMM76WMF27E.jpg?auth=577be502ce4d2a9fdf3db71068d2a3b0f2adc045df0928aa40381c741e46491d&width=1200&height=630&quality=85&focal=2240%2C1492,data\images\01f19256-8b9b-4255-993a-5ddb87933c04.jpg,True,True,True,api,2026-08-14T14:21:37.123310+00:00
63c94500-998a-44d8-b55e-076c3a261d40,- Abdouram Baba Amadou : « Tchiroma a fait une erreur » Rester au Cameroun et risquer l'arrestation aurait pu faire imploser le régime Le 7 n....,145,27,2026-08-12T13:37:56Z,Camer.be,www.camer.be,editorial_api,fr,unlabeled,none,https://www.camer.be/storage/photos/shares/cameroun/Abdouraman-Hamadou-Babba050224500.jpg,data\images\63c94500-998a-44d8-b55e-076c3a261d40.jpg,True,True,True,api,2026-08-14T14:21:37.124817+00:00
ff168b9b-d9f9-4a07-9226-dffc47dc271e,"«Je ne serai pas la dernière»: Aminata Pouye, énième élue de gauche victime d’une agression raciste La conseillère municipale insoumise à la mairie de Talence, par ailleurs candidate aux élections sénatoriales de septembre 2026, a déposé plainte après avoir été victime d’une agression raciste dimanche 9 août La liste des élus de gauche victimes d’attaques …",359,56,2026-08-12T12:29:00Z,Mediapart,www.mediapart.fr,editorial_api,fr,unlabeled,none,https://static.mediapart.fr/etmagine/og/journal/files/2026/08/12/260812-img-je-ne-suis-pas-la-premiere-et-je-ne-serai-pas-la-derniere-aminata-pouye-enieme-elue-de-gauche-victime-d-un.jpg,data\images\ff168b9b-d9f9-4a07-9226-dffc47dc271e.jpg,True,True,True,api,2026-08-14T14:21:37.125342+00:00
e5731753-84d9-4e51-bff9-1d005fbcd2a3,"Guerre en Ukraine : cette mobilisation massive que Poutine prépare pour l'automne Pressions sur les employeurs, censure de l'opposition, soldats nord-coréens… Selon Volodymyr Zelensky, la Russie préparerait une mobilisation d'ampleur pour l'automne.",249,32,2026-08-12T10:36:32Z,L'Express,www.lexpress.fr,editorial_api,fr,unlabeled,none,https://www.lexpress.fr/resizer/v2/D3Y2B2IXRVDNBOFTA5VEXGT5XY.JPG?auth=abe70cd612cf7c546ba8172a2f1cdc3e1f8ef24d520f33efb647121feae339bc&width=1200&height=630&quality=85&smart=true,data\images\e5731753-84d9-4e51-bff9-1d005fbcd2a3.jpg,True,True,True,api,2026-08-14T14:21:37.127456+00:00
5ed6910a-d2ed-4a71-b268-77aed56ca99e,"Charles de Gaulle, héros de la France libre : une représentation qui a évolué dans la mémoire nationale ? Lorsque la France commémore entre juin et août les débarquements de 1944, ainsi que la libération progressive du territoire national, la figure du général de Gaulle n’est jamais loin.",289,48,2026-08-12T10:34:08Z,The Conversation Africa,theconversation.com,editorial_api,fr,unlabeled,none,https://images.theconversation.com/files/748397/original/file-20260716-85-r388rb.jpg?ixlib=rb-4.1.1&rect=0%2C34%2C999%2C499&q=45&auto=format&w=1356&h=668&fit=crop,data\images\5ed6910a-d2ed-4a71-b268-77aed56ca99e.jpg,True,True,True,api,2026-08-14T14:21:37.127456+00:00
6e178081-fbd8-4a64-aa34-cc6b76af33a6,"Côte d’Ivoire : Yacine Idriss Diallo unique candidat à la FIF, les clubs brandissent le boycott La Fédération ivoirienne de football élira son président le 12 septembre, Yacine Idriss Diallo étant l’unique candidat, après des tractations gouvernementales Mais la grogne couve chez les clubs, qui réclament plus de moyens.",321,49,2026-08-12T06:35:02Z,Jeune Afrique,www.jeuneafrique.com,editorial_api,fr,unlabeled,none,"https://prod.cdn-medias.jeuneafrique.com/cdn-cgi/image/q=auto,f=auto,metadata=none,width=1280,height=720,fit=cover,gravity=0.3542x0.4572/https://prod.cdn-medias.jeuneafrique.com/medias/2026/08/11/jad20260811-ass-civ-fif-unique-candidat-yacineidrissdiallo.jpg",data\images\6e178081-fbd8-4a64-aa34-cc6b76af33a6.jpg,True,True,True,api,2026-08-14T14:21:37.129824+00:00
45ed7157-7937-46de-bd5c-df6e744eb490,Zelensky accuse Moscou de préparer une mobilisation de grande ampleur à l’automne Le président ukrainien a affirmé mardi que des documents des services de renseignement russes indiquaient que le Kremlin préparerait un renforcement de ses effectifs Une nouvelle mobilisation pourrait toutefois s’avérer politiquement risquée pour Vladimir Po…,341,47,2026-08-12T04:01:22Z,Courrier International,www.courrierinternational.com,editorial_api,fr,unlabeled,none,https://focus.courrierinternational.com/2026/08/08/0/0/4854/3236/1200/630/60/0/3785716_ftp-1-zrigpeztgt3d-afp-c48x6ty.jpg,data\images\45ed7157-7937-46de-bd5c-df6e744eb490.jpg,True,True,True,api,2026-08-14T14:21:37.130828+00:00
28dc4276-77f1-4aef-a794-aa2f07176256,"L’unique parti russe opposé à la guerre en Ukraine écarté des élections législatives La Cour suprême de Russie a annoncé, lundi 10 août, le retrait de Iabloko de la liste des partis autorisés à participer aux élections législatives de septembre Née dans les années 1990, cette formation appartenant au champ politique autorisé se distingue par…",344,55,2026-08-11T16:04:23Z,Courrier International,www.courrierinternational.com,editorial_api,fr,unlabeled,none,https://focus.courrierinternational.com/2026/08/10/0/0/8256/5504/1200/630/60/0/f374f6a_ftp-1-671b53bv77pj-afp-c4c73xh.jpg,data\images\28dc4276-77f1-4aef-a794-aa2f07176256.jpg,True,True,True,api,2026-08-14T14:21:37.132842+00:00
3586dfc4-9818-4544-89f9-f4acdeea6ee1,"“L’homme qui a dit non” à Viktor Orbán : qui est András Baka, le nouveau président hongrois ? Figure de la défense de l’indépendance de la justice, le juriste de 73 ans devient le premier chef de l’État post-Orbán ...",217,40,2026-08-11T16:04:05Z,Lalibre.be,www.lalibre.be,editorial_api,fr,unlabeled,none,https://www.lalibre.be/resizer/v2/27SAWC4IGFEJDKYBV35GNE773M.jpg?auth=466214e78da313806ededcb932a7a58ccb1b0ac71cf55ccf7cb82bed8c01b8fb&width=1200&height=630&quality=85&focal=2750%2C1940,data\images\3586dfc4-9818-4544-89f9-f4acdeea6ee1.jpg,True,True,True,api,2026-08-14T14:21:37.133841+00:00
2b4724ca-eed8-4287-901a-8d79f6dfc413,"""La force tranquille"" : le slogan réussi par excellence ? Cet été, Fabrice d'Almeida sonde les slogans des élections présidentielles sous la Ve République De quoi se rafraîchir la mémoire avant l'élection de 2027 Aujourd'hui, 1981, avec ce slogan qui a marqué l'histoire de la communication politique : ""La force tr…",316,51,2026-08-11T15:30:01Z,Franceinfo.fr,www.franceinfo.fr,editorial_api,fr,unlabeled,none,https://www.franceinfo.fr/pictures/S7regaO34-EnFTz_zbFxVDi9Cu0/0x313:4908x3074/1500x843/2026/08/10/6a79bb70c18be808427802.jpg,data\images\2b4724ca-eed8-4287-901a-8d79f6dfc413.jpg,True,True,True,api,2026-08-14T14:21:37.134863+00:00
9ab8d6a4-fc90-412d-8486-195759ccb724,"Andras Baka, un ex-juge évincé par Orban, élu président en Hongrie Les députés hongrois ont élu mardi chef de l'Etat un ancien président de la Cour suprême évincé par Viktor Orban, Andras Baka, qui a immédiatement appelé la majorité à ne pas se venger du précédent gouvernement ...",281,48,2026-08-11T14:45:28Z,dh.be,www.dhnet.be,editorial_api,fr,unlabeled,none,https://www.dhnet.be/resizer/v2/HCKNGF6MOZFDNFA6WEQKUCGSRA.jpg?auth=c036808b4c974631c3a88066eec65d0ad3f6532dac949079ab251cdb07321bc1&width=1200&height=630&quality=85&focal=3819%2C2519,data\images\9ab8d6a4-fc90-412d-8486-195759ccb724.jpg,True,True,True,api,2026-08-14T14:21:37.135900+00:00
61c2dd56-cfc4-4df3-9f1b-4deff1b922d3,"Sans résolution de la question iranienne, le Moyen-Orient est condamné à “l’incertitude permanente” Les tensions nées du conflit entre les États-Unis et l’Iran ne sont que des péripéties À défaut d’un effondrement du régime iranien qui changerait la donne, la région va sans doute devoir vivre dans une zone grise durable entre la guerre et la paix, craint l…",359,59,2026-08-11T13:48:39Z,Courrier International,www.courrierinternational.com,editorial_api,fr,unlabeled,none,https://focus.courrierinternational.com/2026/08/08/0/0/6000/4000/1200/630/60/0/bddc72a_ftp-1-wfreox3xz8pw-afp-c48x6w9.jpg,data\images\61c2dd56-cfc4-4df3-9f1b-4deff1b922d3.jpg,True,True,True,api,2026-08-14T14:21:37.136680+00:00
ceb93334-6a52-4296-bf65-d5e527f2aa21,"Un opposant à l'ex-Premier ministre nationaliste Viktor Orban élu président de Hongrie par le Parlement Andras Baka, ex-président de la Cour suprême de Hongrie, avait été limogé en 2012 après avoir critiqué une réforme du Premier ministre nationaliste, qui voulais abaisser l'âge de départ à la retraite des juges.",314,49,2026-08-11T13:44:20Z,Franceinfo.fr,www.franceinfo.fr,editorial_api,fr,unlabeled,none,https://www.franceinfo.fr/pictures/60Q6KHKsI7tVIKMBBFPSpHGavZI/0x0:1024x576/1500x843/2026/08/11/6a7b25496e928223219458.jpg,data\images\ceb93334-6a52-4296-bf65-d5e527f2aa21.jpg,True,True,True,api,2026-08-14T14:21:37.137695+00:00
2fee2197-df97-4ab1-8cb8-a6cf0c3668ff,"""Il est prisonnier de l'opinion"" : ce qui se joue derrière le rejet de Benyamin Nétanyahou du plan de Donald Trump pour Gaza A presque deux mois des législatives en Israël, le Premier ministre refuse tout retrait de l'enclave palestinienne avant le désarmement ""complet"" du Hamas.",280,46,2026-08-11T13:10:14Z,Franceinfo.fr,www.franceinfo.fr,editorial_api,fr,unlabeled,none,https://www.franceinfo.fr/pictures/SPubxLcQbpKZuXjnrvAdsX-tA6s/0x0:5493x3089/1500x843/2026/08/11/6a7af93f21e27949597517.jpg,data\images\2fee2197-df97-4ab1-8cb8-a6cf0c3668ff.jpg,True,True,True,api,2026-08-14T14:21:37.139041+00:00
f324e9fb-914e-4d3a-865e-47bb6776107f,Le plan de Donald Trump pour Gaza bute sur le refus tactique de Benjamin Netanyahou Le Premier ministre israélien exige le désarmement complet du Hamas avant que l’armée israélienne ne se retire du territoire Le tout sur fond d’échéance électorale décisive en Israël ...,270,44,2026-08-11T11:02:49Z,Lalibre.be,www.lalibre.be,editorial_api,fr,unlabeled,none,https://www.lalibre.be/resizer/v2/LAP72IFFJJF7PBYAPZW4AI77VA.jpg?auth=99bdecd1aecb8097f22c6bf5e48a198489cda8a0209e320f12ab179c31097faf&width=1200&height=630&quality=85&focal=1855%2C1236,data\images\f324e9fb-914e-4d3a-865e-47bb6776107f.jpg,True,True,True,api,2026-08-14T14:21:37.140054+00:00
a9cf79bd-f106-4b3d-a778-8a5fc347b0cd,"« Je veux être le Andy Burnham de la gauche française » : entretien avec Philippe Brun, l’outsider de la primaire PS qui veut faire tomber Faure et Glucksmann Très critique des lignes proposées par Raphaël Glucksmann et Olivier Faure, le député PS entend faire du pouvoir d’achat la question centrale de la primaire socialiste en vue de l’élection présidentielle.",363,60,2026-08-11T11:00:00Z,Challenges,www.challenges.fr,editorial_api,fr,unlabeled,none,https://www.challenges.fr/_ipx/f_jpg&enlarge_true&s_1200x630/cha/static/2026-08/59877.HR_0.jpg%3FVersionId=His8y2SxClS_MSGiTHmCiZorjrFvjdR0,data\images\a9cf79bd-f106-4b3d-a778-8a5fc347b0cd.jpg,True,True,True,api,2026-08-14T14:21:37.141062+00:00
0ba236a8-4177-4fad-bc05-d33adfd04e2e,"L'armée birmane a intensifié ses frappes aériennes contre les civils, selon des enquêteurs de l'ONU Une guerre civile fait rage dans le pays depuis un coup d'Etat militaire survenu en 2021.",189,31,2026-08-11T08:34:11Z,Franceinfo.fr,www.franceinfo.fr,editorial_api,fr,unlabeled,none,https://www.franceinfo.fr/pictures/psG5BEyg0r_nscZ0UlOi4RjMI-Y/0x59:1024x635/1500x843/2026/08/11/6a7ade5d9dbb7017910590.jpg,data\images\0ba236a8-4177-4fad-bc05-d33adfd04e2e.jpg,True,True,True,api,2026-08-14T14:21:37.142066+00:00
0c524ed1-6e1d-46e6-8eab-705996c1f700,"Et si “l’homme poubelle” battait Nigel Farage et entrait au Parlement britannique ? Le principal opposant à Nigel Farage à l’élection de ce jeudi n’est autre… qu’un “homme poubelle” Candidat satirique, Count Binface continue à faire le buzz et à se présenter aux élections cruciales du Royaume-Uni Mais cette fois-ci, la victoire est plus pr…",342,55,2026-08-11T07:47:03Z,dh.be,www.dhnet.be,editorial_api,fr,unlabeled,none,https://www.dhnet.be/resizer/v2/ULNIGKP2S5DZFE7HPMVCZJARDU.jpg?auth=2883ed541189b4f030238169ad89fc0aed2666488c9e5d50806815bf180b4f3f&width=1200&height=630&quality=85&focal=4320%2C2880,data\images\0c524ed1-6e1d-46e6-8eab-705996c1f700.jpg,True,True,True,api,2026-08-14T14:21:37.143175+00:00
16deac52-c78f-4aeb-96a6-146e214386b3,"Élus Insoumis ciblés par de fausses accusations, les municipales polluées par une ingérence venue d’Israël Le Vrai ou Faux s'intéresse cette semaine aux ingérences numériques étrangères Chaque jour, on se penche sur ces opérations de désinformation en vue de l'élection présidentielle Mardi 11 août : une campagne venue d'Israël.",329,49,2026-08-11T07:23:30Z,Franceinfo.fr,www.franceinfo.fr,editorial_api,fr,unlabeled,none,https://www.franceinfo.fr/pictures/fCPXoOW0d3-q8nZZEwbKLrmsvDg/0x449:4300x2868/1500x843/2026/08/09/6a789373d3c1a445325086.jpg,data\images\16deac52-c78f-4aeb-96a6-146e214386b3.jpg,True,True,True,api,2026-08-14T14:21:37.144679+00:00
cda1a908-7fc2-4d9c-bd3d-a2d2d0c1bfd2,"Sénégal : Bassirou Diomaye Faye cherche-t-il à reporter les élections de janvier 2027 ? Alors que le président sénégalais vient tout juste de créer son propre parti, des signaux de plus en plus insistants laissent à penser qu’il pourrait avoir l’intention de reporter les élections locales, prévues en janvier 2027 En aurait-il le droit ?",338,55,2026-08-11T06:06:04Z,Jeune Afrique,www.jeuneafrique.com,editorial_api,fr,unlabeled,none,"https://prod.cdn-medias.jeuneafrique.com/cdn-cgi/image/q=auto,f=auto,metadata=none,width=1280,height=720,fit=cover,gravity=0.6471x0.4761/https://prod.cdn-medias.jeuneafrique.com/medias/2026/08/10/jad20260810-ass-senegal-election-locale-bassirou-1.jpg",data\images\cda1a908-7fc2-4d9c-bd3d-a2d2d0c1bfd2.jpg,True,True,True,api,2026-08-14T14:21:37.145183+00:00
2ba03ab7-5264-4a2b-8db4-97efbf23b971,"Maga déteste le docteur Fauci, l’IA fabrique des virus et les flingues se vendent en ligne L’innovation, les start-up et les Gafam… Chaque semaine, l’actualité de la Silicon Valley vue par les médias américains.",211,34,2026-08-11T05:30:08Z,Courrier International,www.courrierinternational.com,editorial_api,fr,unlabeled,none,https://focus.courrierinternational.com/2026/08/05/0/0/5500/3666/1200/630/60/0/477b7f8_ftp-1-wtvnlk7aewf0-2026-08-05t215235z-756316100-rc2vnma6no6e-rtrmadp-3-health-coronavirus-usa-fauci.JPG,data\images\2ba03ab7-5264-4a2b-8db4-97efbf23b971.jpg,True,True,True,api,2026-08-14T14:21:37.146690+00:00
02f9d02b-8ad9-40dd-917a-577a963fa048,"La “partie d’échecs” continue entre Donald Trump et Téhéran, sur fond de demandes réciproques de compensations financières Le président américain exige des réparations de la part de l’Iran, qui, de son côté, a nommé un nouveau chef des forces armées, partisan d’une ligne dure.",277,44,2026-08-11T04:01:02Z,Courrier International,www.courrierinternational.com,editorial_api,fr,unlabeled,none,https://focus.courrierinternational.com/2026/08/10/1/0/6500/4333/1200/630/60/0/85cf64f_ftp-1-zvfiou2x5dwx-2026-08-10t194644z-936072775-rc2vvma198gq-rtrmadp-3-usa-trump-vaccines.JPG,data\images\02f9d02b-8ad9-40dd-917a-577a963fa048.jpg,True,True,True,api,2026-08-14T14:21:37.147200+00:00
44a08bd7-f670-433c-8199-e0422da02760,"Guerre au Moyen-Orient : Malgré de fortes tensions sur Gaza, Trump encense ses liens avec Netanyahou Même si Israël a rejeté la dernière feuille de route des Etats-Unis pour la paix à Gaza, Trump vante sa « très bonne » relation avec Netanyahou",244,43,2026-08-11T00:31:51Z,20 Minutes,www.20minutes.fr,editorial_api,fr,unlabeled,none,https://img.20mn.fr/GDFQGb67T56szI4m6bQQmyk/1444x920_le-president-americain-donald-j-trump-a-droite-serre-la-main-du-premier-ministre-israelien-benjamin-netanyhu-a-gauche-apres-leur-intervention-lors-d-une-conference-de-presse-dans-la-salle-a-manger-nationale-de-la-maison-blanche-a-washington-dc-etats-unis-le-29-septembre-2025-lors-de-leur-rencontre-trump-a-presse-netanyahou-d-accepter-un-accord-de-paix-pour-mettre-fin-a-la-guerre-en-cours-par-israel-a-gaza-et-pour-que-le-hamas-libere-ses-otages-restants-credit-jim-los-calzo-pool-via-cnp-ad-media-z-admedia-adm-092925-trump-netanyahu-presser-cnp-050-credit-cnp-ad-media-sipa-2509302057,data\images\44a08bd7-f670-433c-8199-e0422da02760.jpg,True,True,True,api,2026-08-14T14:21:37.148213+00:00
1dc3b8ff-d310-45f3-929e-cd9dfacc3765,"SGA Liste membres du conseil departemental CD76 jllt2026 Ce fichier contient la liste des membres du Conseil Départemental de la Seine-Maritime, leurs noms, leurs cantons d’élection, leurs groupes politiques, etc Il propose également la liste des membres de la commission permanente du Département de la Seine-Marit…",316,46,2026-08-11T00:00:00Z,Gouv.fr,www.data.gouv.fr,editorial_api,fr,unlabeled,none,"https://www.data.gouv.fr/_og/d/c_ObjectPage.takumi,objectTitle_SGA+Liste+membres+du+conseil+departemental+CD76+jllt2026,orgName_~RMOpcGFydGVtZW50IGRlIGxhIFNlaW5lLU1hcml0aW1l,orgLogo_~aHR0cHM6Ly91ZGF0YS1hdmF0YXJzLnMzLnJieC5pby5jbG91ZC5vdmgubmV0LzI0L2ZkODdjY2JiMTk0NjJmYTBlM2ZmMmExNTFmYzYxMi0xMDAucG5n,views_0,downloads_0,reuses_0,followers_0,p_Ii9kYXRhc2V0cy9zZ2EtbGlzdGUtbWVtYnJlcy1kdS1jb25zZWlsLWRlcGFydGVtZW50YWwtY2Q3Ni1qbGx0MjAyNiI,s_EwcoN4IHsJ2QWO5V.png",,True,False,True,api,2026-08-14T14:21:37.149217+00:00
33f4f8b4-7cc3-416b-ac17-d632d4390eba,"Carte Elu-e-s CD76 2026 Carte de localisation des membres du Conseil Départemental de la Seine-Maritime, par nom, par canton d’élection et par groupe politique dont ils sont membres., en juillet 2026 Les 70 conseillers départementaux sont élus au suffrage universel direct dans le c…",283,44,2026-08-11T00:00:00Z,Gouv.fr,www.data.gouv.fr,editorial_api,fr,unlabeled,none,"https://www.data.gouv.fr/_og/d/c_ObjectPage.takumi,objectTitle_Carte+Elu-e-s+CD76+2026,orgName_~RMOpcGFydGVtZW50IGRlIGxhIFNlaW5lLU1hcml0aW1l,orgLogo_~aHR0cHM6Ly91ZGF0YS1hdmF0YXJzLnMzLnJieC5pby5jbG91ZC5vdmgubmV0LzI0L2ZkODdjY2JiMTk0NjJmYTBlM2ZmMmExNTFmYzYxMi0xMDAucG5n,views_0,downloads_0,reuses_0,followers_0,p_Ii9kYXRhc2V0cy9jYXJ0ZS1lbHUtZS1zLWNkNzYtMjAyNiI,s_5zDID604iaEQG_Zs.png",,True,False,True,api,2026-08-14T14:21:37.150237+00:00
f4e0b6ce-5d93-44c4-a019-468d020ae884,"À Gaza, la paix éclipsée par les calculs politiques Un édito de François Mathieu ...",84,15,2026-08-10T21:55:00Z,Lalibre.be,www.lalibre.be,editorial_api,fr,unlabeled,none,https://www.lalibre.be/resizer/v2/K3ZOU2TENRB6RNFBMM76WMF27E.jpg?auth=577be502ce4d2a9fdf3db71068d2a3b0f2adc045df0928aa40381c741e46491d&width=1200&height=630&quality=85&focal=2240%2C1492,data\images\f4e0b6ce-5d93-44c4-a019-468d020ae884.jpg,True,True,True,api,2026-08-14T14:21:37.150237+00:00
87a1e1c6-c8b0-41d4-a040-0ca9fbf0b0a3,"Les relations entre Donald Trump et Benjamin Netanyahu sont ""très bonnes"" malgré des désaccords sur Gaza Ce lundi 10 août, Donald Trump a assuré avoir de ""très bonnes"" relations avec Benjamin Netanyahu malgré des désaccords sur le plan de paix entre Israël et Gaza.",265,44,2026-08-10T20:58:57Z,BFMTV,www.bfmtv.com,editorial_api,fr,unlabeled,none,https://images.bfmtv.com/eo1StjZgEJNVLsHAQ-ho_SKOCSc=/0x36:2048x1188/2048x0/images/Donald-Trump-2328897.jpg,data\images\87a1e1c6-c8b0-41d4-a040-0ca9fbf0b0a3.jpg,True,True,True,api,2026-08-14T14:21:37.151583+00:00
8dc3c2a5-bd03-49b5-9e13-35e25d75c84c,"Trump assure que sa relation avec Netanyahu est ""très bonne"" en dépit des désaccords sur Gaza Donald Trump a assuré lundi que sa relation avec Benjamin Netanyahu restait ""très bonne"", après que ce dernier a rejeté la dernière feuille de route américaine pour Gaza ...",267,45,2026-08-10T20:18:35Z,Lalibre.be,www.lalibre.be,editorial_api,fr,unlabeled,none,https://www.lalibre.be/resizer/v2/LAP72IFFJJF7PBYAPZW4AI77VA.jpg?auth=99bdecd1aecb8097f22c6bf5e48a198489cda8a0209e320f12ab179c31097faf&width=1200&height=630&quality=85&focal=1855%2C1236,data\images\8dc3c2a5-bd03-49b5-9e13-35e25d75c84c.jpg,True,True,True,api,2026-08-14T14:21:37.152089+00:00
487ce17d-538f-4f3f-91ca-7b8e63347444,"Russie : La Cour suprême interdit à l’unique parti antiguerre de participer aux élections législatives La Cour suprême de Russie a exclu Iabloko, le seul parti antiguerre et opposé à Vladimir Poutine, des élections législatives de septembre La formation libérale entend faire appel de cette décision",299,46,2026-08-10T19:58:17Z,20 Minutes,www.20minutes.fr,editorial_api,fr,unlabeled,none,https://img.20mn.fr/mZG5RbU-QkaEO_LA2BrZDCk/1444x920_russie-ulan-ude-10-aout-2026-vladimir-poutine-president-de-la-russie-assiste-a-une-reunion-du-presidium-du-conseil-d-etat-sur-le-developpement-des-transports-publics-a-l-universite-d-etat-banzarov-buryat-kristina-solovyova-piscine-tass-sipa-usa-72285657-bf-2608101945,data\images\487ce17d-538f-4f3f-91ca-7b8e63347444.jpg,True,True,True,api,2026-08-14T14:21:37.154106+00:00
09360b28-3648-4ecf-8197-1dbd47abb1a4,"La Cour suprême russe interdit à ""Iabloko"", le seul parti antiguerre, de participer aux élections La Cour suprême russe a interdit lundi au seul parti antiguerre, Iabloko, de participer aux élections législatives de septembre en Russie ...",239,37,2026-08-10T18:53:02Z,Lalibre.be,www.lalibre.be,editorial_api,fr,unlabeled,none,https://www.lalibre.be/resizer/v2/QHTJSNEDNNA3TPSPRLPZRF4IPM.jpg?auth=20c6662b68c07524e432b63bf684e266388f761215887703ded6615f3fbae05e&width=1200&height=630&quality=85&focal=2863%2C1909,data\images\09360b28-3648-4ecf-8197-1dbd47abb1a4.jpg,True,True,True,api,2026-08-14T14:21:37.155195+00:00
5f46ce33-ffa5-4c59-9623-18382b71d965,"Vladimir Poutine n’aura pas à affronter de candidat anti-guerre aux prochaines élections La Cour suprême russe a interdit Iabloko, le seul parti du pays qui est ouvertement opposé au conflit actuel en Ukraine.",209,33,2026-08-10T18:41:14Z,Le HuffPost,www.huffingtonpost.fr,editorial_api,fr,unlabeled,none,https://focus.huffingtonpost.fr/2026/08/10/160/0/5792/3258/1820/1023/75/0/cda2f76_upload-1-bukmiju9nvml-afp-20260810-c4bd6k6-v1-highres-russiapolitics.jpg,data\images\5f46ce33-ffa5-4c59-9623-18382b71d965.jpg,True,True,True,api,2026-08-14T14:21:37.156215+00:00
1035c04b-c383-4f55-ac12-8e1ceba74378,"En Russie, la justice interdit au seul parti opposé à la guerre en Ukraine de présenter des candidats aux législatives de septembre La Cour suprême prive ainsi les électeurs opposés au conflit de la possibilité de réclamer d'y mettre fin via leur bulletin de vote.",264,45,2026-08-10T18:26:00Z,Franceinfo.fr,www.franceinfo.fr,editorial_api,fr,unlabeled,none,https://www.franceinfo.fr/pictures/mipzd9FJrEwkBgjIOD2jq9faS1g/0x32:1024x608/1500x843/2026/08/10/6a7a1790a4af6398534838.jpg,data\images\1035c04b-c383-4f55-ac12-8e1ceba74378.jpg,True,True,True,api,2026-08-14T14:21:37.157360+00:00
9dd7623d-f06a-4f0c-a116-488b9541bf88,"Benjamin Netanyahu s’oppose au plan de paix de Donald Trump pour Gaza et les considérations internes y sont pour beaucoup Avec cette décision, Benjamin Netanyahu tente de s’assurer du soutien de sa coalition et de contenter ses électeurs avant de délicates législatives en octobre.",281,44,2026-08-10T15:50:13Z,Le HuffPost,www.huffingtonpost.fr,editorial_api,fr,unlabeled,none,https://focus.huffingtonpost.fr/2026/05/13/174/0/3345/1881/1820/1023/75/0/b8ea578_upload-1-hmw6y5bxkes7-afp-20260421-a8h73ak-v1-highres-israelconflictmemorialday.jpg,data\images\9dd7623d-f06a-4f0c-a116-488b9541bf88.jpg,True,True,True,api,2026-08-14T14:21:37.158589+00:00
4f35396f-72b6-4ab4-8995-a4ea58ffb1f0,"""Mitterrand président"" : l'histoire d'un manque d'imagination ? Cet été, Fabrice d'Almeida sonde les slogans des élections présidentielles sous la Ve République De quoi se rafraîchir la mémoire avant l'élection de 2027 Aujourd'hui, retour en 1974, avec ce slogan aussi simple qu'efficace : ""Mitterrand Président"".",313,45,2026-08-10T15:30:01Z,Franceinfo.fr,www.franceinfo.fr,editorial_api,fr,unlabeled,none,https://www.franceinfo.fr/pictures/dF2ltloxJrZfgAHRgyf5D2pX7D4/0x276:5316x3267/1500x843/2026/08/10/6a7997ddb25c6742206695.jpg,data\images\4f35396f-72b6-4ab4-8995-a4ea58ffb1f0.jpg,True,True,True,api,2026-08-14T14:21:37.160095+00:00
347f538d-855d-49fb-bf5d-5979708da9f4,"Le Japon veut réduire la TVA sur l’alimentation, au risque de creuser sa dette Afin d’augmenter le pouvoir d’achat des Japonais, la Première ministre conservatrice, Sanae Takaichi, se mobilise pour baisser la taxe sur la consommation de produits alimentaires, qui équivaut à la TVA en France Problème, alors que la dette publique du pays…",338,54,2026-08-10T15:05:06Z,Courrier International,www.courrierinternational.com,editorial_api,fr,unlabeled,none,https://focus.courrierinternational.com/2026/07/28/1/0/5500/3666/1200/630/60/0/3af65ce_ftp-1-xmvbfnxy4aak-2026-07-28t081616z-1136187551-rc2ummaj84j0-rtrmadp-3-japan-economy.JPG,data\images\347f538d-855d-49fb-bf5d-5979708da9f4.jpg,True,True,True,api,2026-08-14T14:21:37.161128+00:00
3f254e67-ba3b-4128-8cce-888885839aa4,"Violences sexuelles sur mineurs : des dysfonctionnements en série ? Dans un courrier de 12 pages transmis au ministre de l’Intérieur et révélé par Le Monde, le garde des Sceaux pointe une série de dysfonctionnements des services de police et de gendarmerie dans le traitement des plaintes pour violences sexuelles sur mineurs …",327,53,2026-08-10T15:00:02Z,Franceinfo.fr,www.franceinfo.fr,editorial_api,fr,unlabeled,none,https://www.franceinfo.fr/pictures/IbynpIrFqaRRh2DVP58aYQxvOmA/0x0:1080x1920/fit-in/1500x843/filters:upscale():fill(blur)/2026/08/10/6a79d94e5ab54478825508.jpg,data\images\3f254e67-ba3b-4128-8cce-888885839aa4.jpg,True,True,True,api,2026-08-14T14:21:37.161128+00:00
ee1bd401-2001-46bd-8a3f-5e74f5708bbe,"Donald Trump a (encore) voulu provoquer Taylor Swift, la chanteuse a eu la meilleure réponse En toute discrétion, la pop star a fait supprimer ses musiques utilisées sans son accord par le compte du président américain et de la Maison Blanche Une stratégie pas anodine.",269,45,2026-08-10T14:47:15Z,Le HuffPost,www.huffingtonpost.fr,editorial_api,fr,unlabeled,none,https://focus.huffingtonpost.fr/2026/08/10/0/0/1920/1080/1820/1023/75/0/ad9c56e_upload-1-agbvjidtkxfl-trump-taylor.jpg,data\images\ee1bd401-2001-46bd-8a3f-5e74f5708bbe.jpg,True,True,True,api,2026-08-14T14:21:37.163137+00:00
4c3d1319-e8fb-4299-a389-6d6f99ba9481,Cycle de conférences: Le monde en mouvement Trois regards d'experts pour décrypter les grands enjeux internationaux ...,119,17,2026-08-10T14:44:56Z,Lalibre.be,www.lalibre.be,editorial_api,fr,unlabeled,none,https://www.lalibre.be/resizer/v2/NOYAYOTCZJH4TIXDRPGBPAGATE.png?auth=93a1920b288d417a524c0713f54be10b740f53384a7176e8ebd435d46fb3e660&width=1200&height=630&quality=85&focal=887%2C443,data\images\4c3d1319-e8fb-4299-a389-6d6f99ba9481.jpg,True,True,True,api,2026-08-14T14:21:37.163137+00:00
8e0231b2-29d0-4746-b46f-56feb84a42c8,"Vidéo $content.TitleNoTags Après avoir remporté la primaire démocrate dans le Michigan, mardi 4 août, Abdul El-Sayed affrontera le républicain Mike Rogers, soutenu par Donald Trump, lors des élections de mi-mandat en novembre prochain, pour un siège de sénateur Mais qui est ce nouveau…",286,43,2026-08-10T14:30:00Z,Est Républicain,www.estrepublicain.fr,editorial_api,fr,unlabeled,none,https://medialb.ultimedia.com/multi/sxmkz/3vfrsvr-O.jpg,data\images\8e0231b2-29d0-4746-b46f-56feb84a42c8.jpg,True,True,True,api,2026-08-14T14:21:37.164642+00:00
7386a845-e41e-4347-ab2c-7067a3ab1434,"Quand une poubelle défie Nigel Farage Les Monty Pythons n’auraient pas osé, Count Binface, oui Avec ce personnage burlesque à tête de poubelle, les Britanniques démontrent que le rire peut devenir une arme politique redoutable pour lutter contre le populisme ...",262,41,2026-08-10T13:51:48Z,Lalibre.be,www.lalibre.be,editorial_api,fr,unlabeled,none,https://www.lalibre.be/resizer/v2/75D5BOS42JE2PC33R4M2QM5ACM.jpg?auth=82c4f3570d81fc0766a92af7ed60cfbb3e692eee6dcbd748d8eecb15adc35155&width=1200&height=630&quality=85&focal=3443%2C2295,data\images\7386a845-e41e-4347-ab2c-7067a3ab1434.jpg,True,True,True,api,2026-08-14T14:21:37.165146+00:00
fbe82a4f-288e-4627-a2e9-3d5237d8c912,"Au Nigeria, la pauvreté nourrit l’engouement pour les “mariages de masse” Du 7 au 9 août, quelque 1 500 couples ont participé à un mariage collectif organisé et subventionné par l’administration centrale de l’État de Kano, dans le nord du Nigeria Ces événements sont présentés comme un moyen de soutenir les familles à faibles reven…",333,55,2026-08-10T13:49:10Z,Courrier International,www.courrierinternational.com,editorial_api,fr,unlabeled,none,https://focus.courrierinternational.com/2026/08/10/38/0/4736/3157/1200/630/60/0/8709016_upload-1-op71eluywzqk-000-33y67nj.jpg,data\images\fbe82a4f-288e-4627-a2e9-3d5237d8c912.jpg,True,True,True,api,2026-08-14T14:21:37.166163+00:00
47239e0e-580a-44c6-a071-364d1096b3d9,"Ocasio-Cortez évoque la congélation de ses ovocytes et n’exclut pas une campagne présidentielle La représentante de gauche Alexandria Ocasio-Cortez a donné dimanche 9 août une importante interview dans laquelle elle n’exclut pas de se présenter à la présidentielle de 2028 Dans une série de vidéos postées la veille, elle avait partagé sa décision de con…",355,55,2026-08-10T13:43:52Z,Courrier International,www.courrierinternational.com,editorial_api,fr,unlabeled,none,https://focus.courrierinternational.com/2026/07/22/0/0/4000/2666/1200/630/60/0/feb7204_ftp-1-4lkwebrzwqfg-2026-07-22t230538z-1073949601-rc29jmazi44x-rtrmadp-3-usa-defense-congress.JPG,data\images\47239e0e-580a-44c6-a071-364d1096b3d9.jpg,True,True,True,api,2026-08-14T14:21:37.168742+00:00
49e7eab1-4067-478c-ad99-e2575174fef0,"Cet acteur de cette série culte des années 80 est mort suite à une “crise cardiaque foudroyante” Si vous vous souvenez des cascades de General Lee, vous savez de quelle série il s'agitn ...",189,34,2026-08-10T12:20:01Z,dh.be,www.dhnet.be,editorial_api,fr,unlabeled,none,https://www.dhnet.be/resizer/v2/LO3563RLNZHSNEDH3XTE2MB4FU.jpg?auth=71df14f3cc92ed9d6fe8cf5b005642e7681741f98976c1cc0ef1cfbecff2eba2&width=1200&height=630&quality=85&focal=400%2C300,data\images\49e7eab1-4067-478c-ad99-e2575174fef0.jpg,True,True,True,api,2026-08-14T14:21:37.169967+00:00
3000ee8f-7d15-445f-9b15-b8c2b1033ade,"Face au risque d’une « démocratie illibérale », Israël prépare des élections cruciales qui scelleront le sort de Netanyahou Entre fuite en avant sécuritaire, dérive judiciaire et isolement diplomatique, Israël traverse une crise sans précédent depuis le 7 octobre Le scrutin à venir s’annonce comme un véritable référendum pour ou contre Benyamin Netanyahou et l’avenir de l’État de…",383,58,2026-08-10T10:43:00Z,Challenges,www.challenges.fr,editorial_api,fr,unlabeled,none,https://www.challenges.fr/_ipx/f_jpg&enlarge_true&s_1200x630/cha/static/2026-08/59871.HR_0.jpg%3FVersionId=oOxsWvjFmSudWB15ftMqoXvAtQ2vSPQL,data\images\3000ee8f-7d15-445f-9b15-b8c2b1033ade.jpg,True,True,True,api,2026-08-14T14:21:37.172009+00:00
011479a1-f3cd-4e04-bfd5-a7d7427450cf,"Politique Une députée jette des oeufs sur le Premier ministre du Kosovo en pleine session parlementaire À l'Assemblée du Kosovo, la séance qui se tenait ce samedi 8 août a vu une députée s'en prendre au Premier ministre.. en lui lançant des oeufs.",247,43,2026-08-10T10:30:00Z,Le Dauphiné Libéré,www.ledauphine.com,editorial_api,fr,unlabeled,none,https://cdn-s-www.ledauphine.com/images/BCF626D6-11F0-4227-82E8-3A2A62BD0CBF/FB1200/photo-1786276101.jpg,data\images\011479a1-f3cd-4e04-bfd5-a7d7427450cf.jpg,True,True,True,api,2026-08-14T14:21:37.173015+00:00
98c37c56-aa35-420b-a2e7-50c5b38fa28e,"Gabriel Attal dénonce des ""ingérences en faveur de candidats, notamment du RN qui est un allié objectif de la Russie"" En déplacement à Argelès-sur-Mer ce lundi 10 août, Gabriel Attal est revenu sur les opérations d'ingérences étrangères l'ayant visé la semaine dernière Il en a profité pour attaquer frontalement le Rassemblement national.",339,52,2026-08-10T10:28:56Z,BFMTV,www.bfmtv.com,editorial_api,fr,unlabeled,none,https://images.bfmtv.com/jRz1sNztQLIr63ohwpXOsMmuqPg=/0x0:1920x1080/1920x0/images/Gabriel-Attal-a-Argeles-sur-Mer-le-lundi-10-aout-2330622.jpg,data\images\98c37c56-aa35-420b-a2e7-50c5b38fa28e.jpg,True,True,True,api,2026-08-14T14:21:37.174521+00:00
198962ca-45e3-43af-9c4c-28f15398b077,"""Agressée parce qu'elle est une femme noire"" : victime d'une attaque raciste, Aminata Pouye, tête de liste ""La Gauche au Sénat"" en Gironde, a déposé plainte L'équipe de campagne d'Aminata Pouye a dénoncé l'agression raciste dont a été victime la candidate pour les élections sénatoriales dans la nuit du 8 au 9 août 2026 La tête de liste de ""La Gauche au Sénat"" a été la cible d'insultes racistes en sortant du tram…",416,73,2026-08-10T10:16:56Z,Franceinfo.fr,france3-regions.franceinfo.fr,editorial_api,fr,unlabeled,none,https://france3-regions.franceinfo.fr/image/zg41l3zHI-dIxkxFqeFObMzHSME/930x620/regions/2026/08/10/6a799d2d0a4c3886987245.jpg,data\images\198962ca-45e3-43af-9c4c-28f15398b077.jpg,True,True,True,api,2026-08-14T14:21:37.176041+00:00
22980664-dd6d-47b7-a881-5a36366ad8d6,"Après le rejet du plan pour Gaza par Israël, Donald Trump est ""fragilisé politiquement"" Le président américain peine à imposer sa stratégie dans le conflit avec l'Iran, alors que son allié, Benjamin Netanyahou, refuse de suivre le calendrier proposé Donald Trump reste puissant au sein de son parti, mais est ""fragilisé politiquement"", estime Jér…",347,54,2026-08-10T10:07:08Z,Franceinfo.fr,www.franceinfo.fr,editorial_api,fr,unlabeled,none,https://www.franceinfo.fr/pictures/xxm85rtEdrywrRZLwDHexWwKvWE/0x270:5212x3202/1500x843/2026/08/10/6a79a06dbef5a147599194.jpg,data\images\22980664-dd6d-47b7-a881-5a36366ad8d6.jpg,True,True,True,api,2026-08-14T14:21:37.177239+00:00
86b2b8a5-09e6-4aef-a203-70a40995bae5,"L’agenda transphobe de l’extrême droite, facteur de mobilisation de la société brésilienne Fidèles à leur mythe fondateur s’appuyant sur une supposée « idéologie du genre », les bolsonaristes poursuivent leur offensive contre les personnes trans, érigée en priorité stratégique depuis leur retour dans l’opposition Une posture qui permet de ratisser…",350,50,2026-08-10T09:43:46Z,Mediapart,www.mediapart.fr,editorial_api,fr,unlabeled,none,https://static.mediapart.fr/etmagine/og/journal/files/2026/06/24/2607-transidentite-bresil-l1500xh1000px-1.jpg,data\images\86b2b8a5-09e6-4aef-a203-70a40995bae5.jpg,True,True,True,api,2026-08-14T14:21:37.179246+00:00
3114d177-de24-4ecb-a3e2-604e3207ad69,"Du Maroc aux Emirats : l’accès à l’eau, nouvelle arme technopolitique La chercheuse Yasmina Asrarguis considère que l’enjeu du stress hydrique et des ressources en eau des pays arabes « a cessé d’être une question climatique périphérique pour devenir un fait de souveraineté et de sécurité nationale ».",302,48,2026-08-10T09:30:08Z,L'Obs,www.nouvelobs.com,editorial_api,fr,unlabeled,none,https://focus.nouvelobs.com/2026/08/07/0/0/5188/3458/1200/800/0/0/0c8695e_upload-1-zugujmwcwv2y-068-aa-04062025-2269732.jpg,data\images\3114d177-de24-4ecb-a3e2-604e3207ad69.jpg,True,True,True,api,2026-08-14T14:21:37.179246+00:00
bec5931f-08c1-4828-b22e-507888580e71,"""Ils viennent et prennent n'importe qui"" : aux Etats-Unis, la communauté haïtienne vit dans la peur depuis la fin de leur statut de protection Des centaines de milliers d'Haïtiens risquent de devoir quitter d'eux-mêmes les États-Unis ou d'être expulsés, depuis la révocation d'un statut de protection temporaire qui leur permettait depuis 2010 de vivre et de travailler légalement dans le pays.",394,61,2026-08-10T06:59:28Z,Franceinfo.fr,www.franceinfo.fr,editorial_api,fr,unlabeled,none,https://www.franceinfo.fr/pictures/MRnwxkNvl1E4r-KRY_I94attivA/0x223:4300x2642/1500x843/2026/05/18/6a0ad3aba1b0c826094452.jpg,data\images\bec5931f-08c1-4828-b22e-507888580e71.jpg,True,True,True,api,2026-08-14T14:21:37.180252+00:00
4976d2c0-b356-468c-8304-8387753f58b4,"Midterms 2026 : les Etats où tout pourrait se jouer, les candidats à ne pas quitter des yeux La fin du second mandat de Donald Trump se joue en partie en novembre prochain Perdre la majorité au Sénat pourrait neutraliser une partie de ses ambitions.",249,45,2026-08-10T05:45:00Z,L'Express,www.lexpress.fr,editorial_api,fr,unlabeled,none,https://www.lexpress.fr/resizer/v2/2FGI2O6ALVFBJDH7LVXINFUUS4.png?auth=c3eafc6509c778ecbcfd43b6f13f940ba55510930edf6bdd7946d15bad9cfd2f&width=1200&height=630&quality=85&focal=1854%2C1177,data\images\4976d2c0-b356-468c-8304-8387753f58b4.jpg,True,True,True,api,2026-08-14T14:21:37.181256+00:00
835a6f3b-eda2-4b0a-b132-2c07bbc368eb,"« En Israël, les élections législatives d’octobre s’annoncent comme le scrutin le plus décisif de l’histoire du pays » En cas de défaite de l’opposition à Benyamin Netanyahou, une partie des Israéliens pourrait envisager leur départ, estime Denis Charbit, politiste franco-israélien.",283,41,2026-08-10T05:30:20Z,L'Obs,www.nouvelobs.com,editorial_api,fr,unlabeled,none,https://focus.nouvelobs.com/2026/08/05/1/0/8192/5461/1200/800/0/0/8fc243f_upload-1-l3bcoswchbp1-068-aa-01112022-923384.jpg,data\images\835a6f3b-eda2-4b0a-b132-2c07bbc368eb.jpg,True,True,True,api,2026-08-14T14:21:37.182272+00:00
b763f45d-d5af-49bc-aa16-accb6ee00369,"Ingérences de réseaux prorusses : qui tente d'influencer l'élection présidentielle 2027 ? Le Vrai ou Faux s'intéresse cette semaine aux ingérences numériques étrangères Chaque jour, on se penche sur ces opérations de désinformation en vue de l'élection présidentielle Lundi 10 août : les ingérences russes.",306,45,2026-08-10T05:18:57Z,Franceinfo.fr,www.franceinfo.fr,editorial_api,fr,unlabeled,none,https://www.franceinfo.fr/pictures/fCPXoOW0d3-q8nZZEwbKLrmsvDg/0x449:4300x2868/1500x843/2026/08/09/6a789373d3c1a445325086.jpg,data\images\b763f45d-d5af-49bc-aa16-accb6ee00369.jpg,True,True,True,api,2026-08-14T14:21:37.183275+00:00
0139e697-8230-40c1-81b0-85a469a8f1c7,"Au Parlement wallon avec Christophe Van Gheluwe, le chasseur de cumulards : “Il faut une nécessaire méfiance envers le politique"" Lutte contre la mafia, pour l’accès aux logements, en faveur de la transparence politique ou de l’environnement… Quel que soit leur domaine, leur passion, leur expertise, La Libre est partie à la rencontre de Belges qui s’engagent au nom d’un idéal, l’énergie…",390,62,2026-08-10T04:32:42Z,Lalibre.be,www.lalibre.be,editorial_api,fr,unlabeled,none,https://www.lalibre.be/resizer/v2/FHU3XCBZTVDHVNIKGHNQB2OTWY.jpg?auth=826c437809547a7aee1e272631cc41931336be50ceeb4ac93ce3f7d46153d04f&width=1200&height=630&quality=85&focal=2646%2C1764,data\images\0139e697-8230-40c1-81b0-85a469a8f1c7.jpg,True,True,True,api,2026-08-14T14:21:37.184277+00:00
63e5db3e-c601-458a-8e8e-995f731a9db2,"SGA Tableau de Bord membres du conseil departemental CD76 jllt2026 Ce tableau de bord dynamique permet de consulter la liste des membres du Conseil Départemental de la Seine-Maritime, par nom, par canton d’élection, par groupe politique dont ils sont membres, etc Il permet également de rechercher la liste des membres de la …",326,53,2026-08-10T00:00:00Z,Gouv.fr,www.data.gouv.fr,editorial_api,fr,unlabeled,none,"https://www.data.gouv.fr/_og/d/c_ObjectPage.takumi,objectTitle_SGA+Tableau+de+Bord+membres+du+conseil+departemental+CD76+jllt2026,orgName_~RMOpcGFydGVtZW50IGRlIGxhIFNlaW5lLU1hcml0aW1l,orgLogo_~aHR0cHM6Ly91ZGF0YS1hdmF0YXJzLnMzLnJieC5pby5jbG91ZC5vdmgubmV0LzI0L2ZkODdjY2JiMTk0NjJmYTBlM2ZmMmExNTFmYzYxMi0xMDAucG5n,views_0,downloads_0,reuses_0,followers_0,p_Ii9kYXRhc2V0cy9zZ2EtdGFibGVhdS1kZS1ib3JkLW1lbWJyZXMtZHUtY29uc2VpbC1kZXBhcnRlbWVudGFsLWNkNzYtamxsdDIwMjYi,s_Z4Ryztel65WhwCqd.png",,True,False,True,api,2026-08-14T14:21:37.184277+00:00
5c4b9b51-c1a7-491d-b2d4-96a435f6ceef,"En rejetant le plan américain pour Gaza, le Premier ministre israélien Benyamin Nétanyahou crée l'incertitude sur l'avenir de l'enclave Israël a opposé son refus à la feuille de route américaine pour la deuxième phase de la trêve, pourtant acceptée par le Hamas En se distanciant, au passage, de son allié américain.",316,51,2026-08-09T17:32:17Z,Franceinfo.fr,www.franceinfo.fr,editorial_api,fr,unlabeled,none,https://www.franceinfo.fr/pictures/KXEAqEV82DFmppnsxL1YnPtwQwM/0x168:3240x1991/1500x843/2026/08/09/6a78b137454b8682324729.jpg,data\images\5c4b9b51-c1a7-491d-b2d4-96a435f6ceef.jpg,True,True,True,api,2026-08-14T14:21:37.186512+00:00
bb4822ac-5095-4827-99c3-f48870b90072,"Politique Gardes du corps, chauffeur privé, vin.. Bardella épinglé pour 240 000 euros de frais de campagne injustifiés Le président du Rassemblement national avait sollicité le remboursement de factures dans le cadre des élections européennes 2024 qui ne relèvent pas de l'argent public, a tranché la justice.",309,47,2026-08-09T15:02:00Z,Le Dauphiné Libéré,www.ledauphine.com,editorial_api,fr,unlabeled,none,https://cdn-s-www.ledauphine.com/images/DF4EFC99-5B8C-4F61-8F50-B1D61AA5A2BB/FB1200/photo-1786287726.jpg,data\images\bb4822ac-5095-4827-99c3-f48870b90072.jpg,True,True,True,api,2026-08-14T14:21:37.187516+00:00
d2599ba7-1a46-4e98-9aea-a0a1d30bef48,"Par sa vidéo sur le Bois du Cazier, Bart De Wever distille plusieurs messages politiques stratégiques Samedi, le Premier ministre a rendu hommage aux victimes du Bois du Cazier, affichant une stature d’homme d’État soucieux de parler à tous les Belges Un geste mémoriel qui était également adressé à l’Italie de Giorgia Meloni ...",330,54,2026-08-09T14:59:51Z,Lalibre.be,www.lalibre.be,editorial_api,fr,unlabeled,none,https://www.lalibre.be/resizer/v2/LXQEXGTNWVHWLOY5AGHCHIBLGU.jpg?auth=a395789b05ade392a51e3f746d6439cf5b64e1f2458ac830ab315809c90bc346&width=1200&height=630&quality=85&focal=960%2C534,data\images\d2599ba7-1a46-4e98-9aea-a0a1d30bef48.jpg,True,True,True,api,2026-08-14T14:21:37.188549+00:00
d73bd5de-2694-4caf-8a94-eccf2e656d8b,"Détroit d’Ormuz : L’Iran maintient son blocage jusqu’à ce que Washington “corrige son comportement” En pleine négociation avec Oman sur le contrôle du détroit d’Ormuz, Téhéran a adressé aux États-Unis une liste de six exigences à remplir avant d’autoriser la réouverture du détroit ce point de passage stratégique.",314,48,2026-08-09T14:30:56Z,Courrier International,www.courrierinternational.com,editorial_api,fr,unlabeled,none,https://focus.courrierinternational.com/2026/08/03/0/37/2535/1690/1200/630/60/0/8f6cb8d_ftp-1-ky3c4ks649r8-2026-08-03t073334z-269669342-rc2rqma1tkmq-rtrmadp-3-iran-crisis-shipping.JPG,data\images\d73bd5de-2694-4caf-8a94-eccf2e656d8b.jpg,True,True,True,api,2026-08-14T14:21:37.189666+00:00
0dc61d5f-2f01-4a44-9665-343ba406cbe1,"Blocage majeur pour la paix à Gaza : Sous la pression de son extrême droite, Benjamin Netanyahu dit non à l'accord américain Israël « rejette » le plan américain pour Gaza, acceptée par le Hamas, et conditionne tout retrait de ses troupes à un « véritable » désarmement du mouvement palestinien Le Hamas appelle Washington à faire pression sur Benjamin Netanyahu.",363,61,2026-08-09T14:05:00Z,Challenges,www.challenges.fr,editorial_api,fr,unlabeled,none,https://www.challenges.fr/_ipx/f_jpg&enlarge_true&s_1200x630/cha/static/2026-08/59864.HR_1.jpg%3FVersionId=B9eyvszsTGXMhsUXUkynnGkDojFTQezf,data\images\0dc61d5f-2f01-4a44-9665-343ba406cbe1.jpg,True,True,True,api,2026-08-14T14:21:37.190688+00:00
f3ebb373-ea7f-40b7-bbb9-74d180a05ede,"Alexandre Jardin : ""L'Arcom ressemble de plus en plus à une police de la pensée"" CNews a été rappelée à l’ordre par l’Arcom pour son émission sur les élections municipales de 2026 L'Arcom reproche à Cnews des propos tenus en direct après la victoire de David Guiraud (LFI) Une déclaration de Franz-Olivier Giesbert sur la situation des ju…",339,58,2026-08-09T06:46:00Z,Atlantico.fr,atlantico.fr,editorial_api,fr,unlabeled,none,https://atlantico.codexcdn.net/assets/asYuOsUH1j1iMyR7d.jpg?width=1600&height=900&quality=75,data\images\f3ebb373-ea7f-40b7-bbb9-74d180a05ede.jpg,True,True,True,api,2026-08-14T14:21:37.192694+00:00
27d9f3e2-cdf6-427e-9676-ad638f05441e,"Un homme placé en détention provisoire pour le meurtre de son ex-compagne dans le Vaucluse Il est soupçonné d'avoir tué son ex-compagne avec une grande violence jeudi à son domicile de Bollène La victime bénéficiait de mesures de protection, en raison de premières violences lors de la séparation du couple.",307,50,2026-08-09T06:32:28Z,Franceinfo.fr,www.franceinfo.fr,editorial_api,fr,unlabeled,none,https://www.franceinfo.fr/pictures/HfixLLFTggJ7GqyQeQO7ehipPWc/0x106:1024x682/1500x843/2026/08/09/6a781e4124dfb598908160.jpg,data\images\27d9f3e2-cdf6-427e-9676-ad638f05441e.jpg,True,True,True,api,2026-08-14T14:21:37.192694+00:00
272b20cd-ffc0-4ff1-ac06-174024245fbd,"Aux États-Unis, les primaires des élections de mi-mandat tirent le Parti démocrate vers la gauche Les récentes victoires électorales de candidats issus d'une aile plus à gauche chez les démocrates bousculent le Parti et questionnent sur le meilleur positionnement à adopter pour reprendre le contrôle du Congrès lors des élections de mi-mandat cet automne.",356,54,2026-08-09T05:36:03Z,Franceinfo.fr,www.franceinfo.fr,editorial_api,fr,unlabeled,none,https://www.franceinfo.fr/pictures/sNc4SXrChoPr6s5-eTZmplyTvss/0x186:3569x2194/1500x843/2026/08/08/6a7776e00b629694008119.jpg,data\images\272b20cd-ffc0-4ff1-ac06-174024245fbd.jpg,True,True,True,api,2026-08-14T14:21:37.195222+00:00
b0126879-3c89-4bb7-bd1f-a98200737d3d,"Aux États-Unis, le parti républicain se déchire autour du prix du “burrito” Le coût de cette spécialité mexicaine fait depuis quelques jours l’objet d’un vaste débat qui enflamme la droite sur les réseaux sociaux Pour la presse américaine, ce “burritogate” révèle une “fracture” au sein du parti républicain sur la question du pouvoir…",335,53,2026-08-09T03:00:16Z,Courrier International,www.courrierinternational.com,editorial_api,fr,unlabeled,none,https://focus.courrierinternational.com/2026/07/31/150/0/3600/2400/1200/630/60/0/4cf75e1_ftp-1-bivq9pzrtmhg-chipotle-mexico-9.JPG,data\images\b0126879-3c89-4bb7-bd1f-a98200737d3d.jpg,True,True,True,api,2026-08-14T14:21:37.196880+00:00
fbaa7222-5901-4266-8172-d68e4c6c5e8e,"- IMPACT 100 : la députée dissidente Nourane Foster se lance dans la bataille politique Le 8 août 2026, un nouveau mouvement politique a été officiellement lancé à Douala par la députée Nourane Foster et son époux Firmin Fotsing, sur fond de vide i...",251,44,2026-08-08T21:06:43Z,Camer.be,www.camer.be,editorial_api,fr,unlabeled,none,https://www.camer.be/storage/photos/shares/cameRoun/Nourane_Foster130125500.jpg,data\images\fbaa7222-5901-4266-8172-d68e4c6c5e8e.jpg,True,True,True,api,2026-08-14T14:21:37.197894+00:00
54f037aa-d3c9-46ef-8e46-8904c935afbe,"Le cancer de l'ancien président américain Joe Biden s'est aggravé, révèle son fils Le cancer de la prostate de l'ancien président américain Joe Biden s'est propagé à ses os et le fait souffrir, a déclaré son fils Hunter Biden, lors d'une interview accordée à la chaîne britannique BBC Malgré la maladie, Joe Biden continue toutefois de s'exp…",342,57,2026-08-08T20:40:21Z,Lavenir.net,www.lavenir.net,editorial_api,fr,unlabeled,none,https://www.lavenir.net/resizer/v2/UOG7K4SQ2RAHVKNDATFI2JGAWU.jpg?auth=97b38129e826586db87cf912c78cfe7d3f7afed47573b6811b002b06aaa0a928&width=1200&height=630&quality=85&focal=3000%2C2001,data\images\54f037aa-d3c9-46ef-8e46-8904c935afbe.jpg,True,True,True,api,2026-08-14T14:21:37.198897+00:00
51afd64c-62a6-40d0-b5f2-b1801f761bfe,"Il tentait de retarder un vote crucial: au Kosovo, une députée lance des oeufs sur le Premier ministre en pleine session parlementaire Le Premier ministre par intérim du Kosovo a reçu des oeufs lancés par une députée, lors de travaux au Parlement ce samedi Ces troubles ont eu lieu alors que le pays fait face à une crise politique.",332,59,2026-08-08T17:52:40Z,BFMTV,www.bfmtv.com,editorial_api,fr,unlabeled,none,https://images.bfmtv.com/r22lNP9KYt7fhEBEzRghDpQgeok=/0x48:2048x1200/2048x0/images/Le-Premier-ministre-du-Kosovo-Albin-Kurti-le-7-fevrier-2024-1987989.jpg,data\images\51afd64c-62a6-40d0-b5f2-b1801f761bfe.jpg,True,True,True,api,2026-08-14T14:21:37.199898+00:00
161ff3c5-6319-4493-b6c8-e535dd298f2c,"Scène surréaliste au Parlement du Kosovo : une députée lance des œufs sur le Premier ministre (VIDEO) La tension est montée d’un cran samedi au Kosovo, dans un contexte politique particulièrement instable Une scène pour le moins insolite est venue interrompre les débats au sein de l’assemblée nationale ...",307,49,2026-08-08T17:34:43Z,Lalibre.be,www.lalibre.be,editorial_api,fr,unlabeled,none,https://www.lalibre.be/resizer/v2/EIV4T5ZOTZHE7D4JB4JDKCJDKY.png?auth=f3c0c1c29302b0b1574e56abf1b6229fb2fe8e0d4242d19b3eb52fe51afbcc5d&width=1200&height=630&quality=85&focal=535%2C413,data\images\161ff3c5-6319-4493-b6c8-e535dd298f2c.jpg,True,True,True,api,2026-08-14T14:21:37.203948+00:00
7456239c-879a-467b-beb7-58284281cdab,"Un prestataire de Santé publique France victime d'une cyberattaque, près de 80 000 données de contact concernées La fuite ne contient aucune donnée de santé, car le site visé par la cyberattaque est une plateforme de commande de documents associés aux campagnes de prévention de Santé publique France.",301,48,2026-08-13T13:46:28Z,Franceinfo.fr,www.franceinfo.fr,editorial_api,fr,unlabeled,none,https://www.franceinfo.fr/pictures/sdBr9wYK2OeCk_2PK-oz9QkYXIQ/0x53:1024x629/1500x843/2026/08/13/6a7dc8c155804035663056.jpg,data\images\7456239c-879a-467b-beb7-58284281cdab.jpg,True,True,True,api,2026-08-14T14:21:37.205143+00:00
39d10700-d622-449a-b783-ef05ab043dc6,"Qui est Ester Expósito ? L’actrice espagnole la plus suivie sur les réseaux sociaux est aussi la compagne de Kylian Mbappé Connue pour son rôle dans la série Netflix “Elite”, Ester Expósito s’est fait discrète ces dernières années sur la scène médiatique Mais depuis la révélation de son histoire amoureuse avec Kylian Mbappé, elle est à nouveau sous le feu des projecteurs ...",377,63,2026-08-13T13:45:52Z,dh.be,www.dhnet.be,editorial_api,fr,unlabeled,none,https://www.dhnet.be/resizer/v2/77K6CWDMZZBQFNZ5SXJ2Z5F62E.jpg?auth=51aebc1ed8d3b87ae779a02c9a92d360cb88e9e82a349788c23dc96a91a924f5&width=1200&height=630&quality=85&focal=2390%2C1593,data\images\39d10700-d622-449a-b783-ef05ab043dc6.jpg,True,True,True,api,2026-08-14T14:21:37.208167+00:00
635475b0-22b9-4086-977b-2ac1a5a165ee,"Eclipse solaire du 12 août : « Certains se sont fait peur »… Les urgences ophtalmologiques déjà sollicitées ? Aux urgences ophtalmologiques de la Fondation Adolphe de Rothschild, à Paris, 18 patients se sont présentés entre mercredi 20 heures et jeudi 11 heures, pour des douleurs aux yeux « en lien avec l’éclipse »",316,54,2026-08-13T13:34:23Z,20 Minutes,www.20minutes.fr,editorial_api,fr,unlabeled,none,https://img.20mn.fr/KBmVQru3RJWDsoPS4PbsjCk/1444x920_des-spectateurs-portant-des-lunettes-solaires-de-protection-observent-l-eclipse-solaire-pres-de-la-cathedrale-saint-pierre-a-angouleme-en-france-le-12-aout-2026-photo-de-sami-karaali-hans-lucas-via-afp,data\images\635475b0-22b9-4086-977b-2ac1a5a165ee.jpg,True,True,True,api,2026-08-14T14:21:37.209170+00:00
4f97acc4-e71e-4003-9f59-bf16d2de5e67,"La guerre de l'IA se joue entre les USA et la Chine La Chine rattrape les USA en IA, se disputant le contrôle des outils mondiaux L'Europe reste un enjeu disputé, prisonnière des hyperscalers américains, sans stratégie crédible pour 2030.",238,40,2026-08-13T13:07:44Z,JDN,www.journaldunet.com,editorial_api,fr,unlabeled,none,https://img-0.journaldunet.com/5QDIBWftaW1iFFy7j_JvogdQV88=/1500x/smart/4887f17f02954e01bef8732447aa8706/user-jdn/39527142-anthony-hie.jpg,data\images\4f97acc4-e71e-4003-9f59-bf16d2de5e67.jpg,True,True,True,api,2026-08-14T14:21:37.210676+00:00
94115458-33ad-4087-82ae-7f8ef6ac912c,"""Les moyens ne suivent pas"" : les pompiers professionnels disent n'avoir obtenu ""aucune mesure concrète"" après leur rencontre avec Laurent Nuñez Les pompiers professionnels appellent à une ""mobilisation intensive"" le 29 septembre, ""sauf surprise"" dans le projet de loi de modernisation de la Sécurité civile Celui-ci sera présenté aux pompiers ""début septembre"", annonce Laurent Nuñez.",385,55,2026-08-13T13:00:31Z,Franceinfo.fr,www.franceinfo.fr,editorial_api,fr,unlabeled,none,https://www.franceinfo.fr/pictures/O3hgnsbMmpmNcMtaBIvEfvn82ME/0x0:1920x1080/1500x843/2026/08/13/6a7db3bfd9e61766167589.jpg,data\images\94115458-33ad-4087-82ae-7f8ef6ac912c.jpg,True,True,True,api,2026-08-14T14:21:37.212720+00:00
dded3d09-afdb-47a4-acd7-b247b6448831,"La Garmin Forerunner 265 voit son prix chuter de manière inattendue sur AliExpress mais il faut faire vite Pensée pour les coureurs et les sportifs réguliers, la Garmin Forerunner 265 associe un écran AMOLED, un GPS multibandes et de nombreux outils destinés à mieux suivre ses entraînements Une montre complète qui ne se limite pas au simple suivi de l'activité ph…",366,61,2026-08-13T13:00:00Z,Futura,www.futura-sciences.com,editorial_api,fr,unlabeled,none,https://cdn8.futura-sciences.com/a1280/images/Garmin%20Forerunner%20265%20Bleue.jpg,data\images\dded3d09-afdb-47a4-acd7-b247b6448831.jpg,True,True,True,api,2026-08-14T14:21:37.214224+00:00
a8deaddd-24d9-4137-a81a-24456410ebff,"“Chinamaxxing” : comment la génération Z occidentale fantasme le mode de vie chinois Apparu fin 2025, le “Chinamaxxing” est très rapidement devenu un phénomène viral sur les réseaux sociaux Les habitudes des Chinois, comme boire de l’eau chaude ou prendre un bain de pieds, qui amusaient autrefois les Occidentaux, sont désormais copiées par d…",344,54,2026-08-13T12:51:08Z,Courrier International,www.courrierinternational.com,editorial_api,fr,unlabeled,none,https://focus.courrierinternational.com/2026/08/13/33/42/679/453/1200/630/60/0/1971ac1_upload-1-e5dw68r1rtl3-walenta-2017-02-22-7891.jpg,data\images\a8deaddd-24d9-4137-a81a-24456410ebff.jpg,True,True,True,api,2026-08-14T14:21:37.216268+00:00
92386e08-9be9-459a-9d5c-c1a4093c1e91,"""Laisser des maisons brûler, ça a été très dur"" : les pompiers réclament plus de moyens et appellent à la grève Plusieurs feux sont en cours et une cinquantaine de départements a été placée en alerte orange pour risque élevé d'incendies C'est dans ce contexte que les syndicats de pompiers appellent à la grève ce jeudi 13 août Il s'agit par ailleurs d'une grève symbol…",370,65,2026-08-13T12:37:51Z,Franceinfo.fr,www.franceinfo.fr,editorial_api,fr,unlabeled,none,https://www.franceinfo.fr/pictures/pta05NRxtd8YGV5Xz9XCI8Nxlu0/0x0:1920x1080/1500x843/2026/08/13/6a7dba9d41806702572345.jpg,data\images\92386e08-9be9-459a-9d5c-c1a4093c1e91.jpg,True,True,True,api,2026-08-14T14:21:37.218897+00:00
e968c93b-df96-4a33-93e0-a8d795236165,"- Les citoyens sont réduits au « système D » qui dévore nos villes Trottoirs colonisés par les étals, bendskins qui roulent où bon leur semble, immeubles qui poussent sur les espaces verts, ordures qui s'entassent aux carrefour...",230,38,2026-08-13T12:37:13Z,Camer.be,www.camer.be,editorial_api,fr,unlabeled,none,https://www.camer.be/storage/photos/shares/Cameroun/Louis_Marie_Kakdeu13072024.jpg,data\images\e968c93b-df96-4a33-93e0-a8d795236165.jpg,True,True,True,api,2026-08-14T14:21:37.220403+00:00
e5e9f586-961b-4c32-b9d5-3719ab8bf3ba,"Que s'est-il passé à Rotterdam? Un mort et plusieurs blessés suite à une explosion Une explosion, survenue jeudi en fin de matinée, dans une raffinerie de la filiale néerlandaise du groupe suisse Gunvor Group, dans le port de Rotterdam, a fait au moins un mort et plusieurs blessés, selon la police ...",302,52,2026-08-13T12:36:40Z,Lalibre.be,www.lalibre.be,editorial_api,fr,unlabeled,none,https://www.lalibre.be/resizer/v2/MZQZN5IWXVG3RHGK5KMXEBY37A.jpg?auth=f9451c13ce4c74f3b3089cccecbadafc2a2b9eb081dbc337ee9b6e1c136e0c9e&width=1200&height=630&quality=85&focal=3000%2C2000,data\images\e5e9f586-961b-4c32-b9d5-3719ab8bf3ba.jpg,True,True,True,api,2026-08-14T14:21:37.221492+00:00
0c840df8-0cb1-4cad-b21d-e79f58651d1e,"La nouvelle prime pour les voitures électriques d’occasion est particulièrement décevante Le gouvernement vient de relancer une prime pour l’achat de voitures électriques d’occasion, mais c’est un peu la douche froide à la découverte du texte Il aura fallu attendre le 12 août 2026 pour voir publier au Journal officiel l’un des textes très attendu…",349,55,2026-08-13T12:26:39Z,Numerama,www.numerama.com,editorial_api,fr,unlabeled,none,"https://c0.lestechnophiles.com/www.numerama.com/wp-content/uploads/2025/06/tesla-model-3-occasion-essai-2025-7.jpg?resize=1600,900&key=25d40cd2",data\images\0c840df8-0cb1-4cad-b21d-e79f58651d1e.jpg,True,True,True,api,2026-08-14T14:21:37.222496+00:00
6770d765-0cb7-45e7-a23f-a56a50c9ba7a,"SLA : l’exposition professionnelle aux pesticides pourrait accroître le risque de maladie du motoneurone En analysant les données de 1 734 personnes atteintes de SLA, une nouvelle méta-analyse a mis en évidence un lien entre le risque de développer la maladie et l’exposition aux pesticides Mais des questions demeurent.",320,49,2026-08-13T12:17:58Z,The Conversation Africa,theconversation.com,editorial_api,fr,unlabeled,none,https://images.theconversation.com/files/753833/original/file-20260805-50-ghl9z8.jpg?ixlib=rb-4.1.1&rect=0%2C468%2C5616%2C2808&q=45&auto=format&w=1356&h=668&fit=crop,data\images\6770d765-0cb7-45e7-a23f-a56a50c9ba7a.jpg,True,True,True,api,2026-08-14T14:21:37.225512+00:00
139fee0e-66ba-44ff-93a2-406b55378afd,"SLA : l’exposition professionnelle aux pesticides pourrait accroître le risque de maladie des motoneurones En analysant les données de 1 734 personnes atteintes de SLA, une nouvelle méta-analyse a mis en évidence un lien entre le risque de développer la maladie et l’exposition aux pesticides Mais des questions demeurent.",322,49,2026-08-13T12:17:58Z,The Conversation Africa,theconversation.com,editorial_api,fr,unlabeled,none,https://images.theconversation.com/files/753833/original/file-20260805-50-ghl9z8.jpg?ixlib=rb-4.1.1&rect=0%2C468%2C5616%2C2808&q=45&auto=format&w=1356&h=668&fit=crop,data\images\139fee0e-66ba-44ff-93a2-406b55378afd.jpg,True,True,True,api,2026-08-14T14:21:37.226544+00:00
e5249b11-a362-4bf5-9df2-b9d320659950,"Israël frappe la bande de Gaza pour la première fois depuis plus d'une semaine, la défense civile palestinienne fait état d'un mort Rejetant la feuille de route de Donald Trump, le Premier ministre israélien, Benyamin Nétanyahou, conditionne tout retrait des troupes israéliennes de Gaza à un ""véritable"" désarmement du Hamas.",326,50,2026-08-13T11:23:54Z,Franceinfo.fr,www.franceinfo.fr,editorial_api,fr,unlabeled,none,https://www.franceinfo.fr/pictures/6w-UDekivvyQLok3LZ1rV5Q7oAE/0x0:1023x575/1500x843/2026/08/13/6a7da88e2e661586487513.jpg,data\images\e5249b11-a362-4bf5-9df2-b9d320659950.jpg,True,True,True,api,2026-08-14T14:21:37.228563+00:00
8ff7125b-cb35-4f6f-aa2d-dc9f1b74ac4d,"Réunissant la communauté mondiale des capitaux à Abou Dabi, l'ADFW 2026 dévoile sa première vague d'intervenants de premier plan La première vague rassemble des hauts responsables des gouvernements des Émirats arabes unis et d'Abou Dabi, ainsi que des directeurs généraux, présidents, fondateurs et investisseurs institutionnels de renommée mondiale issus de géants du secteur tels qu'All…",389,55,2026-08-13T11:19:00Z,PRNewswire,www.prnewswire.com,editorial_api,fr,unlabeled,none,https://mmx.prnewswire.com/media/MS1617426/ADGM-Logo.jpg?id=OA2866255&p=facebook,data\images\8ff7125b-cb35-4f6f-aa2d-dc9f1b74ac4d.jpg,True,True,True,api,2026-08-14T14:21:37.228563+00:00
3cbe62e2-8e4f-45ed-a241-0ede3b81505f,"À bord d’un porte-avions depuis plus de 250 jours du fait de la guerre en Iran, ces soldats américains sont à bout Selon des médias spécialisés dans les affaires militaires, plusieurs marins de l’USS Abraham Lincoln ont tenté de se jeter par-dessus bord Leur santé mentale inquiète.",282,47,2026-08-13T10:59:18Z,Le HuffPost,www.huffingtonpost.fr,editorial_api,fr,unlabeled,none,https://focus.huffingtonpost.fr/2026/08/13/295/0/4586/2579/1820/1023/75/0/748fb0f_upload-1-nscsqbb9yo1q-afp-20260419-a8by3we-v2-highres-topshotusiranisraelwar.jpg,data\images\3cbe62e2-8e4f-45ed-a241-0ede3b81505f.jpg,True,True,True,api,2026-08-14T14:21:37.229585+00:00
dbc0e23f-35f2-4e80-9dcd-52ad04c9d1f1,"Actualité : “Les plants étaient fichus dès le lendemain” à cause de l’IA : un fermier détruit 25 hectares de récoltes en pulvérisant le mauvais herbicide En s’aidant d’une IA pour faire pousser ses récoltes, un fermier a finalement détruit 25 hectares de plants en une soirée Sans remise en question par l’humain, l’intelligence artificielle continue de faire des ravages.",372,60,2026-08-13T10:46:00Z,Les Numériques,www.lesnumeriques.com,editorial_api,fr,unlabeled,none,https://cdn.lesnumeriques.com/optim/news/26/260370/a10e6227-les-plants-etaient-fichus-des-le-lendemain-a-cause-de-l-ia-un-fermier-perd-25-hectares-de-recoltes-en-pulverisant-le-mauvais-herbicide__1200_678__743-531-6407-3504.jpg,data\images\dbc0e23f-35f2-4e80-9dcd-52ad04c9d1f1.jpg,True,True,True,api,2026-08-14T14:21:37.231592+00:00
ffd22f19-1ed2-40ae-a6db-1c4c789e3df7,"RingConn fait progresser la recherche sur les objets de santé connectés avec une nouvelle étude parue dans Nature Portfolio Journal npj Digital Medicine L'étude intitulée « Large-scale bilateral cardiovascular monitoring via wearable rings » analyse 97 559 échantillons valides de bagues PPG provenant de 1 810 participants, fournissant de nouvelles perspectives sur la détection bilatérale portable pour la surv…",413,59,2026-08-13T10:38:00Z,PRNewswire,www.prnewswire.com,editorial_api,fr,unlabeled,none,,,False,False,True,api,2026-08-14T14:21:37.231592+00:00
9e904eec-adea-4dee-9a8c-990b06008d56,La canicule va-t-elle coûter 15 milliards à la France ? Voici d’où vient le chiffre annoncé par Monique Barbut La ministre de la Transition écologique s’est avancée en dévoilant une donnée pas encore stabilisée Son estimation n’en reste pas moins plausible.,257,41,2026-08-13T10:36:31Z,Le HuffPost,www.huffingtonpost.fr,editorial_api,fr,unlabeled,none,https://focus.huffingtonpost.fr/2026/06/26/53/0/1024/576/1820/1023/75/0/c1e1d86_upload-1-hcgkw3biyj0s-afp-20260620-hl-jcmilhet-3203467-v1-midres-franceministerialinaugurationenviron.jpg,data\images\9e904eec-adea-4dee-9a8c-990b06008d56.jpg,True,True,True,api,2026-08-14T14:21:37.232595+00:00
add7011e-1fce-46a8-bbe2-acccdfebe698,"Même poids, autre corps : le ventre peut s’arrondir après la ménopause, voici comment agir Le chiffre sur la balance n'a presque pas bougé et pourtant, votre jean vous serre de plus en plus à la taille Après la ménopause, beaucoup de femmes constatent que leur ventre s'arrondit Pourquoi le corps semble-t-il soudain stocker à cet endroit ? Une étu…",349,60,2026-08-13T10:27:52Z,Futura,www.futura-sciences.com,editorial_api,fr,unlabeled,none,https://cdn8.futura-sciences.com/a1920/images/menopause-graisse-ventre.jpeg,data\images\add7011e-1fce-46a8-bbe2-acccdfebe698.jpg,True,True,True,api,2026-08-14T14:21:37.234099+00:00
66cfa263-fa3d-4b32-876c-eac73917818c,"Faustine Bollaert déculpabilise les parents sur cette activité qu’elle n’a « jamais adoré » faire avec ses enfants Il n’y a pas que le jeu dans la vie de famille, assure l’animatrice, qui avoue ne pas être une dingue des parties de bataille ou des Playmobil",257,46,2026-08-13T10:11:24Z,20 Minutes,www.20minutes.fr,editorial_api,fr,unlabeled,none,https://img.20mn.fr/5IpucIWoTEmqjngxaimFVCk/1444x920_faustine-bollaert-animatrice-de-television,data\images\66cfa263-fa3d-4b32-876c-eac73917818c.jpg,True,True,True,api,2026-08-14T14:21:37.236153+00:00
7aba824d-39cc-4184-a0fa-3dba76ce5ece,Un campement de sans-abris installés dans l'enceinte du Samu social de Paris évacué après deux mois d'occupation La préfecture de police de Paris et la préfecture d'Île-de-France ont fait procéder ce jeudi 13 août à l'évacuation d'un campement de sans-abris installés dans l'enceinte du Samu social de Paris.,308,48,2026-08-13T09:57:22Z,BFMTV,www.bfmtv.com,editorial_api,fr,unlabeled,none,https://images.bfmtv.com/2n47l92WEt-awZnxgVv8EcmlIPM=/0x106:2048x1258/2048x0/images/Samu-Social-de-Paris-1940578.jpg,data\images\7aba824d-39cc-4184-a0fa-3dba76ce5ece.jpg,True,True,True,api,2026-08-14T14:21:37.237307+00:00
c8368e42-9629-4e34-b8b6-9944b4135df8,"L’info du midi en 2 minutes : L’éclipse est finie, grève des pompiers et victoire du PSG « 20 Minutes » a compilé pour vous les infos de ce jeudi 13 août qui vont animer votre repas à la cantine ou votre apéro au camping",220,45,2026-08-13T09:43:34Z,20 Minutes,www.20minutes.fr,editorial_api,fr,unlabeled,none,https://img.20mn.fr/-Pxv22yrQLOjqxsVAdu1YCk/1444x920_260812-paris-12-aout-2026-xinhua-des-personnes-observent-une-eclipse-solaire-partielle-a-paris-en-france-le-12-aout-2026-xinhua-zhang-baihui-zhang-baihui-chine-nouvelle-chine-nouvelle896-credit-chine-nouvelle-sipa-2608130902,data\images\c8368e42-9629-4e34-b8b6-9944b4135df8.jpg,True,True,True,api,2026-08-14T14:21:37.238341+00:00
d6295add-55b7-4430-be96-99f19641fe61,"Que faire si on a observé l'éclipse solaire sans lunettes spéciales et quels sont les symptômes qui doivent alerter ? Parmi les millions d'Européens qui ont pu regarder l'éclipse solaire mercredi soir, certains ont commis l'erreur de ne pas porter de lunettes de protection Mais quelles sont les conséquences sur la santé des yeux ?",332,55,2026-08-13T09:35:31Z,Franceinfo.fr,www.franceinfo.fr,editorial_api,fr,unlabeled,none,https://www.franceinfo.fr/pictures/77da1T-aLTcGkEryJS9qS5e4OQQ/0x25:1024x601/1500x843/2026/08/13/6a7d6124a2fd3748809012.jpg,data\images\d6295add-55b7-4430-be96-99f19641fe61.jpg,True,True,True,api,2026-08-14T14:21:37.239846+00:00
0b89ea98-92d2-487e-a3fb-8e5a76fcd747,"Canicule « L'Odyssée », « Spider-Man ».. Le bel été des cinémas français et leurs salles climatisées Un effet positif de la canicule ? L'été est au beau fixe pour les cinémas français, portés par les blockbusters américains, mais aussi, certainement, par leurs salles souvent climatisées.",288,46,2026-08-13T09:19:00Z,Le Dauphiné Libéré,www.ledauphine.com,editorial_api,fr,unlabeled,none,https://cdn-s-www.ledauphine.com/images/E66276E7-5ED1-43F3-92DF-404B62E98BD9/FB1200/photo-1658077766.jpg,data\images\0b89ea98-92d2-487e-a3fb-8e5a76fcd747.jpg,True,True,True,api,2026-08-14T14:21:37.240879+00:00
2d531da3-0d52-419d-a1ca-250e496c0de4,"Paris : La police évacue un campement de sans-abri installés dans l’enceinte du Samu social Le campement au Samu social à Paris, qui a rassemblé jusqu’à 450 sans-abri parmi lesquels de nombreuses familles, a été évacué ce jeudi matin sur arrêté préfectoral",256,42,2026-08-13T09:11:09Z,20 Minutes,www.20minutes.fr,editorial_api,fr,unlabeled,none,https://img.20mn.fr/BfNR1EKWRtyaR5QR4Svhpyk/1444x920_des-personnes-sans-abri-dont-des-enfants-et-des-femmes-enceintes-et-des-membres-de-l-association-utopia-56-occupent-la-cour-du-samu-social-a-paris-en-france-le-31-juillet-2026-a-la-recherche-d-un-logement-permanent-apres-que-le-115e-arrondissement-n-ait-pas-ete-en-mesure-de-fournir-un-logement-le-personnel-du-centre-d-appels-du-samu-social-est-en-greve-pour-protester-contre-le-manque-de-ressources-alors-que-des-milliers-d-appels-sont-recus-quotidiennement-photo-de-telmo-pinto-nur-photo-photo-de-telmo-pinto-nur-photo-via-afp,data\images\2d531da3-0d52-419d-a1ca-250e496c0de4.jpg,True,True,True,api,2026-08-14T14:21:37.241879+00:00
d82f55bd-c948-4eaa-bfe0-fc1468d06546,"Tous les Pixel dévoilés lors de l'événement « Made by Google 2026 » : le 11 Pro Fold, la Pixel Watch 5 et bien d'autres encore La dernière gamme Pixel de Google est un peu plus chère, intègre une nouvelle fonctionnalité d'éclairage LED et est lancée en même temps qu'un nouveau « finder tag ».",293,55,2026-08-13T09:07:39Z,ZDNet France,www.zdnet.fr,editorial_api,fr,unlabeled,none,https://www.zdnet.fr/wp-content/uploads/zdnet/2026/08/383fbaf6-b5e7-41ab-a4e8-cc42b22951ac-1-201-a.jpg,data\images\d82f55bd-c948-4eaa-bfe0-fc1468d06546.jpg,True,True,True,api,2026-08-14T14:21:37.242966+00:00
187ff3bf-220a-457b-b336-4e1312d8d571,La nouvelle fonction de la Pixel Watch 5 pourrait bien remplacer mon application préférée pour la musculation : plus besoin de smartphone La musculation fait fureur Google a intégré un programme d'entraînement spécial à la Pixel Watch 5 pour vous aider à vous lancer plus facilement.,283,46,2026-08-13T09:07:39Z,ZDNet France,www.zdnet.fr,editorial_api,fr,unlabeled,none,https://www.zdnet.fr/wp-content/uploads/zdnet/2026/08/ea9b9f3c-8813-48bd-88e0-6270b5bb975d-1-201-a.jpg,data\images\187ff3bf-220a-457b-b336-4e1312d8d571.jpg,True,True,True,api,2026-08-14T14:21:37.243966+00:00
8b458283-c045-4d29-88df-c6306f84af1e,"- Le vide du pouvoir coûte cher au Cameroun Parti pour un « court séjour » à Genève le 7 juin, Paul Biya n'a plus donné signe de vie depuis 65 jours Les marchés obligataires camerounais enregistrent la p...",206,39,2026-08-13T09:07:11Z,Camer.be,www.camer.be,editorial_api,fr,unlabeled,none,https://www.camer.be/storage/photos/26/Monde/Dette210126500.jpg,data\images\8b458283-c045-4d29-88df-c6306f84af1e.jpg,True,True,True,api,2026-08-14T14:21:37.244974+00:00
2a678743-c58f-447a-9d87-dc5b89fb2ccd,"Pourquoi l'épidémie d'Ebola qui se répand en République démocratique du Congo est en passe de devenir la plus importante de l'histoire Le virus hautement mortel a déjà fait plus de 2 000 morts en deux mois, à cause notamment d'un rythme de transmission exceptionnel, relève l'OMS.",280,46,2026-08-13T09:02:07Z,Franceinfo.fr,www.franceinfo.fr,editorial_api,fr,unlabeled,none,https://www.franceinfo.fr/pictures/udN6uIJyxpffefXmuNXe5qV2BV4/0x16:3000x1704/1500x843/2026/08/13/6a7d80fdb892c735731541.jpg,data\images\2a678743-c58f-447a-9d87-dc5b89fb2ccd.jpg,True,True,True,api,2026-08-14T14:21:37.244974+00:00
4025329c-589b-48dd-808c-5875377b06e7,"- Hippolyte Ebaka, l'homme fort de l'armée camerounaise Alors que Paul Biya est à Genève depuis plus de deux mois et que le chef d'état-major René Claude Meka, 87 ans, est absent pour raisons de santé, le général de....",219,39,2026-08-13T08:40:41Z,Camer.be,www.camer.be,editorial_api,fr,unlabeled,none,https://www.camer.be/storage/photos/shares/Cameroun2/HIPPOLYTE-EBAKA130826500.webp,data\images\4025329c-589b-48dd-808c-5875377b06e7.jpg,True,True,True,api,2026-08-14T14:21:37.246492+00:00
cee64eba-0aeb-4af6-a210-b3b60300a8f2,"Cirqa Smart Ring : Garmin préparerait une bague connectée pour concurrencer Oura et Samsung Trois semaines après son premier bracelet sans écran, une bague connectée Garmin fuite via une certification en Indonésie Une catégorie que la marque jugeait pourtant trop peu fiable il y a un an.",288,47,2026-08-13T08:28:16Z,Frandroid,www.frandroid.com,editorial_api,fr,unlabeled,none,"https://c0.lestechnophiles.com/images.frandroid.com/wp-content/uploads/2023/12/oura-ring-3-2.jpg?resize=1600,900&key=dd84de97",data\images\cee64eba-0aeb-4af6-a210-b3b60300a8f2.jpg,True,True,True,api,2026-08-14T14:21:37.247506+00:00
c31cd72d-908d-41d7-b882-0975461c47bb,"Cirqa Smart Ring : Garmin préparerait une bague connectée pour concurrencer Oura et Samsung Trois semaines après son premier bracelet sans écran, une bague connectée Garmin fuite via une certification en Indonésie Une catégorie que la marque jugeait pourtant trop peu fiable il y a près de deux ans.",299,49,2026-08-13T08:28:16Z,Frandroid,www.frandroid.com,editorial_api,fr,unlabeled,none,"https://c0.lestechnophiles.com/images.frandroid.com/wp-content/uploads/2023/12/oura-ring-3-2.jpg?resize=1600,900&key=dd84de97",data\images\c31cd72d-908d-41d7-b882-0975461c47bb.jpg,True,True,True,api,2026-08-14T14:21:37.248526+00:00
84064546-2159-4f94-8ba0-fd3af3c2b952,Red Hat assurera désormais le support de votre RHEL à vie… moyennant un supplément Le nouveau module complémentaire « Long-Life Add-On » de Red Hat prolonge la prise en charge aussi longtemps que vous êtes prêt à payer pour ce service.,235,41,2026-08-13T08:08:56Z,ZDNet France,www.zdnet.fr,editorial_api,fr,unlabeled,none,https://www.zdnet.fr/wp-content/uploads/zdnet/2026/08/foeverclockscreenshot-2026-07-10-140540.webp,data\images\84064546-2159-4f94-8ba0-fd3af3c2b952.jpg,True,True,True,api,2026-08-14T14:21:37.249529+00:00
e7e7c8fb-e075-4610-a0f6-013af9efaf06,"Amazon brade à moitié prix la dernière montre connectée de Xiaomi, la Redmi Watch 6 La Xiaomi Redmi Watch 6 est la dernière montre connectée de la marque qui mise sur un écran Amoled lumineux, une bonne autonomie et un GPS pour suivre vos activités La voilà déjà en promotion à 83,99 euros au lieu de 149,99 euros sur Amazon.",325,60,2026-08-13T07:59:00Z,Frandroid,www.frandroid.com,editorial_api,fr,unlabeled,none,"https://c0.lestechnophiles.com/images.frandroid.com/wp-content/uploads/2026/07/xiaomi-redmi-watch-6.jpg?resize=1600,900&key=64cd33e5",data\images\e7e7c8fb-e075-4610-a0f6-013af9efaf06.jpg,True,True,True,api,2026-08-14T14:21:37.251914+00:00
a20182af-8f2f-4d4d-8483-31db34c81599,"Apple veut en finir avec les notifications : voici sa nouvelle idée Un système moins invasif, mais peut-être plus intrusif.",123,20,2026-08-13T07:51:56Z,Iphon.fr,www.iphon.fr,editorial_api,fr,unlabeled,none,https://www.iphon.fr/app/uploads/2026/08/iPhone-17-ecran-accueil-1600x900.jpg,data\images\a20182af-8f2f-4d4d-8483-31db34c81599.jpg,True,True,True,api,2026-08-14T14:21:37.253158+00:00
c2695e11-9b3e-491e-bd80-537d2c677421,"""Notre seul recours aujourd'hui est la sobriété"", alerte un maire des Vosges qui a réduit la pression de l'eau de 30% face au risque de coupures ""La population a très bien réagi face à cette situation"", assure le maire, qui affirme que la consommation a aussi été réduite de ""30%"" Le syndicat des eaux travaille néanmoins sur un dispositif de coupures si la situation l'impose.",377,65,2026-08-13T07:45:06Z,Franceinfo.fr,www.franceinfo.fr,editorial_api,fr,unlabeled,none,https://www.franceinfo.fr/pictures/o9oJ8knObxF8UwRpSOmJupaLbFQ/0x184:2450x1563/1500x843/2026/08/13/6a7d75ae53c21829013744.jpg,data\images\c2695e11-9b3e-491e-bd80-537d2c677421.jpg,True,True,True,api,2026-08-14T14:21:37.255173+00:00
5471052c-52a6-4a12-adca-e2246e32795d,"Faut-il laver ses fruits et légumes avec du vinaigre blanc ou de l'eau claire pour éliminer les pesticides ? Dans l'espoir de débarrasser leurs produits frais des résidus chimiques, de plus en plus de consommateurs trempent leurs fruits et légumes dans du vinaigre blanc, mais cette méthode populaire est-elle vraiment efficace ?",329,52,2026-08-13T07:30:05Z,Futura,www.futura-sciences.com,editorial_api,fr,unlabeled,none,https://cdn8.futura-sciences.com/a1920/images/pesticides-fruits-legumes.jpeg,data\images\5471052c-52a6-4a12-adca-e2246e32795d.jpg,True,True,True,api,2026-08-14T14:21:37.256197+00:00
db85c9b4-1a57-414d-8bb3-7ad90a0f1822,"La ministre de la transition écologique estime que les canicules de l'été pourraient coûter jusqu'à 15 milliards d'euros à l'économie française en 2026 La ministre de la transition écologique avance une estimation élevée du coût économique des canicules, suscitée par la sécheresse et les températures records de l'été 2026.",324,49,2026-08-13T07:13:47Z,JDN,www.journaldunet.com,editorial_api,fr,unlabeled,none,https://img-0.journaldunet.com/SytmkLJVoFdwiwjY1w7VCUkeops=/1500x/smart/1613c6b95e094cb2bdcdd6c5ed133e01/ccmcms-jdn/39542686.jpg,data\images\db85c9b4-1a57-414d-8bb3-7ad90a0f1822.jpg,True,True,True,api,2026-08-14T14:21:37.257221+00:00
ce7e2b7c-c685-4517-80dc-5bdabc985dd7,"Deux personnes décédées de la légionellose en Savoie, 41 cas recensés depuis le mois de juin Une augmentation inhabituelle des cas de légionellose en Savoie a été notifiée par l’Agence régionale de santé depuis le 1er juin Des investigations sont en cours afin de déterminer la ou les sources de contamination Une trentaine de prélèvements ont été ré…",351,58,2026-08-13T07:02:36Z,Franceinfo.fr,france3-regions.franceinfo.fr,editorial_api,fr,unlabeled,none,https://france3-regions.franceinfo.fr/image/RneGbMbgVQ2FuF757pJ3BU4qXCg/930x620/regions/2026/08/13/6a7d6b768a8bf454539697.jpg,data\images\ce7e2b7c-c685-4517-80dc-5bdabc985dd7.jpg,True,True,True,api,2026-08-14T14:21:37.258228+00:00
3c820dd3-b197-4ffa-af57-f435470627d0,"Thaïlande : 11 Français détenus pour trafic de drogue Onze Français détenus en Thaïlande et à Hong Kong sont soupçonnés de trafic de drogue après avoir été recrutés sur les réseaux sociaux Ces jeunes, piégés par de fausses annonces de transport de smartphones, risquent gros après la saisie de plusieurs kilos de…",313,52,2026-08-13T06:59:08Z,Franceinfo.fr,www.franceinfo.fr,editorial_api,fr,unlabeled,none,https://www.franceinfo.fr/pictures/HDvJhd2modXmpkwzSLpVGCgVV_c/9x0:1437x803/1500x843/2026/08/13/6a7d6b399e27c919099083.jpg,data\images\3c820dd3-b197-4ffa-af57-f435470627d0.jpg,True,True,True,api,2026-08-14T14:21:37.260247+00:00
9ac2a397-fc0b-4521-bd7c-155ef6f5a3ee,"france-opendata 0.39.0 Connecteurs Python data publique France (open data) : entreprises (Recherche Entreprises, Sirene, INPI bilans, BODACC), accords collectifs d'entreprise (ACCO), index égalité F-H (Egapro), marchés publics (BOAMP), immobilier (DVF+ Cerema), foncier/cadastre/urb…",283,32,2026-08-13T06:56:28Z,Pypi.org,pypi.org,editorial_api,fr,unlabeled,none,,,False,False,True,api,2026-08-14T14:21:37.260247+00:00
f84e6130-de4d-4450-acb9-cde830731c98,"Google lance une IA qui traduit la langue des signes en texte sur Android : vous pourrez tout comprendre sans interprète Google vient de présenter sign-language-to-text ou SL2T, une IA qui peut traduire la langue des signes (en vidéo) en texte, presque en temps réel Cette nouveauté est encore limitée à la langue des signes américaine, mais Google promet de prendre en charge d’…",380,64,2026-08-13T06:53:55Z,Presse-citron,www.presse-citron.net,editorial_api,fr,unlabeled,none,https://www.presse-citron.net/app/uploads/2026/08/Google-Sign-Language_1920x1280-1600x900.jpg,data\images\f84e6130-de4d-4450-acb9-cde830731c98.jpg,True,True,True,api,2026-08-14T14:21:37.261256+00:00
2f914735-9659-4c46-b2c7-ba6b0be2e02d,- Polémique autour du Bôme François : le LANACOME et François Santé apportent un démenti Le débat suscité sur les réseaux sociaux autour du Bôme François a connu un nouvel épisode ce mercredi à Yaoundé Le Laboratoire National de Contrôle de Qualité...,251,42,2026-08-13T06:25:59Z,Camer.be,www.camer.be,editorial_api,fr,unlabeled,none,https://www.camer.be/storage/photos/shares/cameRoun/Bome_Francois_et_Lanacome_13082026.jpg,data\images\2f914735-9659-4c46-b2c7-ba6b0be2e02d.jpg,True,True,True,api,2026-08-14T14:21:37.262277+00:00
8a1f30eb-0bae-46c1-8c59-53fb53942a22,"Douches moisies, eau chaude sporadique, nourriture rationné, menaces de suicide: des élus américains inquiets de la vie sur le porte-avions Lincoln Les élus démocrates du Congrès exigent ce mercredi 13 août toute la transparence sur les conditions de vie à bord du porte-avions Abraham Lincoln dont les rapports alarmants et les témoignages de marins témoignent d'une dégradation importante.",391,58,2026-08-13T06:21:27Z,BFMTV,www.bfmtv.com,editorial_api,fr,unlabeled,none,https://images.bfmtv.com/lk2LvqKu3mxzmA0AMgKqy0diAhQ=/0x148:2048x1300/2048x0/images/Une-photographie-aerienne-de-l-USS-Abraham-Lincoln-porte-avions-americain-2223771.jpg,data\images\8a1f30eb-0bae-46c1-8c59-53fb53942a22.jpg,True,True,True,api,2026-08-14T14:21:37.263284+00:00
39c24275-9177-4a17-8cc9-ccb5d97bc56f,"Santé Éclipse solaire : mal aux yeux ? Comment savoir s'ils ont été abîmés par l'exposition ? Depuis mercredi soir et le passage de l'éclipse, plusieurs centres d'urgences ophtalmologiques reçoivent de nombreux appels de personnes angoissées par une gêne ou une douleur oculaire.",279,43,2026-08-13T06:20:00Z,Le Dauphiné Libéré,www.ledauphine.com,editorial_api,fr,unlabeled,none,https://cdn-s-www.ledauphine.com/images/BE773211-916F-4C11-BA24-C62C95928C6F/FB1200/photo-1786556454.jpg,data\images\39c24275-9177-4a17-8cc9-ccb5d97bc56f.jpg,True,True,True,api,2026-08-14T14:21:37.264284+00:00
f8bef9a3-4ccd-4bd7-ba07-68c9d0b72b48,"Douches moisies, toilettes hors d’usage et repas rationnés : L’inquiétude autour des conditions de vie sur un porte-avions américain grandit Les démocrates du Congrès ont exigé mercredi (heure locale) des explications sur les conditions de vie à bord du porte-avions Abraham Lincoln, en mer depuis plus de 200 jours ...",319,50,2026-08-13T06:18:35Z,Lalibre.be,www.lalibre.be,editorial_api,fr,unlabeled,none,https://www.lalibre.be/resizer/v2/AINMYZXTPRDI5B7CLHNDJPZZS4.jpg?auth=a96f96db33ab048c5fcb08f46c17e3d8e7516bcb504ee39b9dfd2ac45b51c770&width=1200&height=630&quality=85&focal=2126%2C1417,data\images\f8bef9a3-4ccd-4bd7-ba07-68c9d0b72b48.jpg,True,True,True,api,2026-08-14T14:21:37.265295+00:00
2b67c31e-bfa0-46cb-9f4a-aad6b5cc1b8e,"Vaches, cochons, moutons et légumes partagés: un “potager du cœur” pousse dans ce paradis pour animaux de la ferme Isabelle et Grégory Wispelaere, amoureux de la terre et des animaux, développent un écosystème nourricier et solidaire dans leur domaine de 4,7 hectares à Gozée (Thuin) ...",287,46,2026-08-13T06:08:00Z,Lalibre.be,www.lalibre.be,editorial_api,fr,unlabeled,none,https://www.lalibre.be/resizer/v2/FWDEER2HTNGTNLYTFYXXSLWP3U.jpeg?auth=b8b80fb155531b7a5b8f52b9afd664e1a19d5f84e37150930a761dbb0b8d095d&width=1200&height=630&quality=85&focal=1020%2C765,data\images\2b67c31e-bfa0-46cb-9f4a-aad6b5cc1b8e.jpg,True,True,True,api,2026-08-14T14:21:37.266867+00:00
f13c3ed4-29ab-4165-8bbe-ad28f903c2cb,"Votre enfant est accro à l’écran ? C’est de votre faute selon cette nouvelle étude Si vous êtes stressé, il peut être plus difficile d’encadrer l’utilisation des écrans de vos enfants.",184,31,2026-08-13T06:04:57Z,Presse-citron,www.presse-citron.net,editorial_api,fr,unlabeled,none,https://www.presse-citron.net/app/uploads/2026/07/Enfant-tablette-1600x900.jpg,data\images\f13c3ed4-29ab-4165-8bbe-ad28f903c2cb.jpg,True,True,True,api,2026-08-14T14:21:37.267374+00:00
4095d881-a9a0-49c5-bf84-5f8894e65b9f,"Les troubles du sommeil précéderaient de plusieurs années les premiers symptômes de la maladie de Charcot Des chercheurs de l'Inserm viennent de faire un pas en avant dans la compréhension de la maladie de Charcot (SLA), offrant l'espoir d'une nouvelle piste thérapeutique pour ralentir sa progression Ils ont identifié l’implication de l’hypothalamus et découvert…",365,54,2026-08-13T06:00:00Z,Futura,www.futura-sciences.com,editorial_api,fr,unlabeled,none,https://cdn8.futura-sciences.com/a1280/images/maladie-charcot-troubles-sommeil.png,data\images\4095d881-a9a0-49c5-bf84-5f8894e65b9f.jpg,True,True,True,api,2026-08-14T14:21:37.269391+00:00
1f9252e0-435a-4366-8bca-5932ef71252e,Un refus de permis fait du bruit et fragilise (un peu plus) la majorité MR/Les Engagés à Flobecq Les oreilles de la majorité MR/Les Engagés-Audacité de Flobecq sifflent depuis que le ministre Coppieters (Les Engagés) a refusé un permis d’environnement à une société locale hautement estimée Et le bourgmestre MR dénonce l’attitude du 1er échevin des Engag…,356,57,2026-08-13T06:00:00Z,Lavenir.net,www.lavenir.net,editorial_api,fr,unlabeled,none,https://www.lavenir.net/resizer/v2/SXCPTGBKUZEJXMS5XOZFRDFREA.jpg?auth=beb57c3b6c4bb1d0b7006f055e5683e258e9dff8615b4fe7a06aa03a60862b1b&width=1200&height=630&quality=85&focal=1873%2C1307,data\images\1f9252e0-435a-4366-8bca-5932ef71252e.jpg,True,True,True,api,2026-08-14T14:21:37.270407+00:00
2b2d115e-3204-4593-889e-97a7290604b3,"""Il y a des fournisseurs chez lesquels on s'en procure facilement"" : malgré l'interdiction, les puffs restent très accessibles aux jeunes Interdites à la vente depuis février 2025, les puffs restent largement consommées par les jeunes Entre contournement de la loi, marketing attractif et marché parallèle, ces cigarettes électroniques continuent de circuler malgré les risques liés à la nicotine.",397,59,2026-08-13T05:07:04Z,Franceinfo.fr,www.franceinfo.fr,editorial_api,fr,unlabeled,none,https://www.franceinfo.fr/pictures/yxLW2_ilNo4IoiB9Bk5TOCHPpIA/0x279:5392x3312/1500x843/2026/08/12/6a7c5cd5aad66407282034.jpg,data\images\2b2d115e-3204-4593-889e-97a7290604b3.jpg,True,True,True,api,2026-08-14T14:21:37.273450+00:00
f0307bce-1a1a-4139-be03-3dad625f72dd,"Santé Pourquoi certaines personnes peuvent rire dans des situations inappropriées ? Rire lors d’un moment grave, stressant ou socialement inadapté peut sembler étrange, voire choquant Pourtant, ce phénomène est bien connu en psychologie et en neurosciences, et il ne traduit pas forcément un manque de respect ou d’empathie.",324,48,2026-08-13T05:05:00Z,Le Progrès,www.leprogres.fr,editorial_api,fr,unlabeled,none,https://cdn-s-www.ledauphine.com/images/4C9422A6-CEAD-4777-93AB-4EE72E9C77C3/FB1200/photo-1786522480.jpg,data\images\f0307bce-1a1a-4139-be03-3dad625f72dd.jpg,True,True,True,api,2026-08-14T14:21:37.273955+00:00
f1f6e5c3-9e51-42a8-a992-5d1d1511e7f8,"Un lit dans le TGV, trois changes durant le voyage… Comment le train pour Lourdes s’adapte aux pèlerins malades ? A l’occasion du 15-Août, le Pèlerinage national affrète des trains spéciaux pour transporter des pèlerins malades et handicapés jusqu’à Lourdes « 20 Minutes » a suivi le comité de Lyon jusqu’à Marseille pour découvrir toute « cette logistique »",358,59,2026-08-13T05:02:36Z,20 Minutes,www.20minutes.fr,editorial_api,fr,unlabeled,none,https://img.20mn.fr/VNevVygBQtKiBJruGOYG3ik/1444x920_laurence-59-ans-effectue-son-23e-pelerinage-a-lourdes-l-association-a-fait-installer-un-lit-pour-pouvoir-la-transporter-pendant-neuf-heures-de-train-depuis-lyon,data\images\f1f6e5c3-9e51-42a8-a992-5d1d1511e7f8.jpg,True,True,True,api,2026-08-14T14:21:37.276485+00:00
2b0c110a-33de-4193-b350-6ccd527cd17f,"Météo Canicule : 80 départements en vigilance orange ce jeudi pour le pic de la vague de chaleur, jusqu'à 40 °C attendus Quatre-vingts départements sont placés en vigilance orange canicule ce jeudi, jour du pic de la cinquième vague de chaleur de l'été, avec 38 à 40 °C attendus du Sud-Ouest au Centre-Val de Loire Un premier rafraîchissement gagnera l'ouest vendredi, avant des …",380,64,2026-08-13T04:53:00Z,Le Dauphiné Libéré,www.ledauphine.com,editorial_api,fr,unlabeled,none,https://cdn-s-www.ledauphine.com/images/2BEE60AD-DEC9-4E1D-BD5C-1305CC7DD18E/FB1200/photo-1786574995.jpg,data\images\2b0c110a-33de-4193-b350-6ccd527cd17f.jpg,True,True,True,api,2026-08-14T14:21:37.277492+00:00
1eef381a-8cdb-4fa7-b4b6-71bd2bd34f9b,"Deux morts, 41 cas… La légionellose en pleine recrudescence en Savoie Selon un bilan de l’ARS Auvergne-Rhône-Alpes, 41 cas de légionellose ont été déclarés aux autorités sanitaires en Savoie entre le 1er juin et le 10 août",222,37,2026-08-13T04:32:51Z,20 Minutes,www.20minutes.fr,editorial_api,fr,unlabeled,none,https://img.20mn.fr/yDSDeEHUQS2D5D4dC8kaQik/1444x920_le-service-des-urgences-de-l-hopital-pellegrin-qui-fait-partie-du-chu-de-bordeaux-pendant-la-canicule-qui-sevit-en-france-le-departement-de-la-gironde-est-en-alerte-rouge-en-raison-de-la-canicule-a-bordeaux-le-23-juin-2026-amezugo-urgences-5-credit-ugo-amez-sipa-2606231212,data\images\1eef381a-8cdb-4fa7-b4b6-71bd2bd34f9b.jpg,True,True,True,api,2026-08-14T14:21:37.278498+00:00
4dca28da-e168-4234-ab4e-e1f8e0b5857b,"Ventre plat : d'après des experts en nutrition, il faudrait toujours avoir ces 2 aliments chez soi pour réduire la graisse abdominale",133,22,2026-08-13T04:32:14Z,Grazia.fr,www.grazia.fr,editorial_api,fr,unlabeled,none,https://www.grazia.fr/wp-content/uploads/grazia/2023/03/copie-de-sans-titre-39.png,data\images\4dca28da-e168-4234-ab4e-e1f8e0b5857b.png,True,True,True,api,2026-08-14T14:21:37.278498+00:00
b0a470c4-56eb-4a8e-933a-c5219b6dd259,"""On est dans un système qu'il faut réviser"" : un sapeur-pompier explique pourquoi les soldats du feu sont appelés à la grève jeudi Alors que neuf organisations syndicales appellent les pompiers à la grève jeudi, Ludovic Goblet, lieutenant au Service départemental d'incendie et de secours de la Somme, réclame davantage de moyens et une meilleure protection des soldats du feu.",377,60,2026-08-13T04:10:00Z,Franceinfo.fr,www.franceinfo.fr,editorial_api,fr,unlabeled,none,https://www.franceinfo.fr/pictures/s4qbf7qyh3xU54gVnINB_J3Mk1k/0x524:5000x3337/1500x843/2026/08/12/6a7c8d2f0e8f1722480373.jpg,data\images\b0a470c4-56eb-4a8e-933a-c5219b6dd259.jpg,True,True,True,api,2026-08-14T14:21:37.280004+00:00
258c424e-4457-4363-943c-cbbc1ff25224,"Santé « J'ai croisé l'éclipse par hasard » : à Paris, les urgences ophtalmologiques déjà sous tension L'éclipse solaire du 12 août, la plus profonde observée en France depuis 1999, a rapidement fait sentir ses effets sur les yeux Aux urgences ophtalmologiques de l'Hôpital Fondation Adolphe de Rothschild, à Paris, une dizaine de patients se sont déjà présenté…",361,58,2026-08-12T22:24:00Z,Le Dauphiné Libéré,www.ledauphine.com,editorial_api,fr,unlabeled,none,https://cdn-s-www.ledauphine.com/images/609D6C60-C9F4-41DC-B380-9F033F1BEC08/FB1200/photo-1786573476.jpg,data\images\258c424e-4457-4363-943c-cbbc1ff25224.jpg,True,True,True,api,2026-08-14T14:21:37.281030+00:00
a30f86cc-a759-4482-959c-36a41e5def11,"Chambéry Légionellose : 41 cas déclarés depuis juin, deux personnes décédées Depuis le 1er juin, 41 cas de légionellose ont été déclarés en Savoie, touchant des personnes entre 26 et 91 ans Quarante personnes ont été hospitalisées et deux personnes sont décédées Des investigations sont en cours pour déterminer la source de contamin…",334,53,2026-08-12T22:20:00Z,Le Dauphiné Libéré,www.ledauphine.com,editorial_api,fr,unlabeled,none,https://cdn-s-www.ledauphine.com/images/08C6D52A-7BA1-4C5B-967F-95C5132C800A/FB1200/photo-1786572309.jpg,data\images\a30f86cc-a759-4482-959c-36a41e5def11.jpg,True,True,True,api,2026-08-14T14:21:37.283157+00:00
90c23f19-0700-4b59-953c-564b6e66f7b9,"Quelles sont les meilleures batteries externes pour les pros en 2026 ? En 2026, l'actualisation des équipements de mobilité professionnelle s'articule autour de la continuité d'activité, du travail hybride et de la puissance de charge USB Power Delivery L'arbitrage repose sur l'efficience énergétique réelle (rendement utile), l…",330,47,2026-08-12T21:10:10Z,ZDNet France,www.zdnet.fr,editorial_api,fr,unlabeled,none,https://www.zdnet.fr/wp-content/uploads/zdnet/2026/06/selection_expert_2026_zdnet_une.png,data\images\90c23f19-0700-4b59-953c-564b6e66f7b9.png,True,True,True,api,2026-08-14T14:21:37.284158+00:00
01c8775c-0c8d-4aec-9ac7-a68e543f3255,"La ville israélienne de Tel-Aviv baptise ""place des otages"" l'esplanade des manifestations organisées pour la libération des captifs à Gaza Entre 2023 et 2025, des Israéliens s'y étaient rassemblés chaque samedi soir pour presser le gouvernement d'œuvrer à la libération des otages enlevés par le Hamas.",303,46,2026-08-12T20:28:03Z,Franceinfo.fr,www.franceinfo.fr,editorial_api,fr,unlabeled,none,https://www.franceinfo.fr/pictures/LsWtof2ulinB2dwv_9Hy68NWyCY/0x0:1023x575/1500x843/2026/08/12/6a7cd63c0c334875617482.jpg,data\images\01c8775c-0c8d-4aec-9ac7-a68e543f3255.jpg,True,True,True,api,2026-08-14T14:21:37.285541+00:00
65f452f2-fe64-4bc4-bcf0-31f8f8e1d9e6,"Test Samsung Galaxy Watch9 : une multitude de données de santé, dans un appareil tourné vers l'avenir La dernière montre connectée de la marque propose de nouveaux indicateurs, une autonomie accrue et donne un aperçu de ce que réserveraient les accessoires portables du futur.",276,44,2026-08-12T20:21:08Z,ZDNet France,www.zdnet.fr,editorial_api,fr,unlabeled,none,https://www.zdnet.fr/wp-content/uploads/zdnet/2026/08/samsung-galaxy-watch9-test-scaled.jpg,data\images\65f452f2-fe64-4bc4-bcf0-31f8f8e1d9e6.jpg,True,True,True,api,2026-08-14T14:21:37.287069+00:00
78a48e19-e76b-4732-be6c-c6c8959a0d66,"Haute-Savoie : Un enfant de 13 ans meurt noyé dans un plan d’eau malgré l’intervention des secours Un adolescent de 13 ans est mort noyé mercredi dans le lac de la Beunaz, à Saint-Paul-en-Chablais, en Haute-Savoie Une enquête a été ouverte.",240,41,2026-08-12T19:30:22Z,20 Minutes,www.20minutes.fr,editorial_api,fr,unlabeled,none,https://img.20mn.fr/bMfp-Z-FQZSBGDApuPWelSk/1444x920_photo-illustration-logo-sapeurs-pompiers-du-puy-de-dome-07allilimages-dsc-5116-credit-mourad-allili-sipa-2605061520,data\images\78a48e19-e76b-4732-be6c-c6c8959a0d66.jpg,True,True,True,api,2026-08-14T14:21:37.289601+00:00
119dde1a-41bb-46be-bf71-36fac06a7dca,"L’OMS tombe sur la politique rétrograde de Donald Trump en matière de vaccination Alors que le président américain mène une offensive contre les vaccins, l’Organisation mondiale de la Santé rappelle que la science doit primer sur la politique.",243,38,2026-08-12T19:12:17Z,Le HuffPost,www.huffingtonpost.fr,editorial_api,fr,unlabeled,none,https://focus.huffingtonpost.fr/2025/05/30/37/0/6921/3893/1820/1023/75/0/34c0fde_sirius-fs-upload-1-szxni6nj31hf-1748581948702-000-48kt9nr.jpg,data\images\119dde1a-41bb-46be-bf71-36fac06a7dca.jpg,True,True,True,api,2026-08-14T14:21:37.289601+00:00
28189805-ebaf-4c6e-8509-fca84f2c1741,"Pudu Robotics lance le PUDU ET1, un robot laveur-sécheur compact doté d'une IA native, destiné aux petits espaces commerciaux SHENZHEN, Chine, 12 août 2026 /PRNewswire/ -- Pudu Robotics, leader mondial de la robotique de service commerciale, a lancé le PUDU ET1, un robot laveur-sécheur compact doté d'une intelligence artificielle native, conçu pour les petits espaces commerciaux Pr…",385,57,2026-08-12T19:10:00Z,PRNewswire,www.prnewswire.com,editorial_api,fr,unlabeled,none,https://mmx.prnewswire.com/media/MS1968490/20260812063835EDT_video_1.mp4?id=OA2866422&p=thumbnail,data\images\28189805-ebaf-4c6e-8509-fca84f2c1741.jpg,True,True,True,api,2026-08-14T14:21:37.290608+00:00
c7b46e34-42cb-4444-9571-db8fe5e3b849,Une enquête ouverte après la mort d'une résidente d'un Ehpad en Seine-Maritime Une plainte a été déposée par la fille de la défunte.,132,23,2026-08-12T18:47:47Z,Franceinfo.fr,www.franceinfo.fr,editorial_api,fr,unlabeled,none,https://www.franceinfo.fr/pictures/1EP87ZOAYD1SuJui2ne2t_z8ONM/1500x843/2026/06/25/6a3cfade66874817140461.jpg,data\images\c7b46e34-42cb-4444-9571-db8fe5e3b849.jpg,True,True,True,api,2026-08-14T14:21:37.291615+00:00
17d52eb4-c3b2-4bb7-8df6-ae268396062c,"En direct : PSG – Aston Villa 21e: Sinon, on lance quand la propagande Kvara ballon d'or…",89,17,2026-08-12T18:40:48Z,SO FOOT,www.sofoot.com,editorial_api,fr,unlabeled,none,https://sofoot.s3.eu-central-1.amazonaws.com/wp-content/uploads/2026/08/12212424/ICONSPORT_371823_0076-1400x933.jpg,data\images\17d52eb4-c3b2-4bb7-8df6-ae268396062c.jpg,True,True,True,api,2026-08-14T14:21:37.291615+00:00
892f5ebe-64bc-4e79-b5a5-76eb9df644d2,Transports « On exige des clims fonctionnelles » : les bus surchauffés dans le viseur de l'inspection du travail Deux mises en demeure de l’inspection du travail ont été adressées à la RATP après des contrôles ces dernières semaines En cause : les conditions de chaleur extrême subies par les conducteurs Des chauffeurs urbains de tout le pays sont contraints de rouler …,371,63,2026-08-12T18:20:00Z,Le Dauphiné Libéré,www.ledauphine.com,editorial_api,fr,unlabeled,none,https://cdn-s-www.ledauphine.com/images/4966D4BB-581C-4506-A7B7-8F84CC38879F/FB1200/photo-1786557620.jpg,data\images\892f5ebe-64bc-4e79-b5a5-76eb9df644d2.jpg,True,True,True,api,2026-08-14T14:21:37.292622+00:00
6f735454-d44b-49e8-ac8f-4522a4017c40,"WALOVI dévoile deux nouveaux produits, marquant le début d'une nouvelle ère pour les boissons naturelles à base de plantes GUANGZHOU, Chine, 12 août 2026 /PRNewswire/ -- Le 10 août, lors de l'événement à Guangzhou, Walovi a lancé la boisson électrolytique à base d'énergie naturelle LEGEND-KING et le jus composite naturel aux baies LEMULI, ainsi que de nouveaux designs de bouteill…",383,60,2026-08-12T17:50:00Z,PRNewswire,www.prnewswire.com,editorial_api,fr,unlabeled,none,https://mmx.prnewswire.com/media/MS1968475/20260812065205EDT_image_1.jpg?id=OA2866516&p=facebook,data\images\6f735454-d44b-49e8-ac8f-4522a4017c40.jpg,True,True,True,api,2026-08-14T14:21:37.294128+00:00
24ca6f84-01be-4d1e-b12e-350d15165644,Peur de mourir seul : ces montres Google appellent automatiquement les urgences si vous avez arrêté de respirer Google a développé un algorithme qui détecte quand l’utilisateur a cessé de respirer L’objectif est de sauver les personnes en cas d’urgence respiratoire si celles-ci ne sont plus en mesure d’appeler les secours.,324,51,2026-08-12T17:27:32Z,Presse-citron,www.presse-citron.net,editorial_api,fr,unlabeled,none,https://www.presse-citron.net/app/uploads/2026/08/image_2026-08-12_202353936_1920x1280-1600x900.jpg,data\images\24ca6f84-01be-4d1e-b12e-350d15165644.jpg,True,True,True,api,2026-08-14T14:21:37.295648+00:00
87a4988e-6bc7-466d-be90-2b947cb97ade,"États-Unis Addiction aux réseaux sociaux : un procès d'une ampleur inédite visant Meta s'est ouvert Le procès de Meta, d’une ampleur inédite, s’est ouvert ce mercredi aux États-Unis pour plusieurs semaines L’entreprise, mère d’Instagram et Facebook, est soupçonnée d’avoir délibérément exploité des mécanismes rendant accros ses jeunes utilisateurs Ce dont …",358,51,2026-08-12T17:01:00Z,Le Dauphiné Libéré,www.ledauphine.com,editorial_api,fr,unlabeled,none,https://cdn-s-www.ledauphine.com/images/C78E810A-DCC1-4C74-AED7-503EC62DBF29/FB1200/photo-1786549404.jpg,data\images\87a4988e-6bc7-466d-be90-2b947cb97ade.jpg,True,True,True,api,2026-08-14T14:21:37.296655+00:00
40e5100e-1eb0-4a73-809f-ca5f1534f607,"Éclipse solaire: ""Personne ne nous dit rien sur les conséquences possibles"", l'alerte d'un entraîneur espagnol avant un match en plein phénomène Ciudad Real est considérée comme l'une des communes espagnoles où l'éclipse solaire sera la plus visible Or, un match de football doit se tenir pile pendant le phénomène et ses conséquences inquiètent fortement les joueurs et les entraîneurs.",387,59,2026-08-12T16:46:25Z,BFMTV,rmcsport.bfmtv.com,editorial_api,fr,unlabeled,none,https://io-fsly-bfmtv.cdn.nextradiotv.com/Qj4dA36_tTxyOvv3beuV5OxmuBo=/0x77:2048x1229/images/eclipse-soleil-1507166.jpg,data\images\40e5100e-1eb0-4a73-809f-ca5f1534f607.jpg,True,True,True,api,2026-08-14T14:21:37.298769+00:00
2d5d15f5-94f2-4093-8b76-b1ef46d3ecd8,"Entre dépenses folles dans l’IA, chute en Bourse et procès historique à Oakland : l’empire Meta est-il menacé de déclin ? Pénalités record, suppression de fonctionnalités : déjà scrutée de près par les marchés, Meta joue la survie de son modèle dans le procès qui s'ouvre aujourd'hui contre ses réseaux sociaux en Californie.",325,53,2026-08-12T16:24:00Z,Challenges,www.challenges.fr,editorial_api,fr,unlabeled,none,https://www.challenges.fr/_ipx/f_jpg&enlarge_true&s_1200x630/cha/static/2026-08/59896.HR_0.jpg%3FVersionId=L4aQZzbHnEOJwbU3E35BY3SvF3xfR1is,data\images\2d5d15f5-94f2-4093-8b76-b1ef46d3ecd8.jpg,True,True,True,api,2026-08-14T14:21:37.298769+00:00
29268d83-d827-4948-9801-97b163ab5ce0,Rod Steward : Le chanteur a été contraint d'annuler la fin de sa tournée après une opération du cœur Rod Stewart avait déjà annulé des concerts et avait dû être mis sous oxygène lors d’un concert en juin,203,38,2026-08-12T16:15:12Z,20 Minutes,www.20minutes.fr,editorial_api,fr,unlabeled,none,https://img.20mn.fr/XiVrm7jdR-6hCy61R0VsISk/1444x920_rod-stewart-gestures-onstage-at-the-royal-arena-during-his-one-last-time-concert-in-copenhagen-on-sunday-june-9-2024-torben-christensen-ritzau-scanpix-via-ap-loph401-24161703218134-denmark-out-mandatory-credit-2406092144,data\images\29268d83-d827-4948-9801-97b163ab5ce0.jpg,True,True,True,api,2026-08-14T14:21:37.299780+00:00
82a5c8bc-7e12-4e12-837f-6b1b762098cc,"Présentation saison 2026 - 2027 | Modave (P4B) compte faire honneur à Yanik Buron : ""On attend son retour avec impatience"" (+ le noyau) Puisque Yanik Buron a dû prendre du recul, c’est David Frisque et Adrien Burinato qui se partageront, cette saison, les responsabilités modaviennes ...",287,47,2026-08-12T16:00:00Z,Lavenir.net,www.lavenir.net,editorial_api,fr,unlabeled,none,https://www.lavenir.net/resizer/v2/SUPGE3JVY5DQFAKTOCJCGMOUTM.jpg?auth=2a16ab5f212d4567cf3079b1c6169c6510af808b453b354a1c1f464f5bc9d09b&width=1200&height=630&quality=85&focal=550%2C412,data\images\82a5c8bc-7e12-4e12-837f-6b1b762098cc.jpg,True,True,True,api,2026-08-14T14:21:37.300787+00:00
1cde132d-5767-4f1c-864c-f34ad878cec4,"Apnée du sommeil : 80 % des personnes concernées l'ignoreraient, et ce médicament poserait problème Dormir plus longtemps, se réveiller moins souvent, et pourtant conduire nettement moins bien le lendemain matin Un essai clinique australien met en évidence un décalage inquiétant entre la qualité de sommeil ressentie et les performances réelles Le plus pré…",358,54,2026-08-12T16:00:00Z,Futura,www.futura-sciences.com,editorial_api,fr,unlabeled,none,https://cdn8.futura-sciences.com/a1920/images/apnee-sommeil-insomnie-medicament.png,data\images\1cde132d-5767-4f1c-864c-f34ad878cec4.jpg,True,True,True,api,2026-08-14T14:21:37.302819+00:00
b02b6f44-8ba9-4e6f-ab92-274699e75a72,"La crèche Les Bulles d’O, à Farciennes, ouvrira ses portes le 31 août : un aperçu en images des espaces qui accueilleront les bambins La première crèche de l’histoire de Farciennes ouvrira bientôt ses portes Construite en une année, elle offre le confort et un cadre agréable idéal pour les 42 tout-petits qui y seront accueillis Une infrastructure essentielle pour la commune ...",380,63,2026-08-12T16:00:00Z,Lavenir.net,www.lavenir.net,editorial_api,fr,unlabeled,none,https://www.lavenir.net/resizer/v2/VHUSAAWEU5CYFKNLMZ5X7H7BBI.jpg?auth=9db47d3b66cf0199d50ff23c6f5441136beb8eb3acf500e1109bfae437a896c2&width=1200&height=630&quality=85&focal=1020%2C765,data\images\b02b6f44-8ba9-4e6f-ab92-274699e75a72.jpg,True,True,True,api,2026-08-14T14:21:37.304326+00:00
1654e51a-62b0-4421-83dd-73a13ac79de5,"Voici les nouveaux espaces pour les 42 bambins de la crèche ""Les Bulles d’O"", à Farciennes, qui ouvrira le 31 août La première crèche de l’histoire de Farciennes ouvrira bientôt ses portes Construite en une année, elle offre le confort et un cadre agréable idéal pour les 42 tout-petits qui y seront accueillis Une infrastructure essentielle pour la commune ...",361,60,2026-08-12T16:00:00Z,dh.be,www.dhnet.be,editorial_api,fr,unlabeled,none,https://www.dhnet.be/resizer/v2/5VTQ7G77WBAKTCFXBW2RGSNZ2Q.jpeg?auth=3c31421ba89b2d6c441d18c6f0e1a16eebc2caecff1469a8f170f063495e0b0a&width=1200&height=630&quality=85&focal=3008%2C2008,data\images\1654e51a-62b0-4421-83dd-73a13ac79de5.jpg,True,True,True,api,2026-08-14T14:21:37.306214+00:00
92424d7b-40f1-4a62-9e77-56fa58dabc90,"Après un incendie, l’air n’est pas forcément sain : les particules fines peuvent persister longtemps Les flammes ont disparu, le ciel redevient bleu et l’odeur de brûlé s’efface Pourtant, peut-on vraiment respirer sans inquiétude ? Après certains grands incendies, des particules microscopiques continuent de voyager dans l’atmosphère et transforment un paysa…",360,51,2026-08-12T15:31:00Z,Daily Geek Show,dailygeekshow.com,editorial_api,fr,unlabeled,none,https://dailygeekshow.com/wp-content/uploads/2026/08/apres-un-incendie-lair-nest-pas-forcement-sain-les-particules-fines-peuvent-persister-longtemps.webp,data\images\92424d7b-40f1-4a62-9e77-56fa58dabc90.jpg,True,True,True,api,2026-08-14T14:21:37.307218+00:00
4349eeab-2885-4119-8925-83c1e345ef88,"Les chats deviennent-ils plus dociles, ou est-ce plutôt les humains qui changent ? Vous n’êtes pas le seul : depuis plusieurs décennies, de plus en plus de gens s’attachent de plus en plus à leur chat.",201,36,2026-08-12T15:09:31Z,The Conversation Africa,theconversation.com,editorial_api,fr,unlabeled,none,https://images.theconversation.com/files/753587/original/file-20260812-50-suwfbh.jpg?ixlib=rb-4.1.1&rect=0%2C639%2C5199%2C2599&q=45&auto=format&w=1356&h=668&fit=crop,data\images\4349eeab-2885-4119-8925-83c1e345ef88.jpg,True,True,True,api,2026-08-14T14:21:37.308225+00:00
7ca38eb7-9b11-4e46-8ff1-7e1c2f39e2a7,"Pologne : une cyberattaque expose les données médicales de près de 19 millions de personnes La Pologne fait face à une crise majeure de cybersécurité, dont les conséquences pourraient se faire sentir bien au-delà du secteur de la santé ...",239,40,2026-08-12T15:05:39Z,Lalibre.be,www.lalibre.be,editorial_api,fr,unlabeled,none,https://www.lalibre.be/resizer/v2/YKH4SDQLKRAVPA2P3CL4NLGYG4.jpg?auth=9838ef0f1ce825ad82dfdfead2ebbe69b5d76d1e06810e151d22bcd788b4bd7f&width=1200&height=630&quality=85&focal=550%2C366,data\images\7ca38eb7-9b11-4e46-8ff1-7e1c2f39e2a7.jpg,True,True,True,api,2026-08-14T14:21:37.309236+00:00
59a5639f-e7a5-4261-a5cd-45370f71a85e,"En Savoie, deux personnes décédées de légionellose et 41 cas recensés depuis le mois de juin ""Une trentaine de prélèvements ont ainsi été réalisés : réseaux d’eau d’immeuble collectif, tours aéroréfrigérantes, supermarchés, restaurants, etc"", précise l'Agence Régionale de Santé d'Auvergne-Rhône-Alpes dans un communiqué.",321,43,2026-08-12T15:04:25Z,Franceinfo.fr,www.franceinfo.fr,editorial_api,fr,unlabeled,none,https://www.franceinfo.fr/pictures/CJOP48zO-5mYjA-GTolsZXm17fk/0x250:4800x2950/1500x843/2025/09/24/albertville-68d45a417a58e122148547.jpg,data\images\59a5639f-e7a5-4261-a5cd-45370f71a85e.jpg,True,True,True,api,2026-08-14T14:21:37.310247+00:00
ceee94f0-cd83-47b0-b498-ad3af1bffdf9,Éclipse solaire du 12 août : quels sont les risques pour la santé à la regarder sans lunettes spéciales Des précautions sont à prendre pour ne pas subir des lésions irréversibles.,179,31,2026-08-12T14:56:42Z,Le HuffPost,www.huffingtonpost.fr,editorial_api,fr,unlabeled,none,https://focus.huffingtonpost.fr/2026/08/05/625/0/6000/3375/1820/1023/75/0/176839d_upload-1-hm1tjos6efuz-afp-20260804-dpa-pa-260804-99-246247-dpai-v1-highres-solareclipseglasses.jpg,data\images\ceee94f0-cd83-47b0-b498-ad3af1bffdf9.jpg,True,True,True,api,2026-08-14T14:21:37.310247+00:00
8b368922-1240-425e-9718-7f9a8f4ab8fc,"""Je t'embrasse fort"": le message de Cristiano Ronaldo en soutien à Lionel Messi, en deuil après la mort de son père Après le décès de Jorge Messi, le père de Lionel, Cristiano Ronaldo a adressé un message de soutien à son ""rival"" de toujours, ce mercredi 12 août.",263,48,2026-08-12T14:53:33Z,BFMTV,rmcsport.bfmtv.com,editorial_api,fr,unlabeled,none,https://io-fsly-bfmtv.cdn.nextradiotv.com/zAeOzDmLh7n3V1Inhs4ud25TPpY=/0x92:2048x1244/images/Cristiano-Ronaldo-et-Lionel-Messi-en-2014-1518494.jpg,data\images\8b368922-1240-425e-9718-7f9a8f4ab8fc.jpg,True,True,True,api,2026-08-14T14:21:37.311753+00:00
bbbc31d1-16a1-4eb4-9f39-47b2069ba9b5,"Tuberculose dans le Val-de-Marne : deux nouveaux cas identifiés et pris en charge grâce à l’enquête d’entourage Deux nouveaux cas de tuberculose ont été confirmés à Ivry-sur-Seine (Val-de-Marne), après un premier diagnostic vendredi 7 août Une enquête d’entourage est en cours pour identifier et dépister les personnes ayant été en contact avec les malades Selon l’Agen…",370,56,2026-08-12T14:50:59Z,Ouest-France,sante.ouest-france.fr,editorial_api,fr,unlabeled,none,https://media.ouest-france.fr/v1/pictures/MjAyNjA4NTUzZWYyYzk1NTNkMzg4NTZjNzUxOTE4NDIwYWNlMDQ?width=1260&height=708&focuspoint=50%2C25&cropresize=1&client_id=bpeditorial&sign=9229cb873d077f261a46441a0090b88f2d21ac1d3e5758e660a17ec111921923,data\images\bbbc31d1-16a1-4eb4-9f39-47b2069ba9b5.jpg,True,True,True,api,2026-08-14T14:21:37.312776+00:00
929f9f80-ff4f-4cc7-86bb-a9bd691f75c0,"Précommande Pixel Watch 5 : où l’acheter au meilleur prix ? La Pixel Watch 5 est désormais disponible en précommande La montre connectée de Google double son espace de stockage, passe à Wear OS 7 et mise davantage sur Gemini Intelligence....",241,41,2026-08-12T14:49:17Z,Phonandroid,www.phonandroid.com,editorial_api,fr,unlabeled,none,https://wp-pa.phonandroid.com/uploads/2026/08/pixel-watch-5-bp.jpg,data\images\929f9f80-ff4f-4cc7-86bb-a9bd691f75c0.jpg,True,True,True,api,2026-08-14T14:21:37.314283+00:00
1095b6f1-d1e6-4605-9a73-0196c3d973b0,"Haute-Savoie Intervention en cours au lac de la Beunaz après la noyade d’un enfant de 13 ans Un enfant de 13 ans a été victime d’une noyade ce mercredi 12 août dans l’après-midi au lac de la Beunaz, sur les hauteurs de Saint-Paul-en-Chablais.",242,43,2026-08-12T14:42:00Z,Le Dauphiné Libéré,www.ledauphine.com,editorial_api,fr,unlabeled,none,https://cdn-s-www.ledauphine.com/images/66A75F4A-DE81-4E24-A143-8027A06749E7/FB1200/photo-1786545755.jpg,data\images\1095b6f1-d1e6-4605-9a73-0196c3d973b0.jpg,True,True,True,api,2026-08-14T14:21:37.315795+00:00
4c0740e4-607a-4a9a-a686-1ca7b0e5ac35,"Raphaël Glucksmann confirme avoir porté plainte après une ingérence russe le visant L'eurodéputé dénonce une opération de déstabilisation impliquant la diffusion d'une vidéo ""entièrement truquée"" visant à le discréditer à huit mois de la présidentielle de 2027.",261,37,2026-08-12T14:07:11Z,JDN,www.journaldunet.com,editorial_api,fr,unlabeled,none,https://img-0.journaldunet.com/qDKKgxkDZDYhmpybz5C6LLTyviM=/1500x/smart/d5d78a8de31e4f7b9f96ac8639931350/ccmcms-jdn/39542667.jpg,data\images\4c0740e4-607a-4a9a-a686-1ca7b0e5ac35.jpg,True,True,True,api,2026-08-14T14:21:37.316819+00:00
9028f66e-60a1-4eea-807a-ea1465275cf3,"Pixel Watch 5 : moins de latence, plus de cerveau, Google sort la montre connectée la plus aiguisée du tiroir Avec sa Pixel Watch 5, Google affine sa formule de montre connectée en misant massivement sur l’intelligence artificielle embarquée, une géolocalisation d’une meilleure précision et des fonctions de suivi médical...",325,50,2026-08-12T14:00:16Z,Phonandroid,www.phonandroid.com,editorial_api,fr,unlabeled,none,https://wp-pa.phonandroid.com/uploads/2026/08/google-pixel-watch-5-coloris.jpg,data\images\9028f66e-60a1-4eea-807a-ea1465275cf3.jpg,True,True,True,api,2026-08-14T14:21:37.316819+00:00
946f25dc-729f-4747-88fa-6f154b78b11d,"Toute l'eau de la planète a-t-elle déjà été urinée ? L'eau du robinet est-elle déjà passée par la vessie d'un dinosaure ? Le calcul existe, et il tient sur un coin de table : environ 191 millions d'années suffiraient pour uriner l'équivalent de toute l'eau terrestre Un hydrologue apporte pourtant un démenti ne…",312,53,2026-08-12T14:00:00Z,Futura,www.futura-sciences.com,editorial_api,fr,unlabeled,none,https://cdn8.futura-sciences.com/a1920/images/eau-urine-planete.png,data\images\946f25dc-729f-4747-88fa-6f154b78b11d.jpg,True,True,True,api,2026-08-14T14:21:37.317827+00:00
c761f090-9f41-4294-a745-e2f1b22da93b,La 5G devient le radar anti-drones ultime pour surveiller le ciel Et si le réseau qui alimente nos smartphones devenait le gardien invisible de notre ciel ? C’est la promesse d’une technologie qui transforme chaque antenne 5G en une sentinelle capable de repérer les drones indésirables.,287,46,2026-08-13T13:40:01Z,Génération NT,www.generation-nt.com,editorial_api,fr,unlabeled,none,https://img.generation-nt.com/drone-pexels-david-mielimonka_04B002A301703018.webp,data\images\c761f090-9f41-4294-a745-e2f1b22da93b.jpg,True,True,True,api,2026-08-14T14:21:37.318835+00:00
f2935ffa-73b1-4813-8dae-8ecd0733a3db,Encore raté : la Belgique essaie de bloquer deux géants francophones du téléchargement illégal mais se casse les dents La lutte contre le téléchargement illégal montre à nouveau ses limites en Belgique Les sites francophones Wawacity et Zone-téléchargement se jouent des mesures judiciaires de blocage et démontrent les failles du système ...,342,52,2026-08-13T13:22:22Z,Lavenir.net,www.lavenir.net,editorial_api,fr,unlabeled,none,https://www.lavenir.net/resizer/v2/N6I2UKRDAZBHPOIJ3UGCASFJRI.jpg?auth=2a2554c7699260d0dc53c6e849132fc6b644f6429d821704a59e8ba7278eedf1&width=1200&height=630&quality=85&focal=688%2C436,data\images\f2935ffa-73b1-4813-8dae-8ecd0733a3db.jpg,True,True,True,api,2026-08-14T14:21:37.320341+00:00
fae0a5f9-7f26-4e18-a7ea-6e331d040c89,"Mousseur, goutte-à-goutte, repérage des fuites… Quels sont les gestes à adopter individuellement et collectivement pour économiser l'eau ? Des restrictions d'usage de l'eau sont en vigueur en France alors que la sécheresse s'accentue sur le territoire Plusieurs solutions existent à l'échelle individuelle ou collective pour mieux utiliser cette ressource.",356,49,2026-08-13T11:42:07Z,Franceinfo.fr,www.franceinfo.fr,editorial_api,fr,unlabeled,none,https://www.franceinfo.fr/pictures/VceHuUtkPZEjVUxBGXxcem-aVWU/0x328:7233x4397/1500x843/2026/08/13/6a7d989db57ff352207194.jpg,data\images\fae0a5f9-7f26-4e18-a7ea-6e331d040c89.jpg,True,True,True,api,2026-08-14T14:21:37.322372+00:00
a71660c1-609c-4c6e-8052-eb8b5fce590f,"Mauvaise nouvelle à la pompe : le prix du litre d'essence 98 repasse au-dessus des deux euros Le litre d'essence 98 grimpera vendredi de plus de 10 centimes, alors que l'essence 95 connaîtra une hausse d'au moins 7 centimes, a annoncé jeudi le SPF Économie ...",260,46,2026-08-13T08:48:24Z,Lalibre.be,www.lalibre.be,editorial_api,fr,unlabeled,none,https://www.lalibre.be/resizer/v2/43V7NU44RRGSVNYJM2LAAUV73Q.JPG?auth=61fa2c4eb4d7addb529fea060571b2230e2c5184564fda44b7f3b68816c95893&width=1200&height=630&quality=85&focal=3024%2C2016,data\images\a71660c1-609c-4c6e-8052-eb8b5fce590f.jpg,True,True,True,api,2026-08-14T14:21:37.324380+00:00
e1418804-1b33-4496-bcea-80a1f1d10ea5,Le “pari risqué” d’Hugo De Stoop de rendre le recyclage des bateaux durable et… profitable Il y a une vie après avoir été CEO (5 et fin) | C’est le projet dans lequel s’est lancé l’ancien patron d’Euronav Sachant que 85 à 90 % de tous les grands bateaux sont démantelés sur les plages du Sud-Est asiatique de manière entièrement manuelle ...,341,62,2026-08-13T08:40:08Z,Lalibre.be,www.lalibre.be,editorial_api,fr,unlabeled,none,https://www.lalibre.be/resizer/v2/P2SOFAWMIVB37AWRNHJMSOFPZM.jpg?auth=7d0acbcbd5779606a6666bab3d49554dab7314cde8edbaf6b41597ed944bdf27&width=1200&height=630&quality=85&focal=1280%2C853,data\images\e1418804-1b33-4496-bcea-80a1f1d10ea5.jpg,True,True,True,api,2026-08-14T14:21:37.325904+00:00
0c687466-3b2c-4c37-90d0-1b3588dc1699,"Chimay: une campagne de promotion pour privilégier le commerce local Confrontés à la féroce concurrence du commerce en ligne, les commerçants chimaciens réagissent avec une campagne d’affichage et un ""Tour des commerçants et artisans"" annoncé les 19 et 20 septembre ...",269,41,2026-08-13T08:28:00Z,Lavenir.net,www.lavenir.net,editorial_api,fr,unlabeled,none,https://www.lavenir.net/resizer/v2/P26KV6FGPRGTXCLSNRLVNAGX7Q.jpg?auth=210ef604b30ec166426ba933ea9249655da2f32ac2266a1f509ea4754660f13d&width=1200&height=630&quality=85&focal=549%2C412,data\images\0c687466-3b2c-4c37-90d0-1b3588dc1699.jpg,True,True,True,api,2026-08-14T14:21:37.326411+00:00
90df3bcf-d91f-4ee7-8781-92a11641113c,"L'IA ne va pas supprimer les emplois, mais façonner à nouveau l'économie Le récent Baromètre mondial de l'emploi dans le domaine de l'IA 2026 de PwC a révélé que l'Intelligence artificielle (IA) divise le marché du travail mondial en deux voies distinctes.",256,42,2026-08-13T08:22:34Z,JDN,www.journaldunet.com,editorial_api,fr,unlabeled,none,https://img-0.journaldunet.com/1zga15BztU8VbS9mhJpK5H-H8nE=/1500x/smart/882871b717f04fda895c8257db6eeacf/user-jdn/10032789-sridhar-iyengar.jpg,data\images\90df3bcf-d91f-4ee7-8781-92a11641113c.jpg,True,True,True,api,2026-08-14T14:21:37.327429+00:00
c575b591-d5b3-400a-82d5-223c29b0ab6b,"Transhumanisme, silver économie : où les dirigeants doivent-ils vraiment investir face au vieillissement ? Face au vieillissement démographique, où investir : dans la promesse spectaculaire de la Silicon Valley, ou dans ce qui marche déjà ? Un dirigeant du secteur prend position.",280,42,2026-08-13T08:20:35Z,JDN,www.journaldunet.com,editorial_api,fr,unlabeled,none,https://img-0.journaldunet.com/krGSdxcy97yFq1G1hy_tcouIAAA=/1500x/smart/307d1e94ec5f4ae99a5943c9b1755652/user-jdn/39534267-herve-meunier.jpg,data\images\c575b591-d5b3-400a-82d5-223c29b0ab6b.jpg,True,True,True,api,2026-08-14T14:21:37.328437+00:00
4d5e25cf-5665-4219-9fa9-37bcf241c892,"Mauvaise nouvelle à la pompe : le prix du litre d'essence 98 repasse au-dessus des 2 euros, le mazout de chauffage augmente aussi Le litre d'essence 98 grimpera vendredi de plus de 10 centimes, alors que l'essence 95 connaîtra une hausse d'au moins 7 centimes, a annoncé jeudi le SPF Économie ...",296,52,2026-08-13T08:13:42Z,Lavenir.net,www.lavenir.net,editorial_api,fr,unlabeled,none,https://www.lavenir.net/resizer/v2/QF5ALHQTZFBWPIK2LG6QROUMUA.JPG?auth=3ca02f71c4fb41e0e3e90c82ea2d522fcc3da54c773f8b5057912a843a9b736f&width=1200&height=630&quality=85&focal=2664%2C1776,data\images\4d5e25cf-5665-4219-9fa9-37bcf241c892.jpg,True,True,True,api,2026-08-14T14:21:37.329448+00:00
1516807a-912e-402c-abaf-390869758ee9,"Loi AGEC : pourquoi la conformité est devenue un enjeu de compétitivité pour les entreprises La réglementation environnementale ne cesse de gagner en complexité Loi AGEC, nouvelles filières de Responsabilité Élargie du Producteur (REP), règlement européen sur l’écoconception, futur règlement sur les emballages (PPWR), restrictions sur les substances…",352,48,2026-08-13T08:00:00Z,Challenges,www.challenges.fr,editorial_api,fr,unlabeled,none,https://www.challenges.fr/_ipx/f_jpg&enlarge_true&s_1200x630/cha/static/2026-08/59894.HR_0.jpg%3FVersionId=6AljbJWv3VSZuNeU_0WeK_8CdFPYSzQy,data\images\1516807a-912e-402c-abaf-390869758ee9.jpg,True,True,True,api,2026-08-14T14:21:37.330565+00:00
4b32ba0e-2e72-4650-bc43-27b81332a918,"Banques : jusqu’où ira le “faites-le vous-même” ? Guichets supprimés, agences fermées, opérations et sécurité reportées sur les utilisateurs : la digitalisation bancaire transforme profondément la relation avec les clients Moderniser est légitime, à condition de ne pas leur transférer toujours plus de respo…",309,44,2026-08-13T07:44:40Z,Lalibre.be,www.lalibre.be,editorial_api,fr,unlabeled,none,https://www.lalibre.be/resizer/v2/GXUGZHCNDFCFVDM675JYZIYTQI.jpg?auth=d55eeabd56c306571d76af80c0cbcf5db756930e00889de518fc89e6de577750&width=1200&height=630&quality=85&focal=373%2C249,data\images\4b32ba0e-2e72-4650-bc43-27b81332a918.jpg,True,True,True,api,2026-08-14T14:21:37.331573+00:00
044892c8-033c-4a8f-adf8-6801258feb85,"Un rapport de l'IGF et de l'IGAS propose 4,2 milliards d'euros d'économies sur les aides sociales et avantages fiscaux des familles Un rapport commandé par le gouvernement identifie des mesures prioritaires pour rationaliser et réduire le coût des politiques familiales, jugées peu cohérentes et peu efficaces.",310,46,2026-08-13T07:18:42Z,JDN,www.journaldunet.com,editorial_api,fr,unlabeled,none,https://img-0.journaldunet.com/u6oO15HBcjPPNO2DJbPvQU6LCG8=/1500x/smart/cc7e6596a09e47bbbcd4b26a621b7ee2/ccmcms-jdn/39542687.jpg,data\images\044892c8-033c-4a8f-adf8-6801258feb85.jpg,True,True,True,api,2026-08-14T14:21:37.334106+00:00
d0580282-4184-4ed9-a9d0-525488944756,"En Syrie, le difficile retour des réfugiés: ""Il faut réapprendre à vivre ensemble, s’apprivoiser"" Depuis la chute de Bachar Al-Assad, des centaines de milliers de Syriens retrouvent leur village après des années passées au Liban, en Turquie ou dans les camps de déplacés d’Idlib Certains reviennent après quinze années d’exil qui ont transformé leur quotid…",357,55,2026-08-13T04:32:15Z,Lalibre.be,www.lalibre.be,editorial_api,fr,unlabeled,none,https://www.lalibre.be/resizer/v2/QDT2D52PT5FYPBTIRUQFUORAKA.jpg?auth=cae07f648fac61dce5499492f775c09144872ceaac927b649c95dd3fb2c7087f&width=1200&height=630&quality=85&focal=2953%2C2214,data\images\d0580282-4184-4ed9-a9d0-525488944756.jpg,True,True,True,api,2026-08-14T14:21:37.336844+00:00
3ff68675-0c86-4403-997c-2515a048ccec,"Le castor, notre allié face à la sécheresse Barrages naturels, recharge des nappes, maintien de l’humidité des sols : le petit mammifère est un remarquable ingénieur des écosystèmes L’Europe aurait intérêt à s’appuyer davantage sur ce “bio-ingénieur” pour affronter les dérèglements climatiques ...",298,43,2026-08-12T14:11:08Z,Lalibre.be,www.lalibre.be,editorial_api,fr,unlabeled,none,https://www.lalibre.be/resizer/v2/KBYBA7PBUNFJBKMWA6GFFWKBQI.jpg?auth=ee8b8358c3655b552a82cd511c31ad161aaa9cc4d81ab5113feb8930854cbb3b&width=1200&height=630&quality=85&focal=1505%2C1293,data\images\3ff68675-0c86-4403-997c-2515a048ccec.jpg,True,True,True,api,2026-08-14T14:21:37.340065+00:00
e130c2aa-e4dc-4e94-8794-0686f1e3fb6d,"Le séquencement des politiques climatiques : quand l’ordre des priorités devient une question de survie économique Face au changement climatique, la question n’est pas tant de choisir entre l’adaptation ou l’atténuation, mais de déterminer dans quel ordre ces politiques peuvent être menées.",291,42,2026-08-12T13:19:54Z,The Conversation Africa,theconversation.com,editorial_api,fr,unlabeled,none,https://images.theconversation.com/files/750878/original/file-20260729-57-jkfapk.jpg?ixlib=rb-4.1.1&rect=0%2C511%2C6123%2C3061&q=45&auto=format&w=1356&h=668&fit=crop,data\images\e130c2aa-e4dc-4e94-8794-0686f1e3fb6d.jpg,True,True,True,api,2026-08-14T14:21:37.342089+00:00
c4884b83-ad31-4f95-93c1-4082aa289f59,"DIRECT - Suivez l'éclipse solaire totale de ce mercredi 12 août en vidéo : ""Ça sera sûrement la dernière fois, alors il faut en profiter"" Suivez en direct dès 19h l'éclipse solaire totale sur le site de La Libre dans la vidéo ci-dessous ...",240,44,2026-08-12T12:27:48Z,Lalibre.be,www.lalibre.be,editorial_api,fr,unlabeled,none,https://www.lalibre.be/resizer/v2/UFNZD4COK5DBHPG26WYN6JKI3Q.jpg?auth=4c825d199844aa9f57b7655d87633e9f7c875d50759e9ce4f7fe4470ff9bafd7&width=1200&height=630&quality=85&focal=2250%2C1500,data\images\c4884b83-ad31-4f95-93c1-4082aa289f59.jpg,True,True,True,api,2026-08-14T14:21:37.343092+00:00
ef6d8bd4-34bc-4b29-be17-96d0cbad23cc,Un nouveau statut juridique voit le jour pour protéger les “vrais” libraires-presse indépendants de la concurrence déloyale Ce nouveau cadre juridique permettra de mieux encadrer le secteur Il est le résultat de dix ans de combat de la fédération nationale des libraires-presse belges indépendants ...,301,45,2026-08-12T10:43:23Z,Lalibre.be,www.lalibre.be,editorial_api,fr,unlabeled,none,https://www.lalibre.be/resizer/v2/FTTZ3WVWMFBGXLUNBB5OOLFCZM.jpg?auth=9ba63373744e8d31f695ee73c2b73d650029d9cdfda3304324c85a426544ec10&width=1200&height=630&quality=85&focal=2233%2C1489,data\images\ef6d8bd4-34bc-4b29-be17-96d0cbad23cc.jpg,True,True,True,api,2026-08-14T14:21:37.344598+00:00
d6ae8251-9de5-40d0-9503-dcf116fe2387,"Lukaku, Trossard, Salah… Les vérités sur l’argent du football turc : “Les grands clubs sont lourdement endettés” (VIDEO) Alors que Romelu Lukaku débarque en Turquie, se pose la question de la puissance économique des clubs de Süper Lig ...",239,39,2026-08-12T07:58:08Z,dh.be,www.dhnet.be,editorial_api,fr,unlabeled,none,https://www.dhnet.be/resizer/v2/GCGBFSOK4RC63JMOZNJZ2SU22M.jpg?auth=e443e12fe4d64875bee5955eddbe0ad3be06c364aa3c6e4f4975642cc9586a3a&width=1200&height=630&quality=85&focal=809%2C600,data\images\d6ae8251-9de5-40d0-9503-dcf116fe2387.jpg,True,True,True,api,2026-08-14T14:21:37.345103+00:00
53981950-e3ab-40dc-a6db-06d76cbde155,Pourquoi la sérénité est la compétence managériale la plus sous-estimée Quel conseil donnerait un ancien Chef de délégation du CICR au manager qu'il était à 20 ans ? Un seul mot : sérénité Et une explication qui change tout.,224,39,2026-08-12T07:40:34Z,JDN,www.journaldunet.com,editorial_api,fr,unlabeled,none,https://img-0.journaldunet.com/BSVAFi7CsUAu-uNvEhUFGOU9CR4=/1500x/smart/9295e5c3fa5f47b08d5d5c2b604d742c/user-jdn/39540894-clementine-olivier.jpg,data\images\53981950-e3ab-40dc-a6db-06d76cbde155.jpg,True,True,True,api,2026-08-14T14:21:37.346621+00:00
2e056819-0b1f-47d4-be89-31effba66e2f,EcoFlow brade sa station électrique DELTA 2 Max de 2 048 Wh : -250 € sur le site officiel L'EcoFlow DELTA 2 Max est une station électrique portable de 2 048 Wh capable d'alimenter la quasi-totalité de vos appareils grâce à ses 2 400 W de puissance (3 100 W en X-Boost) Elle passe de 1 199 euros à 949 euros directement sur le site EcoFlow.,339,66,2026-08-12T06:25:00Z,Frandroid,www.frandroid.com,editorial_api,fr,unlabeled,none,"https://c0.lestechnophiles.com/images.frandroid.com/wp-content/uploads/2026/08/ecoflow-delta-2-max.jpg?resize=1600,900&key=97d4b043",data\images\2e056819-0b1f-47d4-be89-31effba66e2f.jpg,True,True,True,api,2026-08-14T14:21:37.347705+00:00
56f01b42-fff6-460f-9209-56045b49e06d,"TotalEnergies, Eni, Shell… Comment la crise d’Ormuz profite aux majors, y compris en Afrique Grâce à l’envol des cours et à la progression des marges de raffinage, les résultats financiers des géants des hydrocarbures sont en nette progression Les cartes sont rebattues à l’échelle mondiale, et l’attractivité du continent augmente.",332,50,2026-08-12T06:05:03Z,Jeune Afrique,www.jeuneafrique.com,editorial_api,fr,unlabeled,none,"https://prod.cdn-medias.jeuneafrique.com/cdn-cgi/image/q=auto,f=auto,metadata=none,width=1280,height=720,fit=cover,gravity=0.5000x0.5000/https://prod.cdn-medias.jeuneafrique.com/medias/2026/08/11/jad20260811-eco-petrole-bp-total-shell-majors-afrique.jpg",data\images\56f01b42-fff6-460f-9209-56045b49e06d.jpg,True,True,True,api,2026-08-14T14:21:37.349279+00:00
2420c2cd-48bf-4177-be4b-1335238ea1ba,"Voilà pourquoi certains vont attendre leurs nouveaux Dacia Duster beaucoup plus longtemps que prévu Ce sont des choses qui peuvent arriver assez facilement dans notre économie où la plupart des marchandises transitent par camions sur de longues distances : si vous attendez la livraison d’un Dacia Duster dans les prochains jours, il est possible que vous rec…",360,57,2026-08-11T18:06:40Z,Caradisiac.com,www.caradisiac.com,editorial_api,fr,unlabeled,none,https://images.caradisiac.com/logos/5/5/3/8/295538/S8-voila-pourquoi-certains-vont-attendre-leurs-nouveaux-dacia-duster-beaucoup-plus-longtemps-que-prevu-223510.jpg,data\images\2420c2cd-48bf-4177-be4b-1335238ea1ba.jpg,True,True,True,api,2026-08-14T14:21:37.350838+00:00
8fbd6ec1-adfd-46a1-a16e-0780220be753,"- Santé des écoliers : le cri d'alarme du Dr Albert ZE À l'approche de la rentrée, le Dr Albert ZE dénonce l'absence de politique de santé scolaire au Cameroun 29% des enfants souffrent de retard de croissance, seu...",217,39,2026-08-11T16:06:50Z,Camer.be,www.camer.be,editorial_api,fr,unlabeled,none,https://www.camer.be/storage/photos/shares/cameroun/Albert-Ze170424500.jpg,data\images\8fbd6ec1-adfd-46a1-a16e-0780220be753.jpg,True,True,True,api,2026-08-14T14:21:37.351855+00:00
c5fa4994-5639-46d1-9e4b-aa74bd014a68,Gestion des déchets et économie circulaire : le savoir-faire se trouve au Sud Bien des pays du Sud ont développé depuis longtemps les pratiques associées à l’économie circulaire Les pays du Nord pourraient s’en inspirer.,220,35,2026-08-11T14:29:08Z,The Conversation Africa,theconversation.com,editorial_api,fr,unlabeled,none,https://images.theconversation.com/files/745771/original/file-20260702-71-xrskb.jpeg?ixlib=rb-4.1.1&rect=0%2C292%2C3503%2C1751&q=45&auto=format&w=1356&h=668&fit=crop,data\images\c5fa4994-5639-46d1-9e4b-aa74bd014a68.jpg,True,True,True,api,2026-08-14T14:21:37.352863+00:00
101ebd1a-ed28-4905-8dac-7609a08edbf5,"Durant la Renaissance, le retour des papes à Rome créa une ère de construction de palais sans précédent pour la « Ville éternelle » Près de 31 % des palais de Rome furent construits entre 1378 et 1599, après un siècle de stagnation économique Comment expliquer un tel phénomène urbanistique ?",292,51,2026-08-11T14:28:04Z,The Conversation Africa,theconversation.com,editorial_api,fr,unlabeled,none,https://images.theconversation.com/files/751169/original/file-20260730-50-6hn4vc.png?ixlib=rb-4.1.1&rect=122%2C0%2C1785%2C892&q=45&auto=format&w=1356&h=668&fit=crop,data\images\101ebd1a-ed28-4905-8dac-7609a08edbf5.png,True,True,True,api,2026-08-14T14:21:37.354884+00:00
3f0a04a3-b766-4343-89c3-6cbaaefad0e1,Pixel 11 Pro XL : voici un aperçu de ses performances et de la fonction HiLight à l’œuvre Un benchmark du Pixel 11 Pro XL nous donne une première idée des performances de la puce Tensor G6 Une prise en main anticipée nous montre aussi la nouvelle fonction HiLight.,264,49,2026-08-11T13:37:23Z,Phonandroid,www.phonandroid.com,editorial_api,fr,unlabeled,none,https://wp-pa.phonandroid.com/uploads/2026/08/Google-Pixel-11-Pro-XL.jpg,data\images\3f0a04a3-b766-4343-89c3-6cbaaefad0e1.jpg,True,True,True,api,2026-08-14T14:21:37.355901+00:00
e6330d5c-899a-4b6b-905c-62fa45920724,"La NASA et Gravitics préparent un hangar orbital pour récupérer les matériaux produits en microgravité Renvoyer des colis depuis l'espace pourrait bientôt devenir aussi simple que de les déposer à un point relais C'est le pari audacieux d'une start-up américaine qui s'apprête à concevoir, avec le soutien de l'agence spatiale américaine, un véritable entrepôt …",362,55,2026-08-11T12:25:02Z,Génération NT,www.generation-nt.com,editorial_api,fr,unlabeled,none,https://img.generation-nt.com/gravitics-porte-satellite-module-spatial_04B002A301705379.webp,data\images\e6330d5c-899a-4b6b-905c-62fa45920724.jpg,True,True,True,api,2026-08-14T14:21:37.356906+00:00
189dacaa-cc7f-4ca2-b61a-5e68187f0f3a,"Les États-Unis sont en guerre depuis 249 ans, soit 91% de leur histoire Tucker Carlson dit : on arrête !, par Alfredo Jalife-Rahme Le journaliste Tucker Carlson, aujourd'hui le plus écouté aux États-Unis, a dénoncé l'addiction à la guerre de sa propre patrie Avec le groupe de personnalités qui se rassemblent derrière lui, il espère désintoxiquer les États-Unis de leur maladie.",379,61,2026-08-11T11:46:48Z,Red Voltaire,www.voltairenet.org,editorial_api,fr,unlabeled,none,https://www.voltairenet.org/IMG/logo/1000_-_1_1_-4.jpg?1786448721,data\images\189dacaa-cc7f-4ca2-b61a-5e68187f0f3a.jpg,True,True,True,api,2026-08-14T14:21:37.358913+00:00
86f32eed-f606-44db-a3b3-f8dfbe145eaf,"Les éditeurs ont une bonne raison de vouloir tuer le jeu vidéo physique Sur le marché du jeu vidéo, le disque apparaît désormais comme un format en danger critique (étape qui précède les phases « disparu au niveau régional », « éteint au niveau national », puis « éteint au niveau international », pour reprendre la liste rouge de …",332,60,2026-08-11T11:13:21Z,Comptoir-hardware.com,www.comptoir-hardware.com,editorial_api,fr,unlabeled,none,https://www.comptoir-hardware.com/images/stories/_jeux_videos/disques-ps4.jpg,data\images\86f32eed-f606-44db-a3b3-f8dfbe145eaf.jpg,True,True,True,api,2026-08-14T14:21:37.358913+00:00
c6007ce3-5467-4201-b2a8-3fa4a81cdb16,"EcoFlow RAPID Pro X : l’une des batteries externes les plus puissantes du marché est en promotion L'EcoFlow RAPID Pro X est la batterie externe la plus musclée de la gamme RAPID, avec ses 27 650 mAh et 300 W de puissance en sortie Elle est actuellement proposée à 194 euros au lieu de 239,99 euros sur le site de la marque.",323,62,2026-08-11T09:35:00Z,Frandroid,www.frandroid.com,editorial_api,fr,unlabeled,none,"https://c0.lestechnophiles.com/images.frandroid.com/wp-content/uploads/2026/08/ecoflow-rapid-pro-x.jpg?resize=1600,900&key=a1003ef6",data\images\c6007ce3-5467-4201-b2a8-3fa4a81cdb16.jpg,True,True,True,api,2026-08-14T14:21:37.362983+00:00
3e9a0cdd-42a5-4f28-adb7-80049e731bbe,"Comment Coca-Cola et Pepsi se livrent une bataille d’embouteilleurs sur le continent Leader historique du marché des boissons gazeuses, le géant d’Atlanta se voit bousculé par son compatriote Pepsi, allié à l’indien Varun Beverages Entre les deux géants, la compétition tourne au bras de fer entre embouteilleurs.",313,47,2026-08-11T08:06:34Z,Jeune Afrique,www.jeuneafrique.com,editorial_api,fr,unlabeled,none,"https://prod.cdn-medias.jeuneafrique.com/cdn-cgi/image/q=auto,f=auto,metadata=none,width=1280,height=720,fit=cover/https://prod.cdn-medias.jeuneafrique.com/medias/2019/07/22/sipa_ap22356492_000009.jpg",data\images\3e9a0cdd-42a5-4f28-adb7-80049e731bbe.jpg,True,True,True,api,2026-08-14T14:21:37.363985+00:00
211fc4ca-9e30-4c9d-9fb2-81f945329b99,"”Le Web a pris la mauvaise direction” : Tim Berners-Lee, l’inventeur du Web, redoute désormais les dérives de l’IA L’informaticien qui a rendu Internet gratuit et accessible à tous dans les années 90 en est aujourd’hui l’un de ses plus sévères critiques Face aux perturbations de l’IA, le septuagénaire, incorrigible optimiste, veut croire que “rien n’est joué” ...",365,58,2026-08-11T08:02:07Z,Lalibre.be,www.lalibre.be,editorial_api,fr,unlabeled,none,https://www.lalibre.be/resizer/v2/4XZC3KTEXJGSPEYCCFKXIUHCBY.jpg?auth=4a08ed251a4fe4f7ece46a7e6f086f309b09bce931c9a839ec3a6f604db46023&width=1200&height=630&quality=85&focal=1944%2C1296,data\images\211fc4ca-9e30-4c9d-9fb2-81f945329b99.jpg,True,True,True,api,2026-08-14T14:21:37.366012+00:00
8868214b-e33f-4885-9ac8-7957c95f6151,"Course à l’IA en Chine : une menace pour le plus grand marché mondial de l’emploi Face au vieillissement accéléré de sa population et au recul de sa main-d’œuvre, la Chine fait le pari massif de l’intelligence artificielle et de la robotisation pour préserver sa puissance industrielle Mais cette fuite en avant technologique pourrait aussi…",341,55,2026-08-11T07:55:00Z,Atlantico.fr,atlantico.fr,editorial_api,fr,unlabeled,none,https://atlantico.codexcdn.net/assets/asv3no6QB4pQBWRar.jpg?width=1600&height=900&quality=75,data\images\8868214b-e33f-4885-9ac8-7957c95f6151.jpg,True,True,True,api,2026-08-14T14:21:37.366732+00:00
f4f18974-3ab8-4cb7-8fd5-0311f3d16357,"Économie IA : ce consortium d’entreprises françaises en première ligne dans les investissements européens Face à l’appel d’offres lancé par l’UE pour la construction de sept « giga-fabriques » de l’IA, AION, un consortium des plus grandes entreprises françaises expertes dans le domaine, veut s’assurer qu’une de ces fabriques se développe sous pavillon tricolore.",364,54,2026-08-11T07:00:00Z,Le Dauphiné Libéré,www.ledauphine.com,editorial_api,fr,unlabeled,none,https://cdn-s-www.ledauphine.com/images/4EC02381-F093-44DC-94A0-55E218F7B136/FB1200/photo-1786389905.jpg,data\images\f4f18974-3ab8-4cb7-8fd5-0311f3d16357.jpg,True,True,True,api,2026-08-14T14:21:37.367747+00:00
952cf744-1d4f-419a-9ab8-9beebf02e95c,Donald Trump adore qualifier les démocrates de « communistes » mais c’est lui qui agit comme tel Le président américain s’est approprié des moyens de production américains -soit la définition du communisme- tout en qualifiant de « communistes » pratiquement tous ses rivaux.,274,43,2026-08-11T04:30:04Z,Le HuffPost,www.huffingtonpost.fr,editorial_api,fr,unlabeled,none,https://focus.huffingtonpost.fr/2026/07/05/213/0/5478/3081/1820/1023/75/0/ae9784a_upload-1-msj2dtefn7r8-afp-20260705-b9ak4dh-v2-highres-776524245.jpg,data\images\952cf744-1d4f-419a-9ab8-9beebf02e95c.jpg,True,True,True,api,2026-08-14T14:21:37.368823+00:00
a97e80fe-596d-4931-a3b9-d90812271f20,"Cuba et le Venezuela sur la voie de “l’autoritarisme de marché” Pour éviter de subir le même sort que l’URSS, où la perestroïka a abouti à l’effondrement du régime soviétique, Caracas et La Havane cherchent à concilier l’ouverture de l’économie et le maintien de régimes politiques fermés, analyse ce chercheur en sciences …",324,53,2026-08-11T03:00:10Z,Courrier International,www.courrierinternational.com,editorial_api,fr,unlabeled,none,https://focus.courrierinternational.com/2026/07/29/0/2/5388/3592/1200/630/60/0/9b7ffff_ftp-1-uaanhcum466e-afp-c3gm6jf.jpg,data\images\a97e80fe-596d-4931-a3b9-d90812271f20.jpg,True,True,True,api,2026-08-14T14:21:37.369859+00:00
fb828728-9a91-4b70-8674-f4bf01f96234,"- Succession de Biya : le Cameroun va-t-il décoller ? Me Christian Bomo Ntimbane prédit qu'après la fin du régime de Paul Biya, le Cameroun connaîtra un boom économique et rattrapera l'Afrique du Sud en cinq ans U...",216,38,2026-08-10T23:54:08Z,Camer.be,www.camer.be,editorial_api,fr,unlabeled,none,https://www.camer.be/storage/photos/26/Monde/Impots201124500.jpg,data\images\fb828728-9a91-4b70-8674-f4bf01f96234.jpg,True,True,True,api,2026-08-14T14:21:37.370864+00:00
b0737ee2-9ea2-4305-8434-f6b2da4725d8,"À vendre : les coulisses d’un empire du pari Un vendeur du dark web propose accès casino, bases de joueurs et données crypto dans un catalogue spécialisé.",154,27,2026-08-10T20:30:27Z,Zataz.com,www.zataz.com,editorial_api,fr,unlabeled,none,https://www.zataz.com/wp-content/uploads/casinos_gambling_leak.jpg,data\images\b0737ee2-9ea2-4305-8434-f6b2da4725d8.jpg,True,True,True,api,2026-08-14T14:21:37.371868+00:00
9992a617-1026-46fb-825e-13414a099b92,"FrenchNews-7 — corpus annoté de presse française **FrenchNews-7** est un jeu de données de référence pour la **classification par rubriques rédactionnelles d'articles de presse française** Il recense **87 637 articles annotés**, publiés par **13 éditeurs français** entre le **14 avril 2005** et le **12 mar…",308,45,2026-08-10T17:38:54Z,Gouv.fr,www.data.gouv.fr,editorial_api,fr,unlabeled,none,"https://www.data.gouv.fr/_og/d/c_ObjectPage.takumi,objectTitle_~RnJlbmNoTmV3cy03IOKAlCBjb3JwdXMgYW5ub3TDqSBkZSBwcmVzc2UgZnJhbsOnYWlzZQ,orgName_Le+French+News+Lab,orgLogo_~aHR0cHM6Ly91ZGF0YS1hdmF0YXJzLnMzLnJieC5pby5jbG91ZC5vdmgubmV0L2FlLzAyMDFjZDY2ODg0ZjUzOTk5NjE5MTYwOGJhZWQ0NC0xMDAucG5n,views_0,downloads_0,reuses_0,followers_0,p_Ii9kYXRhc2V0cy9mcmVuY2huZXdzLTctY29ycHVzLWFubm90ZS1kZS1wcmVzc2UtZnJhbmNhaXNlIg,s_DcBjSskB1iNWhFTY.png",,True,False,True,api,2026-08-14T14:21:37.371868+00:00
b251458d-ec84-4b2a-a06b-4063a53c04bb,"Économie Revolut obtient sa licence bancaire en France : ce que ça change pour la néobanque et ses clients Avec avoir conquis plus de huit millions de clients, Revolut vient d’obtenir une licence bancaire en France Elle est désormais autorisée à octroyer des crédits et proposer des produits d’épargne.",302,49,2026-08-10T17:30:00Z,Le Dauphiné Libéré,www.ledauphine.com,editorial_api,fr,unlabeled,none,https://cdn-s-www.ledauphine.com/images/161B07F4-EEC2-4B0C-8B33-96EAFDD16CDD/FB1200/photo-1786381178.jpg,data\images\b251458d-ec84-4b2a-a06b-4063a53c04bb.jpg,True,True,True,api,2026-08-14T14:21:37.372872+00:00
cdddb8f2-ac2c-4fd0-9fa0-445f3508dd5b,"La sécheresse fait réapparaître dans le Danube des dizaines de navires allemands coulés en 1944 À Prahovo, en Serbie, le Danube révèle un spectacle presque irréel : des navires militaires allemands rouillent à l’air libre après huit décennies sous l’eau Pourquoi ces épaves réapparaissent-elles aujourd’hui, et pourquoi leur retour inquiète-t-il autant h…",355,52,2026-08-10T16:02:00Z,Daily Geek Show,dailygeekshow.com,editorial_api,fr,unlabeled,none,https://dailygeekshow.com/wp-content/uploads/2026/08/la-secheresse-fait-reapparaitre-dans-le-danube-des-dizaines-de-navires-allemands-coules-en-1944.webp,data\images\cdddb8f2-ac2c-4fd0-9fa0-445f3508dd5b.jpg,True,True,True,api,2026-08-14T14:21:37.374892+00:00
bc854413-c4e5-4dfa-b2dd-464ab648ebe9,Essai Genesis Electrified GV70 : nouveau SUV premium électrique Il suffit de passer quelques minutes au volant d’une Genesis pour comprendre que la marque ne joue plus… L’article Essai Genesis Electrified GV70 : nouveau SUV premium électrique est apparu en premier sur BlogAutomobile.,284,43,2026-08-10T16:00:00Z,Blogautomobile.fr,blogautomobile.fr,editorial_api,fr,unlabeled,none,https://blogautomobile.fr/wp-content/uploads/2026/08/IMG_6395.webp,data\images\bc854413-c4e5-4dfa-b2dd-464ab648ebe9.jpg,True,True,True,api,2026-08-14T14:21:37.376019+00:00
42879d62-bed6-4c54-a845-524a47efb4bd,"Le Hezbollah à court d'argent ? La guerre financière menée par Israël et les Etats-Unis A coups de frappes et de pression sur les institutions libanaises, Israël et les Etats-Unis tentent d'asphyxier financièrement le Hezbollah et d'affaiblir durablement son influence au Liban.",278,42,2026-08-10T15:52:22Z,L'Express,www.lexpress.fr,editorial_api,fr,unlabeled,none,https://www.lexpress.fr/resizer/v2/JWPFUST7XBCWHNXPCV7FH2FMMU.JPG?auth=5bdf3441928e88b5f8d086c15be328a1f555436e8bf99d3e09941887abb84a54&width=1200&height=630&quality=85&smart=true,data\images\42879d62-bed6-4c54-a845-524a47efb4bd.jpg,True,True,True,api,2026-08-14T14:21:37.377022+00:00
a121c7ab-e267-4101-a44f-7f20f036274c,"« La Chine est la nouvelle OPEP » : comment Pékin a évité l’explosion des cours du pétrole malgré la guerre en Iran Alors que la guerre en Iran menaçait d’expédier le baril de pétrole à 150 dollars, le marché mondial a résisté En coupant drastiquement ses importations grâce à ses réserves massives et à son économie dirigée, la Chine s’est imposée comme le véritable maître…",375,66,2026-08-10T15:30:00Z,Challenges,www.challenges.fr,editorial_api,fr,unlabeled,none,https://www.challenges.fr/_ipx/f_jpg&enlarge_true&s_1200x630/cha/static/2026-08/59873.HR_0.jpg%3FVersionId=VXesP4qgOzj4CXBFNJiF_KtCh6e3GLfE,data\images\a121c7ab-e267-4101-a44f-7f20f036274c.jpg,True,True,True,api,2026-08-14T14:21:37.379023+00:00
a9e865e9-9a88-4b81-aa98-7d8bc78d5445,"Wall Street ouvre dans le calme, avec deux dossiers à surveiller Les investisseurs temporisent avant plusieurs rendez-vous importants cette semaine ...",151,21,2026-08-10T14:00:34Z,Lalibre.be,www.lalibre.be,editorial_api,fr,unlabeled,none,https://www.lalibre.be/resizer/v2/HOEAYYGGYBF3PFV73QLW5EJZUE.jpg?auth=8ecb40c1c7eaa8a8ad4171544cc0451ee92a1773c72a220b65db3742dbb571b1&width=1200&height=630&quality=85&focal=4207%2C2804,data\images\a9e865e9-9a88-4b81-aa98-7d8bc78d5445.jpg,True,True,True,api,2026-08-14T14:21:37.380023+00:00
5d674014-f269-4a91-a97d-2f8d6c104f39,"Chaleur, eau, électricité : et si les déchets des data centers devenaient des ressources (ou vice versa) ? Que deviennent les ressources transformées et rejetées par les data centers ? Pourrait-on intégrer ces infrastructures numériques dans les réseaux existants, de façon à réutiliser ces ressources ?",303,46,2026-08-10T13:24:43Z,The Conversation Africa,theconversation.com,editorial_api,fr,unlabeled,none,https://images.theconversation.com/files/747496/original/file-20260713-56-e0r30j.jpg?ixlib=rb-4.1.1&rect=0%2C259%2C1161%2C580&q=45&auto=format&w=1356&h=668&fit=crop,data\images\5d674014-f269-4a91-a97d-2f8d6c104f39.jpg,True,True,True,api,2026-08-14T14:21:37.382024+00:00
0037c11d-f7fe-4ddb-8d8a-f32cbbe8f194,"A7, la ""banque fantôme"" de la Russie pour contourner les sanctions occidentales Bâtie sur un réseau de cryptomonnaies et de sociétés écrans, A7 joue un rôle central pour permettre à Moscou de continuer à se procurer des biens et financer son effort de guerre.",259,44,2026-08-10T13:14:17Z,L'Express,www.lexpress.fr,editorial_api,fr,unlabeled,none,https://www.lexpress.fr/resizer/v2/DZFTQMDHBBCPNASCW4T5LUNDCU.jpg?auth=86537ff39c5a0bde5b3634650fa63db00b9fa09c7677641982ef492e1a1222ce&width=1200&height=630&quality=85&smart=true,data\images\0037c11d-f7fe-4ddb-8d8a-f32cbbe8f194.jpg,True,True,True,api,2026-08-14T14:21:37.383024+00:00
2ab6253c-1bcc-4592-9555-6bdb4676e4d6,"Microsoft augmente le coût des licences Windows 11, le prix des PC va encore grimper RAM, stockage, carte graphique.. l'évolution du coût des composants a fait augmenter le tarif des PC ces derniers mois Et la hausse du prix des licences Windows 11 facturées par Microsoft ne va rien arranger.",293,50,2026-08-10T12:22:18Z,Phonandroid,www.phonandroid.com,editorial_api,fr,unlabeled,none,https://wp-pa.phonandroid.com/uploads/2026/01/Windows-11.jpg,data\images\2ab6253c-1bcc-4592-9555-6bdb4676e4d6.jpg,True,True,True,api,2026-08-14T14:21:37.384024+00:00
4f4d4cbb-80f5-4177-bdec-9b1dd5ecd6e8,"Économie Trente-cinq après, un parc Dragon Ball pourrait venir remplacer l'échec Mirapolis Le site abandonné du parc d'attractions Mirapolis pourrait reprendre vie, trente-cinq ans après Un projet autour du manga Dragon Ball ferait l'objet de discussions entre l'Élysée et le fonds public d'investissement saoudien.",315,44,2026-08-10T11:07:00Z,Le Dauphiné Libéré,www.ledauphine.com,editorial_api,fr,unlabeled,none,https://cdn-s-www.ledauphine.com/images/30DDD75B-D529-4DC9-A2E6-C2C9BAA8E3E9/FB1200/photo-1786360039.jpg,data\images\4f4d4cbb-80f5-4177-bdec-9b1dd5ecd6e8.jpg,True,True,True,api,2026-08-14T14:21:37.385031+00:00
ae5c8a53-05af-46ad-a8dc-646626c25d9c,"""C’est l’histoire de beaucoup d’entre nous"" : en Grèce, les jeunes expatriés sont de retour au pays Après des années de crise économiques, la Grèce apparaît désormais bien plus attrayante pour les jeunes hautement diplômés qui ont quitté le pays.",246,40,2026-08-10T11:06:17Z,Franceinfo.fr,www.franceinfo.fr,editorial_api,fr,unlabeled,none,https://www.franceinfo.fr/pictures/ZwwueBk2rLMMgYE3GH-IPxOa-Lc/0x235:4893x2985/1500x843/2020/01/27/phpffoJFM.jpg,data\images\ae5c8a53-05af-46ad-a8dc-646626c25d9c.jpg,True,True,True,api,2026-08-14T14:21:37.386804+00:00
1bf87236-f4b1-448c-9eb0-7952aee5db02,"Pétrole : « L’Afrique reste vulnérable à l’instabilité des coûts d’importation » Kamel Koné, entrepreneur et président du lobby ivoirien du pétrole et du gaz, appelle à un sursaut panafricain pour la structuration d’un « écosystème énergétique plus résilient sur le long terme », à même de résister à des crises comme celle en cours dans le…",341,57,2026-08-10T11:05:02Z,Jeune Afrique,www.jeuneafrique.com,editorial_api,fr,unlabeled,none,"https://prod.cdn-medias.jeuneafrique.com/cdn-cgi/image/q=auto,f=auto,metadata=none,width=1280,height=720,fit=cover,gravity=0.5845x0.2742/https://prod.cdn-medias.jeuneafrique.com/medias/2026/08/04/jad20260804-eco-kamel-kone.jpg",data\images\1bf87236-f4b1-448c-9eb0-7952aee5db02.jpg,True,True,True,api,2026-08-14T14:21:37.387318+00:00
a3ec478c-cbf7-4b21-8c82-1d691b546a22,"Les meilleures entreprises du logistique en France pour l’export L’internationalisation rapide du e-commerce français transforme le paysage pour de nombreux marchands qui tentent leur chance sur des marchés comme l’Allemagne, l’Espagne ou encore les États-Unis La gestion des chaînes d'approvisionnement ne cesse de se comp…",324,45,2026-08-10T10:00:00Z,Les Numériques,www.lesnumeriques.com,editorial_api,fr,unlabeled,none,https://cdn.lesnumeriques.com/optim/native/26/260198/46c36211-les-meilleures-entreprises-du-logistique-en-france-pour-l-export__1200_678__0-29-2133-1148.jpg,data\images\a3ec478c-cbf7-4b21-8c82-1d691b546a22.jpg,True,True,True,api,2026-08-14T14:21:37.388328+00:00
043d762f-2c78-4dd5-a1f9-e71e9ba89bfb,"Au Sénégal, Petrosen en campagne pour reconquérir les investisseurs Sitôt installé à la tête de la Société nationale des pétroles du Sénégal, Thierno Seydou Ly place la reconquête des investisseurs au cœur de sa feuille de route pour relancer les projets majeurs.",263,42,2026-08-10T07:24:11Z,Jeune Afrique,www.jeuneafrique.com,editorial_api,fr,unlabeled,none,"https://prod.cdn-medias.jeuneafrique.com/cdn-cgi/image/q=auto,f=auto,metadata=none,width=1280,height=720,fit=cover,gravity=0.7339x0.5291/https://prod.cdn-medias.jeuneafrique.com/medias/2026/08/07/jad20260807-eco-senegal-petrosen-investisseurs-grandtortue.jpg",data\images\043d762f-2c78-4dd5-a1f9-e71e9ba89bfb.jpg,True,True,True,api,2026-08-14T14:21:37.389832+00:00
df495839-b6cc-44e9-931b-c0d9b33c8c9e,"Soutien américain au Yen : ce qui se joue vraiment dans la bataille monétaire de l’été Le yen au plus bas depuis des décennies n’est plus seulement un problème japonais Sa faiblesse menace les équilibres commerciaux et financiers sur lesquels repose la stratégie de réindustrialisation de Donald Trump En soutenant la devise japonaise, Washingt…",345,54,2026-08-10T07:16:00Z,Atlantico.fr,atlantico.fr,editorial_api,fr,unlabeled,none,https://atlantico.codexcdn.net/assets/asybYgKQnJsO3qBKI.jpg?width=1600&height=900&quality=75,data\images\df495839-b6cc-44e9-931b-c0d9b33c8c9e.jpg,True,True,True,api,2026-08-14T14:21:37.391834+00:00
3a90b378-39c2-457e-aecc-64d876b486f0,"Pourquoi les marques françaises n'ont jamais eu autant d'opportunités aux Etats-Unis Pendant longtemps, les Etats-Unis ont été perçus comme le marché des géants Je pense que cette lecture est devenue obsolète Les prochaines success stories françaises pourraient bien s'y construire.",282,40,2026-08-10T06:21:02Z,JDN,www.journaldunet.com,editorial_api,fr,unlabeled,none,https://img-0.journaldunet.com/XZqSh_8h5gLmIFwa2IKMVNutJuQ=/1500x/smart/98b830b3eff34f299cb159af316254cd/user-jdn/39542506-cyrille-bessiere.jpg,data\images\3a90b378-39c2-457e-aecc-64d876b486f0.jpg,True,True,True,api,2026-08-14T14:21:37.392834+00:00
6c3dd8d1-6958-4b66-8b94-3124a20bea27,"Témoignages « Ça me tord le ventre » : comment l’angoisse face au changement climatique peut nous ronger Le réchauffement climatique stresse de plus en plus de Français, jusqu’à l’insomnie Plusieurs d’entre eux, qui ont répondu à notre appel à témoignages, racontent ce poids devenu quotidien.",293,46,2026-08-10T06:05:00Z,Le Dauphiné Libéré,www.ledauphine.com,editorial_api,fr,unlabeled,none,https://cdn-s-www.ledauphine.com/images/07C02AE0-6725-4EA4-9F54-30F4BAB8A126/FB1200/photo-1786270288.jpg,data\images\6c3dd8d1-6958-4b66-8b94-3124a20bea27.jpg,True,True,True,api,2026-08-14T14:21:37.394338+00:00
53d9f194-5a24-4433-8d14-d8d73a73aa59,"BYD progresse à l’export mais peine à tenir son objectif BYD augmente ses ventes en juillet, mais doit accélérer fortement pour atteindre son objectif annuel de 5 à 5,5 millions Les ventes de BYD ont progressé de 22 % en juillet sur un an, avec environ 420 000 véhicules écoulés au total Cette hausse intervient à …",315,57,2026-08-10T04:12:00Z,Leblogauto.com,www.leblogauto.com,editorial_api,fr,unlabeled,none,https://www.leblogauto.com/wp-content/uploads/2026/08/Screenshot-2026-08-08-05.04.03.png,data\images\53d9f194-5a24-4433-8d14-d8d73a73aa59.png,True,True,True,api,2026-08-14T14:21:37.394851+00:00
c6791564-ac09-41df-9927-5e63f61e1d1c,Ce dont la Belgique a besoin ? Un électrochoc de croissance… Un édito de Vincent Slits ...,90,17,2026-08-09T21:59:00Z,Lalibre.be,www.lalibre.be,editorial_api,fr,unlabeled,none,https://www.lalibre.be/resizer/v2/V646XWT5ZREDHHNVA2IPIJPCFY.jpg?auth=70aab48030eae9ff9e9b7e5e5b7e60ced28b06bc19c26d1ee3ed3a213968f36b&width=1200&height=630&quality=85&focal=2256%2C1500,data\images\c6791564-ac09-41df-9927-5e63f61e1d1c.jpg,True,True,True,api,2026-08-14T14:21:37.395862+00:00
b01ccf17-8440-4e61-896b-faf4c8c4c1c7,"Sous la lavande du Vaucluse, 18 anciens silos nucléaires racontent un pan secret de la Guerre froide Sous les champs de lavande et la garrigue provençale sommeille un décor digne d’un film d’espionnage Pendant vingt-cinq ans, 18 missiles nucléaires ont attendu sous terre un ordre qui n’est jamais venu Pourquoi la France avait-elle choisi précisément ce pla…",359,57,2026-08-09T19:01:00Z,Daily Geek Show,dailygeekshow.com,editorial_api,fr,unlabeled,none,https://dailygeekshow.com/wp-content/uploads/2026/08/sous-la-lavande-du-vaucluse-18-anciens-silos-nucleaires-racontent-un-pan-secret-de-la-guerre-froide.webp,data\images\b01ccf17-8440-4e61-896b-faf4c8c4c1c7.jpg,True,True,True,api,2026-08-14T14:21:37.396863+00:00
e5a66864-fe4c-48c3-8f09-988b0c46a805,"Économie Fin de l'euphorie post-Covid, aides supprimées.. pourquoi les ventes de vélos neufs sont en chute libre ? Les ventes de vélos neufs continuent de reculer en France, contraignant les entreprises du secteur à s’adapter au marché en mutation.",248,39,2026-08-09T16:48:00Z,Le Dauphiné Libéré,www.ledauphine.com,editorial_api,fr,unlabeled,none,https://cdn-s-www.ledauphine.com/images/C793D156-9C23-4782-8A35-92F0C3BE1939/FB1200/photo-1786290724.jpg,data\images\e5a66864-fe4c-48c3-8f09-988b0c46a805.jpg,True,True,True,api,2026-08-14T14:21:37.397864+00:00
d81fa7b4-25e2-4a52-a74a-bb540d76571d,"""Chicas tristes"" : la réalisatrice mexicaine Fernanda Tovar signe un premier film sensible et éclairant sur le viol et le consentement ""Chicas tristes"" décortique de l'intérieur un cas de viol subi par une jeune fille de la part d'un jeune garçon de son entourage.",264,44,2026-08-09T15:21:58Z,Franceinfo.fr,www.franceinfo.fr,editorial_api,fr,unlabeled,none,https://www.franceinfo.fr/pictures/Xv1-gXv9iYvtKg7p_wzLdzLFn5o/0x64:1600x964/1500x843/2026/07/16/6a58e62b8d31d318994343.jpeg,data\images\d81fa7b4-25e2-4a52-a74a-bb540d76571d.jpg,True,True,True,api,2026-08-14T14:21:37.399864+00:00
357c7d7f-e682-49e4-ad2e-9a6d845fa9cb,"« Effet Hormuz » : appel saoudien à Trump // Crash du yen ; pétrodollar contre petroyuan //Médiation Pakistan/Qatar/Oman, par Alfredo Jalife-Rahme En apparence, la guerre stagne dans le golfe persique Cependant, chacun perçoit bien qu'il se passe beaucoup de choses en coulisses La plus importante concerne la survie du pétrodollar, et donc, celle de l'Empire américain Précisément, mettre fin à l'impér…",404,62,2026-08-09T14:22:33Z,Red Voltaire,www.voltairenet.org,editorial_api,fr,unlabeled,none,https://www.voltairenet.org/IMG/logo/1000_-_1.jpg?1786285348,data\images\357c7d7f-e682-49e4-ad2e-9a6d845fa9cb.jpg,True,True,True,api,2026-08-14T14:21:37.402384+00:00
2e47115e-9df9-4800-9835-1d296c57cf81,"On a essayé le Leapmotor A10 (B03X) de Stellantis : le SUV électrique à 23 400 € armé d’un LiDAR Stellantis lance son arme anti-Renault 4 E-Tech Conçu en Chine et importé en Europe, le Leapmotor A10 (baptisé B03X sur notre marché) débarque dès 23 400 euros avec une fiche technique survoltée Équipé d'un LiDAR pour la conduite autonome et bien décidé à b…",355,64,2026-08-09T14:01:00Z,Frandroid,www.frandroid.com,editorial_api,fr,unlabeled,none,"https://c0.lestechnophiles.com/images.frandroid.com/wp-content/uploads/2026/07/img-8784.jpg?resize=1600,900&key=e60ce50a",data\images\2e47115e-9df9-4800-9835-1d296c57cf81.jpg,True,True,True,api,2026-08-14T14:21:37.404865+00:00
d3ace325-f060-459a-b097-76c47707fcd6,"Dans ce jeu de plateforme, on ne saute pas : on se sert d'une échelle Monter sur une échelle ? Oui, on connaît, ça va Ne faire qu'un avec une échelle ? OK, là, vous piquez notre curiosité BUCK Games et Andfood viennent tout juste de révéler Ladder Lad, un jeu de plateforme qui incite donc à prendre le contrôle de l'un des obj…",328,64,2026-08-09T11:07:00Z,Gamekult,www.gamekult.com,editorial_api,fr,unlabeled,none,https://cdn.gamekult.com/optim/images/news/30/3050871557/dans-ladder-lad-on-ne-saute-pas-on-se-sert-d-une-echelle-20e952da__w1920.jpg,data\images\d3ace325-f060-459a-b097-76c47707fcd6.jpg,True,True,True,api,2026-08-14T14:21:37.405896+00:00
4436d638-cf15-4f2a-b2f0-4f048cf8b7b0,Proton VPN divise son prix par 3 : plus de 20 000 serveurs accessibles à prix cassé Proton VPN fait chuter de 70 % le prix de sa formule Plus La remise ne s’accompagne d’aucune restriction : vous conservez l’accès à plus de 20 000 serveurs répartis...,251,47,2026-08-09T10:14:14Z,Phonandroid,www.phonandroid.com,editorial_api,fr,unlabeled,none,https://wp-pa.phonandroid.com/uploads/2026/02/proton-vpn.jpg,data\images\4436d638-cf15-4f2a-b2f0-4f048cf8b7b0.jpg,True,True,True,api,2026-08-14T14:21:37.407042+00:00
87f6c6ad-fd1c-4ef6-9f97-46495ca6ee44,"Vos parfums ne tiennent pas sur votre peau ? Une marque va sauver vos produits et vous faire économiser Compatible avec tous les parfums du marché, la marque Obart a inventé un produit de skincare qui permet de faire tenir votre produit plus de huit heures",256,46,2026-08-09T09:02:37Z,20 Minutes,www.20minutes.fr,editorial_api,fr,unlabeled,none,https://img.20mn.fr/X--pHUHQRSSaDEjO72CaVik/1444x920_la-marque-francaise-obart-nous-promet-qu-on-pourra-porter-tout-nos-parfums,data\images\87f6c6ad-fd1c-4ef6-9f97-46495ca6ee44.jpg,True,True,True,api,2026-08-14T14:21:37.409049+00:00
7ba7c75d-b0c9-47da-ad85-0a6cfb1cc68a,"Le grand retournement : ces Britanniques qui émigrent en Pologne Dix ans après les discours xénophobes de la campagne du Brexit contre les “plombiers polonais”, la Pologne, en plein miracle économique, attire les sujets de Sa Gracieuse Majesté “The Times” est allé à la rencontre de ces Britanniques installés à Varsovie ou…",324,52,2026-08-09T08:45:09Z,Courrier International,www.courrierinternational.com,editorial_api,fr,unlabeled,none,https://focus.courrierinternational.com/2026/07/29/0/312/3375/2250/1200/630/60/0/043df75_upload-1-89e4aiyu3ujx-pexels-oleksandr-petroniuk-2156010930-37383043.jpg,data\images\7ba7c75d-b0c9-47da-ad85-0a6cfb1cc68a.jpg,True,True,True,api,2026-08-14T14:21:37.410068+00:00
f81ada14-2b5a-47a3-bbd8-57fba413cb0f,"Liens vagabonds : Bloquer Google, une bonne idée pour les médias ? Rompre avec Google, l’idée séduit de plus en plus d’éditeurs En deux ans, le trafic en provenance du moteur de recherche a chuté de 60 % en moyenne, explique Axios Depuis 2024, et plus récemment en France, AI Overview et AI Mode éteignent un modèle vieux de…",325,59,2026-08-09T07:28:09Z,Meta-media.fr,www.meta-media.fr,editorial_api,fr,unlabeled,none,https://www.meta-media.fr/wp-content/uploads/sites/33/2026/08/couv-google-block-copy.jpg,data\images\f81ada14-2b5a-47a3-bbd8-57fba413cb0f.jpg,True,True,True,api,2026-08-14T14:21:37.411071+00:00
85843de4-b2b8-471f-82be-d78110ca4efe,"La montée du célibat, un des moteurs de la précarité en France ? La France compte de plus en plus de célibataires et de personnes vivants seuls De nouveaux parcours de vie qui pourraient être l’une des raisons de la précarité grandissante du pays, tant le quotidien solo est plus cher qu’à deux",294,53,2026-08-09T06:02:37Z,20 Minutes,www.20minutes.fr,editorial_api,fr,unlabeled,none,https://img.20mn.fr/tjif50MGT4-_lFtaLwkFFik/1444x920_portrait-d-une-jeune-femme-tenant-un-joli-chat-siberien-aux-yeux-verts-femme-etreignant-son-mignon-chat-aux-cheveux-longs-arriere-plan-espace-de-copie-gros-plan-adorable-concept-d-animal-domestique,data\images\85843de4-b2b8-471f-82be-d78110ca4efe.jpg,True,True,True,api,2026-08-14T14:21:37.412575+00:00
61c854f5-6d25-4598-bf0e-7ef2b2389645,"Façade en trompe-l'œil, étables décorées, grange gigantesque.. Découvrez les secrets de cette ferme monumentale, classée monument historique Nichée au cœur d'un village de Haute-Tarentaise en Savoie, la ferme de Villarivon recèle une histoire surprenante Vieille de plus de trois siècles et classée monument historique, elle est en cours de restauration depuis quatre ans et représente un témoignage…",400,57,2026-08-09T05:00:06Z,Franceinfo.fr,france3-regions.franceinfo.fr,editorial_api,fr,unlabeled,none,https://france3-regions.franceinfo.fr/image/E_OMvqpMkJiodIS16EQsm89PdA4/930x620/regions/2026/08/05/6a735b1007efc717660042.jpg,data\images\61c854f5-6d25-4598-bf0e-7ef2b2389645.jpg,True,True,True,api,2026-08-14T14:21:37.414085+00:00
2f139330-7d50-4e4d-b67f-00a8682701a0,"Économie « Nous vivons une catastrophe » : entre sécheresse et canicule, l’agriculture en grande souffrance Les agriculteurs sont frappés de plein fouet par les fortes chaleurs et une sécheresse comparée à celle de 1976 Le gouvernement a annoncé un plan global dont les détails ne sont pas encore connus La FNSEA réclame un plan d’urgence qu’elle chiffre à plusieur…",366,60,2026-08-08T17:29:00Z,Le Dauphiné Libéré,www.ledauphine.com,editorial_api,fr,unlabeled,none,https://cdn-s-www.ledauphine.com/images/E9102D94-28D4-4084-B590-FDC9A7080715/FB1200/photo-1786208603.jpg,data\images\2f139330-7d50-4e4d-b67f-00a8682701a0.jpg,True,True,True,api,2026-08-14T14:21:37.415092+00:00
2ab446e4-7065-4b73-a327-357ed814e33c,"Aux États-Unis, comment des burritos ont réussi à semer la zizanie dans les rangs de la droite, à l’approche des midterms La spécialité culinaire mexicaine et très populaire est devenue la polémique brûlante de l’été, son prix alimentant des débats chez les conservateurs autour du pouvoir d’achat.",298,47,2026-08-08T15:05:33Z,Le HuffPost,www.huffingtonpost.fr,editorial_api,fr,unlabeled,none,https://focus.huffingtonpost.fr/2026/08/08/264/0/5125/2882/1820/1023/75/0/225bb4d_upload-1-unwgirjhm7ov-afp-20180124-00968743-v1-highres-womanholdingbeanburritos.jpg,data\images\2ab446e4-7065-4b73-a327-357ed814e33c.jpg,True,True,True,api,2026-08-14T14:21:37.416754+00:00
b0c7228c-4c7e-4e98-b97f-64a827dd1c3a,"Actualité : Ne jetez plus : cette loi oblige Decathlon à réparer votre vélo Fini le vélo électrique bon pour la benne à la première panne électronique Portées par la loi anti-gaspillage et le tout nouveau droit européen à la réparation, les enseignes doivent désormais garantir des pièces détachées pendant des années, y compris pour …",335,56,2026-08-08T11:37:00Z,Les Numériques,www.lesnumeriques.com,editorial_api,fr,unlabeled,none,https://cdn.lesnumeriques.com/optim/news/26/260133/9cc492b8-ne-jetez-plus-cette-loi-oblige-decathlon-a-reparer-votre-velo__1200_678__0-0-7360-3864.jpg,data\images\b0c7228c-4c7e-4e98-b97f-64a827dd1c3a.jpg,True,True,True,api,2026-08-14T14:21:37.416754+00:00
5b9819ef-0c51-41ec-a58e-430f225fe7fe,"Le nouveau visage des cybermenaces en Afrique Le rapport annuel d’Interpol sur les cybermenaces qui ont frappé le continent en 2025 montre, entre autres, une accélération de l’usage de l’intelligence artificielle par les cybercriminels.",236,34,2026-08-08T08:10:59Z,Jeune Afrique,www.jeuneafrique.com,editorial_api,fr,unlabeled,none,"https://prod.cdn-medias.jeuneafrique.com/cdn-cgi/image/q=auto,f=auto,metadata=none,width=1280,height=720,fit=cover/https://prod.cdn-medias.jeuneafrique.com/medias/2026/08/07/jad20260807-eco-cybermenace-afrique.jpg",data\images\5b9819ef-0c51-41ec-a58e-430f225fe7fe.jpg,True,True,True,api,2026-08-14T14:21:37.418424+00:00
370ea24e-4b06-4e9f-95f0-71db99a39162,"Pourquoi le prix des carburants risque de grimper après la présidentielle de 2027 ? Ces derniers temps, les automobilistes ont connu plusieurs hausses du prix des carburants, notamment en raison de la guerre au Moyen-Orient Mais ces augmentations pourraient être loin d’être terminées Explications.",298,44,2026-08-08T07:40:24Z,Caradisiac.com,www.caradisiac.com,editorial_api,fr,unlabeled,none,https://images.caradisiac.com/logos/5/5/0/6/295506/S8-pourquoi-le-prix-des-carburants-risque-de-grimper-apres-la-presidentielle-de-2027-223475.jpg,data\images\370ea24e-4b06-4e9f-95f0-71db99a39162.jpg,True,True,True,api,2026-08-14T14:21:37.419453+00:00
69b903e6-2ae6-45c4-a9bd-0043a8b6238c,"""Les lésions occasionnées à l’œil sont souvent irréversibles"": comment observer l’éclipse solaire sans prendre de risque Regarder, admirer, fixer l’éclipse, c’est bien joli, mais encore faut-il ne pas prendre de risque Voici les mises en garde d’une ophtalmologue ...",267,39,2026-08-08T06:35:03Z,Lalibre.be,www.lalibre.be,editorial_api,fr,unlabeled,none,https://www.lalibre.be/resizer/v2/B6EAWDJWX5FIBM37JITEKC4IEE.png?auth=1c70f73bcf6d5bd4c9b86c46fa510b2261241aa9ab7cd2b10dc13077ad520361&width=1200&height=630&quality=85&focal=500%2C326,data\images\69b903e6-2ae6-45c4-a9bd-0043a8b6238c.jpg,True,True,True,api,2026-08-14T14:21:37.420461+00:00
dd8fff08-fe86-46b5-ab22-4a16be67d03e,"Coupure de courant : cinq solutions pour recharger son téléphone avant que sa batterie ne vous lâche Panne de courant et téléphone à plat : voiture, ordinateur, soleil ou manivelle, cinq astuces méconnues gardent votre portable allumé Un détail change tout : ne jamais le charger la nuit On vous explique pourquoi.",314,52,2026-08-08T06:00:11Z,Gameblog,www.gameblog.fr,editorial_api,fr,unlabeled,none,https://cdn-uploads.gameblog.fr/img//_6a76b9bb1b9fe.webp,data\images\dd8fff08-fe86-46b5-ab22-4a16be67d03e.jpg,True,True,True,api,2026-08-14T14:21:37.422561+00:00
b612d5a3-65d7-4448-9f8c-a3e1c3b12392,"Le problème, ce n’est pas seulement Infantino, c’est le système même de la FIFA Après la révélation de son projet d’ouverture de la Fifa aux investisseurs privés, Gianni Infantino a dû faire marche arrière, lâché de toutes parts Sa démission serait-elle un moyen de redorer l’image d’une instance passablement ternie ? Ce chroniqueur de “…",339,55,2026-08-08T03:00:31Z,Courrier International,www.courrierinternational.com,editorial_api,fr,unlabeled,none,https://focus.courrierinternational.com/2026/08/07/15/15/1179/786/1200/630/60/0/06e8fdf_upload-1-yppcrpklad36-sinisa-2026-07-29-6432-w.jpg,data\images\b612d5a3-65d7-4448-9f8c-a3e1c3b12392.jpg,True,True,True,api,2026-08-14T14:21:37.424065+00:00
2993add4-2e8b-4d17-8d85-a81fd38168bc,"Etats-Unis : Le prix du burrito s’invite au sein du parti de Trump et sème la zizanie à l’approche des midterms A l’approche des midterms, le prix du burrito cristallise le débat sur l’inflation et le pouvoir d’achat aux Etats-Unis, provoquant des tensions au sein du Parti républicain de Trump",294,50,2026-08-07T23:00:26Z,20 Minutes,www.20minutes.fr,editorial_api,fr,unlabeled,none,https://img.20mn.fr/LMsInBrLRkKir9v5ju8YZik/1444x920_le-president-americain-donald-trump-annonce-un-programme-visant-a-permettre-aux-anciens-combattants-d-accelerer-leur-carriere-dans-le-camionnage-commercial-devant-la-maison-blanche-a-washington-dc-etats-unis-le-30-juillet-2026-connue-sous-le-nom-de-programme-freedom-haulers-cette-initiative-permettrait-a-tout-ancien-combattant-americain-qui-conduisait-de-l-equipement-lourd-d-etre-automatiquement-eligible-a-une-licence-de-camionnage-commercial-credit-jim-los-calzo-pool-via-cnp-cnp-photos338630-cnp-news-com-sipa-2607310322,data\images\2993add4-2e8b-4d17-8d85-a81fd38168bc.jpg,True,True,True,api,2026-08-14T14:21:37.425074+00:00
a3889e2e-38c2-4832-9d74-eb6fc8f99f59,"Huawei Watch D2 : cette montre connectée prisée est à moins de 245 € sur ce site bien connu Les montres connectées sont nombreuses, et il est parfois difficile de choisir En ce moment, AliExpress vous aide à faire ce choix en proposant la Huawei Watch D2 pour moins de 245 € par l’intermédiaire d’une double remise Écran AMOLED, suivi de la santé et…",350,64,2026-08-07T18:00:23Z,Futura,www.futura-sciences.com,editorial_api,fr,unlabeled,none,https://cdn8.futura-sciences.com/a1280/images/Huawei%20Watch%20D2%20portee.jpg,data\images\a3889e2e-38c2-4832-9d74-eb6fc8f99f59.jpg,True,True,True,api,2026-08-14T14:21:37.426123+00:00
843a18f6-d692-4250-b240-7fcb02a6a271,"Pour la Chine, l’intelligence artificielle est aussi une opportunité diplomatique Dans le secteur de l’intelligence artificielle, Pékin veut offrir une alternative aux modèles développés par les États-Unis, en particulier auprès des pays du Sud global La deuxième économie mondiale y voit un débouché économique, mais aussi un facteur d’inf…",341,49,2026-08-07T15:24:13Z,Mediapart,www.mediapart.fr,editorial_api,fr,unlabeled,none,https://static.mediapart.fr/etmagine/og/journal/files/2026/08/07/260807-img-pour-la-chine-l-intelligence-artificielle-est-aussi-une-opportunite-diplomatique.jpg,data\images\843a18f6-d692-4250-b240-7fcb02a6a271.jpg,True,True,True,api,2026-08-14T14:21:37.428178+00:00
98cd9c82-3b1b-4945-a959-1fca8378a58a,"Eightco Holdings (NASDAQ : ORBS) annonce un portefeuille total d'environ 378 millions de dollars, comprenant notamment OpenAI, Beast Industries, plus de 16 000 ETH et près de 302 millions de tokens WLD Composition de la trésorerie d'Eightco au 5 août 2026 : 90 millions de dollars de participations dans OpenAI (indirectes), 18 millions de dollars de participations dans Beast Industries, 16 278 ETH, près de 302 millions de WLD, ainsi que 142 millions de dolla…",462,75,2026-08-07T15:01:00Z,PRNewswire,www.prnewswire.com,editorial_api,fr,unlabeled,none,https://mmx.prnewswire.com/media/MS1964916/image1.jpg?id=OA2830827&p=facebook,data\images\98cd9c82-3b1b-4945-a959-1fca8378a58a.jpg,True,True,True,api,2026-08-14T14:21:37.428178+00:00
6a72cda2-fafa-4e02-b931-104b4b26b7cc,L’abolition des redevances pour les plates-formes de diffusion en ligne : vers un démantèlement de notre écosystème culturel ? La décision d’Ottawa de dispenser les plates-formes de diffusion en ligne des redevances destinées à soutenir les contenus canadiens met en péril l’avenir de nos milieux de création.,309,47,2026-08-07T14:36:11Z,The Conversation Africa,theconversation.com,editorial_api,fr,unlabeled,none,https://images.theconversation.com/files/752654/original/file-20260806-50-ppld15.JPG?ixlib=rb-4.1.1&rect=0%2C216%2C5316%2C2658&q=45&auto=format&w=1356&h=668&fit=crop,data\images\6a72cda2-fafa-4e02-b931-104b4b26b7cc.jpg,True,True,True,api,2026-08-14T14:21:37.429202+00:00
e2ee88d8-a726-42a7-98c6-dbdde342df71,L’abolition des redevances pour les plateformes de diffusion en ligne : vers un démantèlement de notre écosystème culturel ? La décision d’Ottawa de dispenser les plateformes de diffusion en ligne des redevances destinées à soutenir les contenus canadiens met en péril l’avenir de nos milieux de création.,305,47,2026-08-07T14:36:11Z,The Conversation Africa,theconversation.com,editorial_api,fr,unlabeled,none,https://images.theconversation.com/files/752654/original/file-20260806-50-ppld15.JPG?ixlib=rb-4.1.1&rect=0%2C216%2C5316%2C2658&q=45&auto=format&w=1356&h=668&fit=crop,data\images\e2ee88d8-a726-42a7-98c6-dbdde342df71.jpg,True,True,True,api,2026-08-14T14:21:37.431214+00:00
24c509b4-e2b6-4ba6-963e-7851776772da,"Ceuta : Pourquoi autant de jeunes veulent fuir le Maroc Malgré une croissance économique soutenue et de vastes projets d’infrastructures, le Maroc peine à offrir des perspectives à une partie de sa jeunesse Explications en vidéo.",229,36,2026-08-07T13:36:44Z,Courrier International,www.courrierinternational.com,editorial_api,fr,unlabeled,none,https://focus.courrierinternational.com/2026/07/31/0/0/3984/2656/1200/630/60/0/4f8d764_ftp-1-mjif1q4uiynn-2026-07-31t081729z-1910758369-rc2vomasflrg-rtrmadp-3-europe-migration-spain-ceuta.JPG,data\images\24c509b4-e2b6-4ba6-963e-7851776772da.jpg,True,True,True,api,2026-08-14T14:21:37.432218+00:00
1035714a-974c-448b-a271-476f4be25a02,"On a trouvé un climatiseur réversible Wi-Fi classé A++ à moins de 300 €, et il coche pas mal de cases L'Infiniton SPTTK12A2 est un climatiseur split réversible Inverter avec Wi-Fi intégré, classé A++ en refroidissement Il est disponible à 289,39 euros au lieu de 365 euros sur PC Componentes, soit une économie de plus de 75 euros.",331,58,2026-08-07T13:31:00Z,Frandroid,www.frandroid.com,editorial_api,fr,unlabeled,none,"https://c0.lestechnophiles.com/images.frandroid.com/wp-content/uploads/2026/08/infiniton-spttk12a2.jpg?resize=1600,900&key=10ec9c74",data\images\1035714a-974c-448b-a271-476f4be25a02.jpg,True,True,True,api,2026-08-14T14:21:37.433223+00:00
0a3b4cd0-76d4-40d5-8c1e-671edd0a3790,"Enorme promo sur le pack ultime Lenovo Idea Tab Pro (Écran 3K 144Hz + Clavier + Stylet) qui chute à 449,90 € ! Amazon régale les amateurs de productivité et de multimédia avec une baisse de prix très incitative sur un ensemble tout-en-un d'exception ! La tablette tactile haut de gamme Lenovo Idea Tab Pro, livrée en pack complet avec son clavier détachable et son style…",371,66,2026-08-07T13:30:05Z,Futura,www.futura-sciences.com,editorial_api,fr,unlabeled,none,https://cdn8.futura-sciences.com/a1920/images/Lenovo-Idea-Tab-Pro.jpg,data\images\0a3b4cd0-76d4-40d5-8c1e-671edd0a3790.jpg,True,True,True,api,2026-08-14T14:21:37.434221+00:00
2bd00440-8132-4ce6-8059-7b72f42befa6,"Switch 2 : deuxième baisse de prix en moins de 48h, Nintendo veut séduire toute la France La Switch 2 est victime d'une deuxième baisse de prix à l'occasion de la dernière ligne droite de l'opération Local Day sur AliExpress Le prix est vraiment alléchant, mais l'offre prend fin dans moins de 24h.",298,53,2026-08-07T10:23:14Z,01net.com,www.01net.com,editorial_api,fr,unlabeled,none,https://www.01net.com/app/uploads/2025/08/nintendo-switch-2-1600x900.jpg,data\images\2bd00440-8132-4ce6-8059-7b72f42befa6.jpg,True,True,True,api,2026-08-14T14:21:37.435414+00:00
fb95c6b1-593a-4ff3-bf6d-58dae28b25f3,"New-York sans les juifs ? Quand l’antisémitisme woke de Mamdani déferle déjà sur The Big Apple L’édito de Michel Taube À ceux qui doutent encore des dégâts que peut occasionner le wokisme lorsqu’il accède au pouvoir, il suffit désormais d’observer New York et l’action de son nouveau maire, Zohran Mamdani Il faut… L’article New-York sans les juifs ? Quand l’antisémitisme woke…",378,61,2026-08-07T09:32:03Z,Opinion-internationale.com,www.opinion-internationale.com,editorial_api,fr,unlabeled,none,https://www.opinion-internationale.com/wp-content/uploads/2026/08/WhatsApp-Image-2026-08-07-at-09.56.51.jpeg,data\images\fb95c6b1-593a-4ff3-bf6d-58dae28b25f3.jpg,True,True,True,api,2026-08-14T14:21:37.436438+00:00
f951c91d-5e3f-4049-9088-4b764c2763cd,"IA et ETF : le risque d'une économie guidée par le consensus À l'heure où l'intelligence artificielle transforme notre rapport à l'information et où la gestion passive occupe une place croissante dans les marchés financiers, un même risque apparaît...",251,39,2026-08-07T07:17:57Z,JDN,www.journaldunet.com,editorial_api,fr,unlabeled,none,https://img-0.journaldunet.com/YRT7or7d8clkyj2VeBNMNMOSLfE=/1500x/smart/6144f8b075634454a999b249d7b000d2/user-jdn/39542514-david-kalfon.jpg,data\images\f951c91d-5e3f-4049-9088-4b764c2763cd.jpg,True,True,True,api,2026-08-14T14:21:37.436879+00:00
2b3af604-4e6b-488b-9762-f90d96e4229d,"Manifestations anti-Israël: un juge rejette la plainte de Trump contre Harvard Le président des États-Unis, Donald Trump, avait porté plainte contre Harvard, accusant la prestigieuse université américaine de cautionner des agissements antisémites survenus pendant des manifestations propalestiniennes.",308,37,2026-08-14 00:13:56,rfi_fr,www.rfi.fr,editorial_api,fr,unlabeled,none,https://s.rfi.fr/media/display/30253b0c-374e-11f0-9298-005056bfb2b6/w:1024/p:16x9/Harvard.jpg,data\images\2b3af604-4e6b-488b-9762-f90d96e4229d.jpg,True,True,True,api,2026-08-14T14:21:37.437882+00:00
3e4cfb5b-03fb-4920-85ac-2b0f188e2844,"Les marchés boursiers ignorent le réchauffement climatique La crise, quelle crise? En même temps que les records de température qui assèchent l'Europe, les Bourses ont battu leurs propres records à la hausse début août, ignorant encore les conséquences du réchauffement climatique.",291,41,2026-08-14 00:00:00,lqj_ch,www.lqj.ch,editorial_api,fr,unlabeled,none,https://www.lqj.ch/media/image/27/large_3_2/20260814121945692.jpg?nohash,data\images\3e4cfb5b-03fb-4920-85ac-2b0f188e2844.jpg,True,True,True,api,2026-08-14T14:21:37.438387+00:00
513a1faa-9fa4-4a8a-971e-be0022ff29b4,"Port de Dakar : une passation sous haute tension, les licenciés de Waly Diouf Bodian manifestent leur colère La cérémonie de passation de service entre Waly Diouf Bodian et son successeur, Doune Pathé Mbengue, s’est déroulée ce jeudi après-midi dans une atmosphère particulièrement tendue aux abords de la direction du Port autonome de Dakar Alors que les dispositions sécuritaires avaient été renforcées, avec la présence de la police et de la gendarmerie, la cérémonie a été marquée par la mobilisation de plusieurs travailleurs licenciés sous la direction de Waly Diouf Bodian Ces derniers ont choisi ce moment symbolique pour exprimer publiquement leur ressentiment à l’endroit de celui qui quittait ses fonctions Dans une scène rapidement devenue virale sur les réseaux sociaux, les manifestants ont scandé des slogans hostiles à l’ancien directeur général, allant jusqu’à lancer « Waly Assassin », tout en lui signifiant, sans ambiguïté, qu’ils ne regrettaient pas son départ Une démonstration de colère qui contraste fortement avec la solennité habituellement attachée à une cérémonie de passation de service La mobilisation des anciens employés, déterminés à faire entendre leur voix malgré le dispositif de sécurité déployé pour encadrer l’événement, témoigne de la persistance d’un profond ressentiment autour des licenciements intervenus sous l’ancienne direction Pour ces travailleurs, la cérémonie constituait manifestement l’occasion de solder publiquement un contentieux social qui continue de nourrir l’amertume La scène, captée en images et largement relayée sur les plateformes numériques, a rapidement suscité de nombreuses réactions Elle donne surtout à voir une passation de pouvoir qui, loin de se réduire à un simple rituel administratif, aura été traversée par les stigmates d’un conflit social dont les plaies demeurent manifestement ouvertes Désormais installé à la tête du Port autonome de Dakar, Doune Pathé Mbengue hérite ainsi d’une institution stratégique, mais également d’un climat social qui appelle sans doute au dialogue et à l’apaisement Car derrière les slogans, les huées et les images devenues virales, demeurent des travailleurs qui réclament réparation, considération ou simplement la reconnaissance de ce qu’ils estiment avoir subi Au Port de Dakar, le changement de direction n’aura donc pas seulement marqué la fin d’une séquence administrative : il aura aussi offert une tribune inattendue à une colère sociale que le temps ne semble pas avoir éteinte.",2582,373,2026-08-13 23:57:00,dakarposte,www.dakarposte.com,editorial_api,fr,unlabeled,none,https://www.dakarposte.com/images/video/3587623/player/player_preview.jpg?v=1786672596,data\images\513a1faa-9fa4-4a8a-971e-be0022ff29b4.jpg,True,True,True,api,2026-08-14T14:21:37.444970+00:00
10a5256c-7733-44f6-9a8b-0dbfff4eefe6,"RÉFORME CONSTITUTIONNELLE : La société civile exige un consensus et met le pouvoir au défi du dialogue RÉFORME CONSTITUTIONNELLE La société civile exige un consensus et met le pouvoir au défi du dialogue Face au mutisme des autorités et aux risques récurrents de blocage entre la Présidence de la République et l'Assemblée nationale, l'initiative Sursaut Citoyen monte au créneau à Dakar Soucieuses d'éviter une révision partisane dictée par les seuls rapports de force du moment, les figures emblématiques du mouvement réclament une concertation nationale d'envergure adossée aux conclusions des Assises nationales et aux travaux de la CNRI Un silence assourdissant au sommet de l'État Les autorités sénégalaises sont-elles réellement prêtes à jouer la carte de la concertation démocratique et du dépassement partisan ? En tout cas, du côté de la société civile, le temps de la patience semble désormais révolu face à ce qui ressemble de plus en plus à une stratégie de fuite en avant de la part du pouvoir central Réunis ce mercredi, Mamadou Ndoye, Me Mame Adama Guèye et Paul Correa, trois voix majeures au sein de l'initiative républicaine Sursaut Citoyen, ont tiré la sonnette d'alarme et lancé un avertissement à l'ensemble de la classe politique Leur ambition affichée est d'empêcher par tous les moyens légitimes que la future révision de la loi fondamentale ne dérive en un nouvel affrontement stérile, voire en un blocage institutionnel dommageable pour la stabilité de la Nation La démarche entreprise par le mouvement se voulait pourtant rigoureusement républicaine, méthodique et transparente En effet, dès le 24 juillet dernier, une série de demandes formelles d'audience a été transmise aux plus hautes autorités administratives et politiques de l'État Le courrier a été adressé au président de la République, au président de l'Assemblée nationale, ainsi qu'aux différents présidents de groupes parlementaires et à de nombreux députés à titre individuel L'objectif exprimé était limpide : soumettre à la réflexion collective des propositions structurées de réforme institutionnelle et rechercher, en amont de tout processus législatif, un consensus national solide capable d'engager le Sénégal sur le long terme Pourtant, le bilan tiré par les organisateurs de ces sollicitations répétées demeure particulièrement famélique et révélateur des crispations ambiantes À ce jour, une seule et unique réponse officielle est parvenue sur la table des initiateurs : celle transmise par Aïssata Tall Sall, présidente du groupe parlementaire de la coalition Benno Bokk Yakaar L'ensemble des autres autorités sollicitées, à commencer par le pouvoir exécutif et la Présidence de la République, s'est emmuré dans un silence assourdissant Une absence de retour que Sursaut Citoyen interprète non pas comme une simple négligence administrative, mais comme le symptôme d'une hésitation des autorités à soumettre leurs projets aux règles de l'examen citoyen et du débat contradictoire Sortir du piège des rapports de force et de l'opportunisme politiste Prenant la parole pour planter le décor politique de cette interpellation, Mamadou Ndoye a vivement mis en garde contre le danger mortel que font peser les tensions récurrentes entre la présidence de la République et la représentation nationale Selon l'ancien leader politique et acteur de la société civile, aborder une révision constitutionnelle dans un tel climat de méfiance et de confrontation interinstitutionnelle expose le pays à un risque majeur de déstabilisation ou de dévoiement démocratique Mamadou Ndoye a résumé en termes très fermes le piège qu'il convient d'éviter à tout prix : « Nous voulons éviter soit une impasse, soit une réforme constitutionnelle partisane » Il met ainsi en garde contre la tentation récurrente des régimes successifs d'utiliser la norme constitutionnelle comme un instrument d'aménagement du pouvoir au profit du camp présidentiel du moment, au lieu d'en faire le sanctuaire neutre des règles du jeu démocratique Pour sortir de cette mécanique de bras de fer et d'hégémonie passagère, Sursaut Citoyen préconise un retour salutaire aux sources des réflexions prospectives menées par le peuple sénégalais au cours des deux dernières décennies Le mouvement propose de réactiver les engagements solennels souscrits par la plupart des responsables politiques de premier plan à travers le Pacte de bonne gouvernance Ce texte de référence puise sa légitimité indiscutable dans la synthèse approfondie des Assises nationales et dans les recommandations rigoureuses de la Commission nationale de réforme des institutions (CNRI), présidée en son temps par le regretté professeur Amadou Mahtar Mbow Quatre piliers intraitables pour prémunir la République contre ses démons Pour que la prochaine révision constitutionnelle soit réellement perçue par l'opinion publique et les acteurs politiques comme légitime, stable et effective, Sursaut Citoyen pose un diagnostic clair et formule quatre exigences cardinales, présentées comme les piliers indissociables de la refondation institutionnelle La première garantie exige une séparation nette et effective des pouvoirs, ce qui implique de réaliser l'indépendance réelle du pouvoir judiciaire vis-à-vis de la tutelle de l'exécutif en mettant fin à la présidence du Conseil supérieur de la magistrature par le chef de l'État pour rétablir un équilibre faussé La deuxième garantie repose sur la consécration de libertés publiques opposables à l'administration et assorties de voies de recours directes pour chaque citoyen La troisième garantie impose une obligation stricte de reddition de comptes à la charge des élus et ministres devant leurs mandants Enfin, la quatrième garantie exige la sacralisation du bien public via le contrôle renforcé des déclarations de patrimoine, la vérification impartiale des fonds secrets, la transparence des contrats de ressources naturelles et l'appel à candidatures pour la haute administration Saisir le revers juridique pour opérer une remise à plat historique Intervenant sur la portée politique des récents développements juridiques, Paul Correa a apporté un éclairage pragmatique sur la situation créée par l'invalidation de la précédente initiative de révision constitutionnelle par le Conseil constitutionnel Loin d'y voir un motif de découragement ou de crise, il invite les décideurs politiques et l'opinion à saisir cette décision comme un signal salutaire et une opportunité historique de clarification Pour Paul Correa, cette censure institutionnelle offre le prétexte idéal pour « remettre les choses à plat » et repartir immédiatement sur des bases saines, consensuelles et juridiquement inattaquables Refusant de cantonner la réflexion aux salons feutrés de la capitale, les responsables de Sursaut Citoyen ont annoncé leur intention de poursuivre sans relâche leurs démarches d'interpellation des autorités, tout en élargissant le cercle des concertations à la presse nationale, aux organisations de la société civile, aux syndicats et aux diverses catégories socioprofessionnelles du pays À travers cette mobilisation, les initiateurs entendent rappeler une vérité fondamentale trop souvent occultée par les passions électorales : la rédaction d'une Constitution ne saurait se réduire à un simple arbitrage de circonstances ou à un arrangement d'appareils entre la Présidence et l'Assemblée nationale Il s'agit avant tout d'édifier un contrat social supérieur, capable de traverser les époques, de survivre aux alternances de régimes et de protéger la Nation contre les excès du pouvoir L'analyse sans concession de Me Mame Adama Guèye : le diagnostic du mal démocratique Portant la voix d'un engagement juridique et citoyen de long terme, Me Mame Adama Guèye a livré lors de cette tribune un diagnostic particulièrement sévère, mais méthodique, des carences structurelles du système politique sénégalais Abordant la question du consensus, l'avocat a d'emblée souligné un paradoxe saisissant : si l'ensemble de la classe politique et de la société civile s'accorde aujourd'hui sur la nécessité d'opérer une réforme constitutionnelle d'envergure, le contenu actuellement soumis ou envisagé reste profondément insatisfaisant Selon lui, aucune révision ne saura trouver grâce aux yeux des citoyens si elle ne prend pas le soin d'ancrer de manière irréversible les quatre garanties cardinales que sont l'indépendance de la justice, la centralité de la personne humaine, le respect intangible des libertés et la protection absolue des biens publics S'attaquant au cœur du fonctionnement des institutions, Me Mame Adama Guèye a dénoncé l'hyper-présidentialisme qui étouffe la démocratie sénégalaise depuis des décennies Il constate avec regret que, quelles que soient les déclarations d'intention, le pouvoir exécutif continue de prendre un dessus étouffant sur le pouvoir législatif et sur le pouvoir judiciaire, maintenant ce dernier dans un état de subordination incompatible avec les exigences modernes d'un État de droit L'avocat a également plaidé pour un basculement doctrinal majeur en appelant à revenir à l'essence même du mandat démocratique : réaffirmant avec force que le citoyen est le mandant suprême et l'élu un simple mandataire comptable de ses actes Pour concrétiser cette exigence, il réclame l'instauration d'une démocratie participative vivante où des citoyens exigeants n'attendent plus passivement l'échéance électorale quinquennale pour peser sur la décision publique Dans cette perspective, il a qualifié de scandaleuse et d'inacceptable l'opacité ayant entouré la précédente tentative de révision, exigeant que les citoyens soient non seulement informés en toute transparence de tout projet de modification constitutionnelle, mais qu'ils disposent également d'un droit d'accès direct, bien qu'encadré, au Conseil constitutionnel Enfin, Me Mame Adama Guèye a porté le fer dans la plaie en formulant une critique décapante du clientélisme politique et de la captation partisane des ressources de l'État Il a rappelé que la pratique consistant pour un pouvoir nouvellement installé à confisquer l'appareil d'État et ses richesses au profit exclusif de ses partisans constitue une tare absolue qui traverse toute l'histoire politique du pays, de Léopold Sédar Senghor à Bassirou Diomaye Faye, en passant par Abdou Diouf, Abdoulaye Wade et Macky Sall Qualifiant le clientélisme de véritable détournement de voix et de déni d'égalité démocratique, il demande l'inscription explicite dans la Constitution de l'interdiction absolue de ces pratiques assimilées à un détournement d'autorité Il réclame enfin une définition claire et opérationnelle du crime de haute trahison, l'instauration de mécanismes indépendants de vérification des patrimoines, et la consécration de critères stricts et incontournables de compétence et d'intégrité pour toute nomination aux hautes charges de la République, mettant un terme définitif au recrutement de personnes dépourvues des qualifications requises MAMADOU DIOP Section: social",11363,1620,2026-08-13 23:53:12,enqueteplus,www.enqueteplus.com,editorial_api,fr,unlabeled,none,,,False,False,True,api,2026-08-14T14:21:37.474196+00:00
d4ab9f1f-fadc-418e-863e-03ec793dfdef,"- Martial Owona suspendu trois mois : la réaction de Me Zeifman Le Conseil national de la communication (CNC) a suspendu le journaliste de Vision 4 Martial Owona pour trois mois, après un reportage jugé « hostile et non fond...",230,40,2026-08-13 23:49:53,camer_be,www.camer.be,editorial_api,fr,unlabeled,none,https://www.camer.be/storage/photos/shares/Cameroun2/Me-Felicite-Esther-Zeifman040626500.webp,data\images\d4ab9f1f-fadc-418e-863e-03ec793dfdef.jpg,True,True,True,api,2026-08-14T14:21:37.475206+00:00
c0171f80-1c40-4e93-9e2b-c171dc39d71f,"Nouvel incendie dans les Landes, 600 hectares parcourus, 500 évacuations Le feu fait à nouveau des ravages dans le Sud-Ouest, où un nouvel incendie, attisé par des vents changeants, a déjà parcouru 600 hectares jeudi dans la forêt des Landes, asséchée par les canicules à répétition, et provoqué 500 évacuations.",326,50,2026-08-13 23:40:12,franceguyane_fr,www.franceguyane.fr,editorial_api,fr,unlabeled,none,https://medias.franceantilles.fr/api/v1/images/view/6a7e55d9ef2b0c63650f7242/width_1000/image.jpg,data\images\c0171f80-1c40-4e93-9e2b-c171dc39d71f.jpg,True,True,True,api,2026-08-14T14:21:37.475206+00:00
1e5ded5c-7545-4987-8b93-728b49d36232,"Affaire des V8 de l’AGEROUTE : Quand une vidéo virale vient recouper les accusations de l’ex-DRH licencié Lors de son point de presse tenu le 13 mai 2026 à Dakar, M Thiam avait dénoncé ce qu’il qualifiait de « dérives managériales » et de « violations flagrantes des textes réglementaires » de la part du directeur général Moustapha Fall, nommé à ce poste le 18 décembre 2025 Au cœur de ses accusations figurait la question des avantages en nature : selon lui, le décret 2021-05 a supprimé les véhicules de fonction pour les directeurs généraux des organismes parapublics, ces derniers étant désormais remplacés par une indemnité forfaitaire mensuelle nette de 600 000 francs CFA Or, avait-il affirmé, le directeur général disposerait de deux véhicules V8 valant chacun près de 80 millions de francs CFA, l’un d’eux servant notamment à conduire ses enfants à l’école Un troisième véhicule du même gabarit, en principe réservé aux missions administratives, serait par ailleurs utilisé de manière exclusive par le patron de l’agence Dans sa lettre de licenciement datée du 15 mai 2026, la direction générale lui reprochait des « propos mensongers », un « manque de loyauté inédit » ainsi que la divulgation d’informations internes et confidentielles, qualifiant sa démarche de sortie aux « relents politiques » ayant porté atteinte à l’image et à la crédibilité de la structure Début août, l’affaire a franchi une nouvelle étape judiciaire : Moustapha Fall a saisi la justice contre son ex-DRH, poursuivi pour complicité de diffamation publique C’est dans ce climat de contentieux judiciaire que resurgit aujourd’hui la vidéo montrant le V8 immatriculé « 120 » Pour les partisans de la version de l’ex-DRH, cette image constituerait-elle une confirmation visuelle de ce qu’il avançait depuis mai : l’existence d’un véhicule de l’AGEROUTE affecté à des usages personnels, en l’occurrence le transport scolaire des enfants du directeur général? Est-ce cette V8 de la même marque dont parlait l'ex-directeur des ressources humaines de l’Ageroute? Sur les réseaux sociaux, le débat sur la concordance des propos de l'ex-directeur général et le numéro d’immatriculation sur la V8 dans la vidéo virale, se poursuit www.dakaractu.com",2291,353,2026-08-13 23:26:00,dakaractu,www.dakaractu.com,editorial_api,fr,unlabeled,none,https://www.dakaractu.com/photo/art/grande/97684103-68011087.jpg?v=1786663708,data\images\1e5ded5c-7545-4987-8b93-728b49d36232.jpg,True,True,True,api,2026-08-14T14:21:37.482387+00:00
d7b17bfa-ebd2-4877-a260-779d2e3f1a69,"Nouvel incendie dans les Landes, 600 hectares parcourus, 500 évacuations Le feu fait à nouveau des ravages dans le Sud-Ouest, où un nouvel incendie, attisé par des vents changeants, a déjà parcouru 600 hectares jeudi dans la forêt des Landes, asséchée par les canicules à r...",286,46,2026-08-13 23:21:11,notretemps,www.notretemps.com,editorial_api,fr,unlabeled,none,https://i.notretemps.com/1400x787/smart/2026/08/14/nouvel-incendie-dans-les-landes-600-hectares-parco-.jpg,data\images\d7b17bfa-ebd2-4877-a260-779d2e3f1a69.jpg,True,True,True,api,2026-08-14T14:21:37.483412+00:00
5ae71b71-d1b3-4e7e-9af7-c7057dd7caa2,"Nouvel incendie dans les Landes, 600 hectares parcourus, 500 évacuations Vers minuit, les flammes étaient à quelques centaines de mètres de Luglon, petit bourg au cœur de l'immense massif des Landes de Gascogne, à une soixantaine de km au sud-est de Biscarrosse, théâtre d'un incendie qui a ravagé 3.700 hectares...",323,50,2026-08-13 23:19:27,laprovence,www.laprovence.com,editorial_api,fr,unlabeled,none,https://pictures.laprovence.com/media/afp/e9cf0dcd92036312b5ebbcf3e1216020ad8240a0.jpg?twic=v1/focus=0x0/cover=470x247,data\images\5ae71b71-d1b3-4e7e-9af7-c7057dd7caa2.jpg,True,True,True,api,2026-08-14T14:21:37.484917+00:00
e53b50d7-af3d-48b3-aeb4-229b32cd59a8,"Nouvel incendie dans les Landes, 600 hectares parcourus, 500 évacuations Le feu fait à nouveau des ravages dans le Sud-Ouest, où un nouvel incendie, attisé par des vents changeants, a déjà parcouru 600 hectares jeudi dans la forêt des Landes, asséchée par les canicules à répétition, et provoqué 500 évacuations Vers minuit, les flammes",350,54,2026-08-13 23:18:54,boursorama,www.boursorama.com,editorial_api,fr,unlabeled,none,,,False,False,True,api,2026-08-14T14:21:37.484917+00:00
cef50b00-e682-44a4-bc2a-1cc38c72cc59,"Canicule: énième journée écrasée par la chaleur avant une amélioration progressive La fraîcheur au bout du tunnel ? Une grande partie du pays fait face vendredi à une énième journée de canicule, qui met sous tension les corps et les esprits, asséchant aussi des territoires soumis au risque d'incendies, avant une baisse des températures prévues ce week-end.",372,57,2026-08-13 23:10:12,franceguyane_fr,www.franceguyane.fr,editorial_api,fr,unlabeled,none,https://medias.franceantilles.fr/api/v1/images/view/6a7e4ed2805a0034a701ac30/width_1000/image.jpg,data\images\cef50b00-e682-44a4-bc2a-1cc38c72cc59.jpg,True,True,True,api,2026-08-14T14:21:37.485933+00:00
ae4ba5eb-1146-4a19-be95-005b4e055e7b,"Virton entame son championnat ce samedi, face au Lierse: un départ placé sous le signe de l'inquiétude Le retour de l’Excelsior dans l’antichambre de l’élite ne se présente pas sous les meilleurs auspices Chez les supporters, l’inquiétude est de mise Il ne faudrait qu’elle fasse place à la colère Virton - Lierse : Samedi, 20 h (+ les infos sur le noyau et un rapide coup d'oeil sur la série) ...",406,71,2026-08-13 22:21:20,lavenir_net,www.lavenir.net,editorial_api,fr,unlabeled,none,https://www.lavenir.net/resizer/v2/DW6GBQTIWNF5LM5SJQ6NPC4E2U.jpg?auth=49132e2e8942c012b1c577fda2d58d477322d55bfce51ab2a0f8afbc95a6c1a3&smart=true&width=1200&height=800,data\images\ae4ba5eb-1146-4a19-be95-005b4e055e7b.jpg,True,True,True,api,2026-08-14T14:21:37.488388+00:00
7f677729-fe4b-440b-9767-58a7cb2b0e30,"Bressols Clap de fin d’un bel été au centre de loisirs Le centre ferme ses portes cette semaine, et il a encore été plébiscité par de nombreuses familles.",160,28,2026-08-13 21:41:18,ladepeche,www.ladepeche.fr,editorial_api,fr,unlabeled,none,https://images.ladepeche.fr/api/v1/images/view/6a7e3ba2c53c8e237a049cb2/standard/image.jpg?v=1,data\images\7f677729-fe4b-440b-9767-58a7cb2b0e30.jpg,True,True,True,api,2026-08-14T14:21:37.488892+00:00
b03f763b-93f1-4c95-aa5c-5df56926f9ee,"« Vos vies peuvent être en danger imminent » : l’est du Japon touché par des pluies torrentielles « sans précédent » Des pluies torrentielles « sans précédent » se sont abattues jeudi sur l’est du Japon, causant glissements de terrain et pannes d’électricité, et amenant les autorités météorologiques à décréter l",327,52,2026-08-13 21:32:19,charentelibre_fr,www.charentelibre.fr,editorial_api,fr,unlabeled,none,https://media.charentelibre.fr/30248241/1200x600/20260813160517-815812.jpg,data\images\b03f763b-93f1-4c95-aa5c-5df56926f9ee.jpg,True,True,True,api,2026-08-14T14:21:37.489407+00:00
4e22a8c1-198b-41c8-bcd7-44dd7fc9a2de,"Loi chinoise sur « l’unité ethnique » : contestation et inquiétudes chez les Tibétains Entrée en vigueur le 1 er juillet, la loi vise officiellement à renforcer l’unité nationale.",185,29,2026-08-13 21:21:26,radio_canada,ici.radio-canada.ca,editorial_api,fr,unlabeled,none,"https://images.radio-canada.ca/q_auto,w_635/v1/ici-info/16x9/tibet-manifestation-ambassade-chine-loi.jpg",data\images\4e22a8c1-198b-41c8-bcd7-44dd7fc9a2de.jpg,True,True,True,api,2026-08-14T14:21:37.490422+00:00
007f61a8-82dc-46c1-bdc6-bc7bc32a38fe,"Sud-Ubangi : ANAPI lance l’atelier de sensibilisation sur l’amélioration des climats des affaires Une délégation de l’Agence Nationale pour la Promotion des Investissements (ANAPI) conduite par Michel Maswapi, Directeur des climats des affaires est arrivée à Gemena ce mardi 11 août 2026 Objectif, lancer l’atelier de sensibilisation sur l’amélioration des climats des affaires Aussitôt arrivée, la délégation est allée présenter ses civilités au près de l’autorité provinciale Elle [...] L’article Sud-Ubangi : ANAPI lance l’atelier de sensibilisation sur l’amélioration des climats des affaires est apparu en premier sur Rtnc .",646,90,2026-08-13 21:18:47,rtnc,rtnc.cd,editorial_api,fr,unlabeled,none,https://rtnc.cd/wp-content/uploads/2026/08/IMG-20260813-WA0024.jpg,data\images\007f61a8-82dc-46c1-bdc6-bc7bc32a38fe.jpg,True,True,True,api,2026-08-14T14:21:37.492434+00:00
87bd78d0-1bb8-420f-9c39-e7fddc441c4e,"Canadian Tire s’appuie sur l’IA pour stimuler sa croissance face à l’économie morose La société coopère avec Microsoft pour développer Mosaic, une nouvelle plateforme d’intelligence client.",195,26,2026-08-13 21:16:00,ledevoir,www.ledevoir.com,editorial_api,fr,unlabeled,none,https://media1.ledevoir.com/image/1001750.jpg?crop=3%3A2%2Csmart&width=1600&ts=1786657380,data\images\87bd78d0-1bb8-420f-9c39-e7fddc441c4e.jpg,True,True,True,api,2026-08-14T14:21:37.493441+00:00
366ae22d-1539-432f-ba74-3a78da3f2df2,Manifestations propalestiniennes : la plainte de Trump contre Harvard est rejetée L'université est accusée d'avoir toléré des comportements antisémites lors de rassemblements sur son campus.,196,25,2026-08-13 21:08:48,radio_canada,ici.radio-canada.ca,editorial_api,fr,unlabeled,none,"https://images.radio-canada.ca/q_auto,w_635/v1/ici-info/16x9/logo-harvard.jpg",data\images\366ae22d-1539-432f-ba74-3a78da3f2df2.jpg,True,True,True,api,2026-08-14T14:21:37.494441+00:00
96c400e4-1528-40d5-abbd-1ba044d442ef,"« J'ai préservé ma dignité » : les adieux de Waly Diouf Bodian au Port de Dakar L'ancien directeur général du Port autonome de Dakar, Waly Diouf Bodian, a procédé ce jeudi 13 août 2026 à la passation de service...",222,40,2026-08-13 21:03:00,ndarinfo,www.ndarinfo.com,editorial_api,fr,unlabeled,none,https://www.ndarinfo.com/photo/art/grande/97683169-68010749.jpg?v=1786655019,data\images\96c400e4-1528-40d5-abbd-1ba044d442ef.jpg,True,True,True,api,2026-08-14T14:21:37.494945+00:00
91634a69-d8ae-4451-aff5-7b4fcff40d92,"L'Etna en éruption : des milliers de touristes bloqué En Sicile, l'Etna continue de cracher de la lave et d'importantes quantités de cendres L'aéroport de Catane est toujours fermé ce soir, laissant des milliers de vacanciers dans l'incertitude Des images aussi spectaculaires qu'inquiétantes.",299,43,2026-08-13 21:00:02,francetvinfo,www.franceinfo.fr,editorial_api,fr,unlabeled,none,https://www.franceinfo.fr/pictures/AtecV-h5OG0Xd3rFBkCuHUhgkxk/0x0:1080x1920/fit-in/432x243/filters:upscale():fill(blur):format(jpg):quality(50)/2026/08/13/6a7e15204ae31945685450.jpg,data\images\91634a69-d8ae-4451-aff5-7b4fcff40d92.jpg,True,True,True,api,2026-08-14T14:21:37.496722+00:00
e4dfb51f-1ca4-4b7e-833b-09fc6ea3d48a,"Un Canada résistant au climat demande la mise en œuvre accélérée de la Stratégie d’adaptation nationale. OTTAWA, ON, le 13 août 2026 /CNW/ — Le gouvernement du Canada a aujourd’hui publié .. The post Un Canada résistant au climat demande la mise en œuvre accélérée de la Stratégie d’adaptation nationale appeared first on Les Affaires .",348,56,2026-08-13 21:00:00,lesaffairs,www.lesaffaires.com,editorial_api,fr,unlabeled,none,https://edge.prnewswire.com/c/img/favicon.png?sn=C7211&amp;sd=2026-08-13,data\images\e4dfb51f-1ca4-4b7e-833b-09fc6ea3d48a.png,True,True,True,api,2026-08-14T14:21:37.497738+00:00
2b29104b-652d-4c84-8708-8a2aab40215e,"L'ambassadeur de France en Centrafrique visé par une procédure disciplinaire L'ambassadeur de France en Centrafrique Bruno Foucher dans la tourmente Selon une enquête du Canard enchaîné, le diplomate a invité plusieurs dizaines de jeunes femmes à l'ambassade, malgré un contexte sécuritaire tendu #franceinfo",317,43,2026-08-13 20:57:11,francetvinfo,www.franceinfo.fr,editorial_api,fr,unlabeled,none,https://www.franceinfo.fr/pictures/IY8S5PYaKNi6G-XnY0Pc66K8aNI/0x0:1080x1920/fit-in/432x243/filters:upscale():fill(blur):format(jpg):quality(50)/2026/08/13/6a7e2f9a6238c366535286.png,data\images\2b29104b-652d-4c84-8708-8a2aab40215e.jpg,True,True,True,api,2026-08-14T14:21:37.498742+00:00
cb7d9e1d-40b4-4f4d-8b90-1dc4babdd0a1,"Incendies : 400 hectares parcourus par les flammes dans les Landes, 400 habitants évacués Un nouvel incendie a parcouru 400 hectares jeudi dans les Landes, entraînant l’évacuation préventive d’environ 400 habitants Alors que les températures ont dépassé les 40 °C dans le département, 280 pompiers et plusieurs moyens aériens sont mobilisés pour tenter de contenir les flammes Un nouvel incendie s'est déclenché jeudi dans la forêt des Landes, asséchée par les canicules à répétition, parcourant 400 hectares et provoquant l'évacuation de 400 personnes ""La situation est défavorable"", a estimé jeudi soir la préfecture de ce département du Sud-Ouest, théâtre d'un incendie qui a ravagé 3.700 hectares de forêt fin juillet, au moment où un mégafeu parcourait plus de 40.000 hectares dans la Gironde voisine D’importants moyens mobilisés ""280 sapeurs-pompiers, 40 Unités Feux de Forêt et 8 moyens aériens - 2 Dash, 4 Canadairs - 2 Air Tractor sont actuellement engagés pour lutter contre la propagation de l'incendie, ainsi que 45 gendarmes"", ajoute dans un...",1093,164,2026-08-13 20:48:00,europe1,www.europe1.fr,editorial_api,fr,unlabeled,none,https://static.europe1.fr/var/europe1/storage/media/image/2026/08/13/22/080_hl_eruiz_3245396_1_6a7e2af6d0554.jpg,data\images\cb7d9e1d-40b4-4f4d-8b90-1dc4babdd0a1.jpg,True,True,True,api,2026-08-14T14:21:37.502866+00:00
7c41a772-fb72-4a61-acad-8c2a5c8c3160,"1.100 hectares brûlés, 525 personnes évacuées.. Ce que l'on sait de l'incendie en cours dans les Landes Un nouvel incendie a parcouru 1.100 hectares entre jeudi et vendredi dans les Landes, entraînant l’évacuation préventive d’environ 525 habitants Alors que les températures ont dépassé les 40 °C dans le département, quelque 500 pompiers et plusieurs moyens aériens sont mobilisés pour tenter de contenir les flammes Un nouvel incendie s'est déclenché jeudi dans la forêt des Landes, asséchée par les canicules à répétition, parcourant 1.100 hectares et provoquant l'évacuation de 525 personnes Les flammes n'ont, pour l'heure, pas causé de dégâts matériels majeurs, a annoncé vendredi matin le préfet du département, Gilles Clavreul Le feu est freiné"", grâce à la baisse des températures nocturnes et un air plus humide, selon le colonel Arnaud Fabre, chef du Sdis 40, qui redoute néanmoins de nouvelles sautes de feu avec le retour de la chaleur - 36°C sont attendus dans l'après-midi Les ""quinze prochaines heures seront déterminantes"", a déclaré à la presse...",1105,167,2026-08-13 20:48:00,europe1,www.europe1.fr,editorial_api,fr,unlabeled,none,https://static.europe1.fr/var/europe1/storage/media/image/2026/08/13/22/080_hl_eruiz_3245396_1_6a7e2af6d0554.jpg,data\images\7c41a772-fb72-4a61-acad-8c2a5c8c3160.jpg,True,True,True,api,2026-08-14T14:21:37.507933+00:00
72a253c0-f15c-4a5c-8d5b-cc72e242fdf3,"Le patron du PS, Olivier Faure, fustige Emmanuel Macron qui « s’amuse en jet ski pendant la canicule » Le premier secrétaire du Parti socialiste dénonce la mise en scène du chef de l’État en plein épisode de canicule et d’incendies alors que le cliché fait la Une de l’hebdomadaire “Paris Match”",301,52,2026-08-13 20:30:00,sudouest,www.sudouest.fr,editorial_api,fr,unlabeled,none,https://media.sudouest.fr/30249597/1200x600/20260727210523-72471412.jpg,data\images\72a253c0-f15c-4a5c-8d5b-cc72e242fdf3.jpg,True,True,True,api,2026-08-14T14:21:37.508936+00:00
42717797-0422-4453-ac28-cb65df04ed61,"« J’aime bien savoir, ça me rassure et ça confirme bien souvent mes intuitions » : médiums, chamans, sophrologues.. Immersion au premier salon Zen-attitude de Cannes Ce jeudi 13 août signe le lancement de la première édition de Zen-attitude, le salon du bien-être et de la spiritualité Organisé par l’association Zénitude, le salon se tient au Canopy by Hilton, à Cannes, jusqu’au 22 août.",401,64,2026-08-13 20:16:08,nicematin,www.nicematin.com,editorial_api,fr,unlabeled,none,https://assets.nicematin.com/articles/10/70/53/70/OG-10705370-1200-800-fb7aa5c_upload-1-7awua7i0mznu-img-0425.jpg,data\images\42717797-0422-4453-ac28-cb65df04ed61.jpg,True,True,True,api,2026-08-14T14:21:37.509958+00:00
63d277a6-6553-4d2b-9aa3-d81b3aee0987,"CHOMAGE ET VIE CHERE EN ZAMBIE : Les défis majeurs du futur président Appelés aux urnes hier, 13 août 2026, pour choisir leur nouveau président et leurs députés pour les cinq prochaines années, les Zambiens ont répondu présents Si, pour l’heure, le taux de participation n’est pas encore connu, on note toutefois une forte affluence des électeurs et [...] L’article CHOMAGE ET VIE CHERE EN ZAMBIE : Les défis majeurs du futur président est apparu en premier sur Editions Le Pays .",493,82,2026-08-13 20:08:40,lepays,lepays.bf,editorial_api,fr,unlabeled,none,https://lepays.bf/wp-content/uploads/2026/08/ZAMBIE.avif,,True,False,True,api,2026-08-14T14:21:37.510962+00:00
0143482c-6dec-4163-8b74-26a192256ef1,"Climat malsain à l’urgence du CHAUR: «On se sent intimidées» Rien ne va plus à l’urgence du Centre hospitalier affilié universitaire régional (CHAUR) de Trois-Rivières, déplorent des infirmières qui doivent prolonger leur quart de travail quasi quotidiennement.",269,37,2026-08-13 20:00:52,ledroit,www.ledroit.com,editorial_api,fr,unlabeled,none,https://lescoopsdelinformation-le-droit-prod.web.arc-cdn.net/resizer/v2/LK47EJ44QNF67DE2WLBWPKW3P4.jpg?auth=bcb10537a2a4957589e99385d8bf7f31515c310e907dd520e71b01cb1c2a7c5a&smart=true&width=2738&height=1825,data\images\0143482c-6dec-4163-8b74-26a192256ef1.jpg,True,True,True,api,2026-08-14T14:21:37.510962+00:00
d2862788-c9f1-41e8-b1db-eb29856b3062,"En grève, les pompiers réclament plus de moyens Les pompiers étaient appelés à faire grève pour dénoncer le manque de moyens Malgré un rencontre avec le ministre de l'Intérieur, Laurent Nunez, les représentants de l'intersyndicale des sapeurs-pompiers professionnels assurent ""ne pas avoir eu de réponse concrète"".",326,46,2026-08-13 20:00:02,francetvinfo,www.franceinfo.fr,editorial_api,fr,unlabeled,none,https://www.franceinfo.fr/pictures/_3nBp5WNWWWbWzzlBU_LNh35wxo/0x0:1080x1920/fit-in/432x243/filters:upscale():fill(blur):format(jpg):quality(50)/2026/08/13/6a7e11db0ec3b275235866.jpg,data\images\d2862788-c9f1-41e8-b1db-eb29856b3062.jpg,True,True,True,api,2026-08-14T14:21:37.514988+00:00
dc480200-83f6-45cd-ba6f-55781f909731,"Pourquoi cette visite de Vladimir Poutine dans les îles Kouriles fait hurler le Japon Les relations russo-japonaises sont marquées par des tensions autour de ces îles dont s’est emparée l’armée soviétique en 1945, à la toute fin de la Seconde Guerre mondiale.",266,42,2026-08-13 19:58:22,huffingtonpost_fr,www.huffingtonpost.fr,editorial_api,fr,unlabeled,none,https://focus.huffingtonpost.fr/2026/08/13/76/0/4997/2810/0/0/60/0/16e3a44_upload-1-oo5lssdxaou3-afp-20260813-c4jt3zt-v1-highres-russiapoliticsjapankurils.jpg,data\images\dc480200-83f6-45cd-ba6f-55781f909731.jpg,True,True,True,api,2026-08-14T14:21:37.515998+00:00
d3c33249-c869-4b75-a852-f1860d579796,"Dispute entre la Russie et le Japon après une visite de Vladimir Poutine aux îles Kouriles La Russie et le Japon ont échangé jeudi des critiques acerbes après une visite, pour la première fois, du président Vladimir Poutine dans les Kouriles, un archipel au coeur d'un différend territorial entre les deux pays qui dure depuis des décennies Les relations",363,59,2026-08-13 19:56:46,boursorama,www.boursorama.com,editorial_api,fr,unlabeled,none,,,False,False,True,api,2026-08-14T14:21:37.515998+00:00
a0bcfe10-792f-4211-b6e8-02627f8119db,"Coopération militaire : le Sénégal et la Mauritanie lancent des patrouilles fluviales conjointes sur le fleuve Sénégal PRESSAFRIK - Dans le cadre du renforcement de la coopération en matière de défense et de sécurité, les unités de la Zone militaire N°2 du...",270,42,2026-08-13 19:53:00,cridem,www.cridem.org,editorial_api,fr,unlabeled,none,http://www.cridem.org/media/photos/photo/dirpa_772156320.jpg,data\images\a0bcfe10-792f-4211-b6e8-02627f8119db.jpg,True,True,True,api,2026-08-14T14:21:37.516724+00:00
f06823d9-acc2-4fea-bb37-c7c8c09c4112,"Incendie à Guérande : 2 000 campeurs évacués, feu fixé, selon la préfecture de Loire-Atlantique Le feu de végétation qui s’est déclaré à proximité d’un camping a nécessité une intervention massive des secours et a entraîné l’évacuation de centaines de personnes",278,41,2026-08-13 19:39:56,sudouest,www.sudouest.fr,editorial_api,fr,unlabeled,none,https://media.sudouest.fr/30248872/1200x600/20260801173041-so2.jpg,data\images\f06823d9-acc2-4fea-bb37-c7c8c09c4112.jpg,True,True,True,api,2026-08-14T14:21:37.518735+00:00
7917a131-709a-419f-a2d7-1391812cbd52,"10 endroits au Canada que les Américains n'ont aucune raison de continuer à ignorer Pas de Toronto, pas de Banff, pas de Chutes du Niagara — les parties du Canada qui échappent rarement au radar des Américains et qui le devraient vraiment",242,42,2026-08-13 19:31:59,qz_fr,fr.qz.com,editorial_api,fr,unlabeled,none,"https://qz.com/cdn-cgi/image/width=600,quality=85,format=auto/https://assets.qz.com/media/robert-sachowski-ufEvAmx1KO4-unsplash.jpg",data\images\7917a131-709a-419f-a2d7-1391812cbd52.jpg,True,True,True,api,2026-08-14T14:21:37.519734+00:00
29e501e7-b362-461b-8d5b-eb467782ce00,"Fnideq sous haute surveillance, accès à Bab Sebta interdit aux non-voyageurs Un dispositif de bouclage a été mis en place dès l’aube ce jeudi aux abords de Bab Sebta, avec des mesures strictes interdisant l’accès à toute personne non-voyageuse au niveau de la ville de Fnideq Ce déploiement sécuritaire intervient à moins de 48 heures de l’échéance du 15 août, date ciblée par des appels viraux à des franchissements collectifs clandestins du préside occupé de Sebta.",484,76,2026-08-13 19:30:40,le360,fr.le360.ma,editorial_api,fr,unlabeled,none,https://fr.le360.ma/resizer/v2/W2RQPRNXHREVLBSCSKMYA4D7OE.png?auth=69bb25232f1978c7027aeeb72cd18cfa9ab3eb6d8fb186c0dd641aa14aa8a6e2&smart=true&width=1920&height=1080,data\images\29e501e7-b362-461b-8d5b-eb467782ce00.jpg,True,True,True,api,2026-08-14T14:21:37.520734+00:00
76d6511e-c90b-4da4-be0c-6ee1fc2122d4,L’impossible équation budgétaire et politique de Lecornu [L’éditorial de CL] Sébastien Lecornu ne pourra faire que le minimum budgétaire pour un objectif politique majeur : ne pas faire de ce dernier budget de la décennie macroniste une crise politique et institutionnelle à quelques,290,43,2026-08-13 21:34:00,charentelibre_fr,www.charentelibre.fr,editorial_api,fr,unlabeled,none,https://media.charentelibre.fr/30246586/1200x600/20260414161104-9698612.jpg,data\images\76d6511e-c90b-4da4-be0c-6ee1fc2122d4.jpg,True,True,True,api,2026-08-14T14:21:37.521734+00:00
68945aa4-9b9d-49db-86e7-fa67ffea8aac,"«Certains jeunes se sont sentis trahis par l’UDC» Qui sont ces nationalistes qui veulent entrer au Grand Conseil fribourgeois? Souverainiste et porté par de jeunes candidats, le parti Rassemblement patriote se lance en Sarine-Campagne",235,34,2026-08-13 17:42:00,laliberte_ch,www.laliberte.ch,editorial_api,fr,unlabeled,none,https://mediasp.twassets.cloud/LL/2026/8/CL_2024_07_06_Giron_Suisse_7_0e85693aaf.jpg?rect=0%2C0%2C0%2C0&fp-x=0.5&fp-y=0.5,data\images\68945aa4-9b9d-49db-86e7-fa67ffea8aac.jpg,True,True,True,api,2026-08-14T14:21:37.523238+00:00
a1f96ea9-76d6-4fce-968c-3580d49560ac,"""La France pour tous"" : la campagne où Jacques Chirac a croqué la pomme Cet été, Fabrice d'Almeida sonde les slogans des élections présidentielles sous la Ve République De quoi se rafraîchir la mémoire avant l'élection de 2027 Aujourd'hui, l'élection de 1995, avec Jacques Chirac et son slogan officiel : ""La France pour tous"".",338,54,2026-08-13 15:22:10,radiofrance_fr,www.radiofrance.fr,editorial_api,fr,unlabeled,none,,,False,False,True,api,2026-08-14T14:21:37.523238+00:00
587d71f3-f7b9-4693-9a96-d81a5ea7d2f5,"Haïti - Loisirs : Le Saviez-vous ? #50 Quiz.HaitiLibre, vous propose 2 fois par semaine une chronique intitulée « Le Saviez-vous ? » Aujourd'hui nous vous demandons, quelle variété de mangue, en Haïti et exportée, est célèbre pour sa chair douce, fibreuse et sa forme légèrement allongée...?",302,47,2026-08-13 15:00:25,haitilibre,www.haitilibre.com,editorial_api,fr,unlabeled,none,https://www.haitilibre.com/images-a/g-48210.webp,data\images\587d71f3-f7b9-4693-9a96-d81a5ea7d2f5.jpg,True,True,True,api,2026-08-14T14:21:37.525243+00:00
e0f74590-4b18-4883-91e9-3fc5707b15ff,"Yves Montigny fait de la santé une priorité en vue des élections À l’approche des élections provinciales d’octobre, le député de René-Lévesque, Yves Montigny, dresse un bilan des avancées réalisées en santé sur la Côte-Nord et reconnaît que plusieurs défis demeurent, notamment la pénurie de médecins de famille et la pression sur les urgences Candidat à sa réélection, il souhaite poursuivre le travail amorcé au cours des [...] The post Yves Montigny fait de la santé une priorité en vue des élections appeared first on Le Manic .",557,88,2026-08-13 15:00:00,lemanic_ca,www.lemanic.ca,editorial_api,fr,unlabeled,none,https://www.lemanic.ca/wp-content/uploads/sites/2/2026/08/bffdd620f2856630ed620f285070edv.jpeg,data\images\e0f74590-4b18-4883-91e9-3fc5707b15ff.jpg,True,True,True,api,2026-08-14T14:21:37.527259+00:00
d1edf180-7fca-4bdd-96a1-0a3f88e38b67,"Yves Montigny fait de la santé une priorité en vue des élections À l’approche des élections provinciales d’octobre, le député de René-Lévesque, Yves Montigny, dresse un bilan des avancées réalisées en santé sur la Côte-Nord et reconnaît que plusieurs défis demeurent, notamment la pénurie de médecins de famille et la pression sur les urgences Candidat à sa réélection, il souhaite poursuivre le travail amorcé au cours des [...] The post Yves Montigny fait de la santé une priorité en vue des élections appeared first on Le Haute Côte-Nord .",568,89,2026-08-13 15:00:00,journalhcn,www.journalhcn.com,editorial_api,fr,unlabeled,none,https://www.journalhcn.com/wp-content/uploads/sites/4/2026/08/bffdd620f2856630ed620f285070edv.jpeg,data\images\d1edf180-7fca-4bdd-96a1-0a3f88e38b67.jpg,True,True,True,api,2026-08-14T14:21:37.528259+00:00
c77445ca-7ea1-4038-866b-f034491bca4d,"L'été 2016 : l'entrée d'Emmanuel Macron dans la course à la présidentielle, Alain Juppé en tête des sondages à droite Deux attaques terroristes marquent cet été 2016 pendant lequel Emmanuel Macron fait son entrée en campagne pour la présidentielle Un point d'interrogation plane sur la candidature ou non du président François Hollande.",350,52,2026-08-13 14:44:35,radiofrance_fr,www.radiofrance.fr,editorial_api,fr,unlabeled,none,,,False,False,True,api,2026-08-14T14:21:37.529259+00:00
abe24d66-133e-4e6c-85fd-f5d0c3dada67,Haïti - Agriculture : Le Ministère transforme le paysage rural L'agronome Marcelin Aubourg ne cesse de parcourir le pays afin de s'enquérir de l'état d'avancement des travaux réalisés dans le cadre du Projet d'Agriculture Résiliente pour la Sécurité Alimentaire (PARSA)...,281,40,2026-08-13 14:10:57,haitilibre,www.haitilibre.com,editorial_api,fr,unlabeled,none,https://www.haitilibre.com/images-a/g-48207.webp,data\images\abe24d66-133e-4e6c-85fd-f5d0c3dada67.jpg,True,True,True,api,2026-08-14T14:21:37.530466+00:00
65c20c5f-811f-4733-8a90-57e3c1e97698,"Haïti - Football : La FHF souhaite le retour des matchs internationaux à domicile (en Haïti) Le Ministère de la Jeunesse et des Sports (MJSAC) a organisé, en début de semaine une séance d'échange d'informations avec la presse sportive autour des Directives du Stade CONCACAF 2026-2027...",295,46,2026-08-13 12:59:45,haitilibre,www.haitilibre.com,editorial_api,fr,unlabeled,none,https://www.haitilibre.com/images-a/g-48203.webp,data\images\65c20c5f-811f-4733-8a90-57e3c1e97698.jpg,True,True,True,api,2026-08-14T14:21:37.531483+00:00
4a7979ad-8a79-47c6-86fd-f296516ed035,"Philippe C.-Boudreau veut offrir une option de gauche dans René-Lévesque Candidat pour la première fois à une élection, Philippe C.-Boudreau souhaite profiter de la campagne provinciale pour proposer une option de gauche aux électeurs de René-Lévesque Développement économique régional, relations avec les communautés innues et environnement figurent parmi les dossiers que le candidat de Québec solidaire entend mettre de l’avant Membre de Québec solidaire depuis [...] The post Philippe C.-Boudreau veut offrir une option de gauche dans René-Lévesque appeared first on Le Haute Côte-Nord .",608,85,2026-08-13 11:00:00,journalhcn,www.journalhcn.com,editorial_api,fr,unlabeled,none,https://www.journalhcn.com/wp-content/uploads/sites/4/2026/08/f2a0a1c8bc7a6e6a0a1c8bc7a6ca0av.jpeg,data\images\4a7979ad-8a79-47c6-86fd-f296516ed035.jpg,True,True,True,api,2026-08-14T14:21:37.533999+00:00
23c3041f-df7a-4b98-8e78-a759cbdddc8b,"Philippe C.-Boudreau veut offrir une option de gauche dans René-Lévesque Candidat pour la première fois à une élection, Philippe C.-Boudreau souhaite profiter de la campagne provinciale pour proposer une option de gauche aux électeurs de René-Lévesque Développement économique régional, relations avec les communautés innues et environnement figurent parmi les dossiers que le candidat de Québec solidaire entend mettre de l’avant Membre de Québec solidaire depuis [...] The post Philippe C.-Boudreau veut offrir une option de gauche dans René-Lévesque appeared first on Le Manic .",597,84,2026-08-13 11:00:00,lemanic_ca,www.lemanic.ca,editorial_api,fr,unlabeled,none,https://www.lemanic.ca/wp-content/uploads/sites/2/2026/08/f2a0a1c8bc7a6e6a0a1c8bc7a6ca0av.jpeg,data\images\23c3041f-df7a-4b98-8e78-a759cbdddc8b.jpg,True,True,True,api,2026-08-14T14:21:37.536835+00:00
1aacb7b7-d649-4b4a-bcb4-4a747a0f7fd6,"L’urgence électorale éloigne le débat des priorités nationales du Sénégal Une analyse appelle le Sénégal à privilégier la reconstruction économique, l’emploi et la souveraineté alimentaire plutôt qu’une focalisation précoce sur les élections.",257,32,2026-08-13 08:04:43,senego,senego.com,editorial_api,fr,unlabeled,none,https://senego.com/wp-content/uploads/2026/08/tmponi8_l9e.jpg,data\images\1aacb7b7-d649-4b4a-bcb4-4a747a0f7fd6.jpg,True,True,True,api,2026-08-14T14:21:37.537857+00:00
7283a78b-01d0-4a11-bb29-f756c2bfa285,"Qu’a-t-on retenu de l’affaire Quentin Deranque ? Le 12 février, Quentin Deranque, militant d’extrême droite de 23 ans, mourait après un affrontement avec des antifascistes à Lyon Six mois plus tard, l’enquête éclaire les violences politiques et les pratiques de ces groupes.",280,42,2026-08-13 05:38:00,radiofrance_fr,www.radiofrance.fr,editorial_api,fr,unlabeled,none,,,False,False,True,api,2026-08-14T14:21:37.537857+00:00
3140a80a-821a-47be-89c6-001a6d864144,FDR : Modou Diagne Fada désigné coordonnateur pour préparer les prochaines élections Le FDR a désigné Modou Diagne Fada comme coordonnateur et demande l’accélération de ses coordinations locales en vue des prochains scrutins.,233,33,2026-08-13 02:41:00,senego,senego.com,editorial_api,fr,unlabeled,none,https://senego.com/wp-content/uploads/2026/08/tmp5tmbhk5o.webp,data\images\3140a80a-821a-47be-89c6-001a6d864144.jpg,True,True,True,api,2026-08-14T14:21:37.539363+00:00
159c6493-1f93-4f42-8ebb-096dad114a32,Noo Lank appelle à fixer sans délai la date des élections locales et brandit la menace d’un recours Noo Lank presse le chef de l'État de fixer la date des élections locales Le mouvement estime qu'un report au-delà du 23 janvier 2027 ouvrirait la voie à un recours judiciaire.,282,49,2026-08-12 21:59:25,senego,senego.com,editorial_api,fr,unlabeled,none,https://senego.com/wp-content/uploads/2026/08/tmp3tresv2l.jpg,data\images\159c6493-1f93-4f42-8ebb-096dad114a32.jpg,True,True,True,api,2026-08-14T14:21:37.540389+00:00
e686cc92-f720-40b9-894e-a0aeffc88403,"Le document contraignant proposé par le syndicat a peu de succès Les élus boudent la charte d’Unia Seuls treize élus communaux, dont quatre à Fribourg, ont accepté de signer l’engagement écrit Malgré ce succès mitigé, Unia maintient son offensive pour les élections cantonales.",288,43,2026-08-12 17:57:01,laliberte_ch,www.laliberte.ch,editorial_api,fr,unlabeled,none,https://mediasp.twassets.cloud/LL/2026/8/685500553_highres_3678fb6a94.jpg?rect=0%2C0%2C0%2C0&fp-x=0.5&fp-y=0.5,data\images\e686cc92-f720-40b9-894e-a0aeffc88403.jpg,True,True,True,api,2026-08-14T14:21:37.541396+00:00
f13321c1-edec-413b-b7f1-0e863ea70825,"Haïti - Loisirs : Le Saviez-vous ? #49 Quiz.HaitiLibre, vous propose une chronique intitulée « Le Saviez-vous ? » Aujourd'hui nous vous demandons, quel vêtement composé d'une seule pièce de tissu rectangulaire avec une ouverture pour la tête est originaire de la cordillère des Andes...",293,45,2026-08-12 15:31:02,haitilibre,www.haitilibre.com,editorial_api,fr,unlabeled,none,https://www.haitilibre.com/images-a/g-48202.webp,data\images\f13321c1-edec-413b-b7f1-0e863ea70825.jpg,True,True,True,api,2026-08-14T14:21:37.542420+00:00
6f5fce1b-6144-4632-bdf2-9980ca85b4c5,"""Génération Mitterrand"" et ""La France unie"" : une dimension intemporelle ? Cet été, Fabrice d'Almeida sonde les slogans des élections présidentielles sous la Ve République De quoi se rafraîchir la mémoire avant l'élection de 2027 Aujourd'hui, retour en 1988, avec François Mitterrand et deux slogans : ""Génération Mitterrand"" et ""La France unie"".",359,52,2026-08-12 15:22:10,radiofrance_fr,www.radiofrance.fr,editorial_api,fr,unlabeled,none,,,False,False,True,api,2026-08-14T14:21:37.543428+00:00
7e932161-c4e5-4bdd-a639-13bf23726f98,"Haïti - Environnement : Saison des ouragans, Le MARNDR à pied d'œuvre à Ravine Sèche (Torbeck) En pleine saison des ouragans, le Ministère de l'Agriculture (MARNDR) multiplie ses interventions dans le Sud afin de réduire les risques auxquels sont exposées les communautés rurales...",290,43,2026-08-12 14:09:58,haitilibre,www.haitilibre.com,editorial_api,fr,unlabeled,none,https://www.haitilibre.com/images-a/g-48199.webp,data\images\7e932161-c4e5-4bdd-a639-13bf23726f98.jpg,True,True,True,api,2026-08-14T14:21:37.544934+00:00
314cafea-4558-4d7f-aa24-2db4999b0a7f,Plusieurs voix s’élèvent après le décès d’un enfant au Nunavik Jusi Padlayat serait décédé après une prise en charge inadéquate à l’hôpital.,152,22,2026-08-13 22:53:00,ledevoir,www.ledevoir.com,editorial_api,fr,unlabeled,none,https://media1.ledevoir.com/image/1001792.jpg?crop=3%3A2%2Csmart&width=1600&ts=1786662740,data\images\314cafea-4558-4d7f-aa24-2db4999b0a7f.jpg,True,True,True,api,2026-08-14T14:21:37.544934+00:00
9a37b1b0-89a7-4234-b687-fb8750cd6ca7,"Gamou de Tivaouane : un dispositif sanitaire renforcé avec 3 000 agents mobilisés À quelques jours du Gamou de Tivaouane, les autorités sanitaires de la région de Thiès mettent en place un important dispositi...",217,34,2026-08-13 22:47:00,leral,www.leral.net,editorial_api,fr,unlabeled,none,https://www.leral.net/photo/art/grande/97683679-68010966.jpg?v=1786661544,data\images\9a37b1b0-89a7-4234-b687-fb8750cd6ca7.jpg,True,True,True,api,2026-08-14T14:21:37.546456+00:00
74bfc97d-57fd-4b9d-8e4b-c83343f4d622,"Saint-Louis : Plaidoyer pour l’adoption du projet de loi sur la santé numérique Saint-Louis, 13 août (APS) – Abdou Aziz Mandiang, chargé de projet à ENDA Santé et membre de la Coalition Transform Health Sénégal, a appelé, jeudi, les autorités à accélérer l’adoption du projet de loi sur la santé numérique pour mieux répondre aux besoins des communautés ‘’À partir de Saint-Louis, nous lançons cet appel pour demander [...] The post Saint-Louis : Plaidoyer pour l’adoption du projet de loi sur la santé numérique first appeared on APS .",557,89,2026-08-13 22:43:17,aps_sn,aps.sn,editorial_api,fr,unlabeled,none,https://aps.sn/wp-content/uploads/2026/08/ppsll.webp,data\images\74bfc97d-57fd-4b9d-8e4b-c83343f4d622.jpg,True,True,True,api,2026-08-14T14:21:37.548576+00:00
7a0fc34f-45c3-43bf-bf72-ff29cdbe9644,"Plaisance-du-Touch Malgré la chaleur, les donneurs de sang sont présents La chaleur n’aura pas découragé les donneurs de sang Organisée lundi et mardi matin, la collecte portée par l’association locale a permis d’accueillir près d’une centaine de donneurs dès la première matinée ""Nous...",298,43,2026-08-13 21:41:40,ladepeche,www.ladepeche.fr,editorial_api,fr,unlabeled,none,https://images.ladepeche.fr/api/v1/images/view/6a7e3c5667830c5a570899e0/standard/image.jpg?v=1,data\images\7a0fc34f-45c3-43bf-bf72-ff29cdbe9644.jpg,True,True,True,api,2026-08-14T14:21:37.549591+00:00
0f44d709-2fda-4072-be97-129d02d6ecc5,"Gamou de Tivaouane : l’hôpital régional, l’hôpital militaire de la base aérienne et Saint-Jean-de-Dieu participeront au dispositif sanitaire, selon nos confrères Pour le Gamou de Tivaouane, les autorités sanitaires de Thiès prévoient 3 000 agents, 54 ambulances et l’appui de plusieurs hôpitaux.",304,42,2026-08-13 20:07:36,senego,senego.com,editorial_api,fr,unlabeled,none,https://senego.com/wp-content/uploads/2026/08/tmpiv2uckqd.png,data\images\0f44d709-2fda-4072-be97-129d02d6ecc5.png,True,True,True,api,2026-08-14T14:21:37.552909+00:00
11291464-f34c-4970-a196-09dfe2fdb984,"Artisanales ou industrielles, bâtonnets ou pots.. Qu'y a-t-il vraiment dans les glaces ? Glaces artisanales ou industrielles, les recettes peuvent être très différentes derrière une même promesse de gourmandise Entre composition, additifs et quantité d’air incorporée, ce qui se cache dans les pots et les bâtonnets peut aussi faire varier leur qualité et leur prix.",376,55,2026-08-13 19:51:57,francetvinfo,www.franceinfo.fr,editorial_api,fr,unlabeled,none,https://www.franceinfo.fr/pictures/T2TIEDHkc83pMD9roVK6WQgmoec/0x33:1467x859/432x243/filters:format(jpg):quality(50)/2026/08/13/6a7e200c4cba2435545185.jpg,data\images\11291464-f34c-4970-a196-09dfe2fdb984.jpg,True,True,True,api,2026-08-14T14:21:37.554416+00:00
70d009c0-de5b-40cc-a3cb-90cd80aaddba,"Un nouveau virus affecte les bovins Des symptômes observés sur des vaches fribourgeoises Un nouveau orthobunyavirus cause fièvre et baisse de la production laitière chez les bovins, y compris dans le canton de Fribourg.",223,34,2026-08-13 19:08:01,laliberte_ch,www.laliberte.ch,editorial_api,fr,unlabeled,none,https://mediasp.twassets.cloud/LL/2026/8/Agriculture_190524_AWI_01_95ff1e122c.jpg?rect=0%2C0%2C0%2C0&fp-x=0.5&fp-y=0.5,data\images\70d009c0-de5b-40cc-a3cb-90cd80aaddba.jpg,True,True,True,api,2026-08-14T14:21:37.554938+00:00
7b72bf22-efb4-422c-a3d7-a5117bdb4b98,"""Il n'y a pas de profil type"" : ces personnes qui souffrent d’éco-anxiété Le pic de chaleur de la nouvelle canicule ravive une inquiétude beaucoup plus silencieuse : huit Français sur dix disent redouter les conséquences du changement climatique Chez certaines personnes, cette éco-anxiété peut paralyser le quotidien.",327,48,2026-08-13 19:00:36,francetvinfo,www.franceinfo.fr,editorial_api,fr,unlabeled,none,https://www.franceinfo.fr/pictures/qd67rAFemNLEN3lqzL13uOR6DcE/0x0:1920x1080/432x243/filters:format(jpg):quality(50)/2026/08/13/6a7e120d994bb495548772.jpg,data\images\7b72bf22-efb4-422c-a3d7-a5117bdb4b98.jpg,True,True,True,api,2026-08-14T14:21:37.555962+00:00
441348f6-2920-4a9c-8110-3349f3d2d73c,"« Ces interventions sont destinées à éliminer d’éventuels insectes porteurs du virus » : à Blaye, un traitement contre le moustique tigre suite à un cas d’arbovirose Un cas d’arbovirose a été signalé dans le quartier de l’hôpital L’objectif de cette démoustication, menée à titre préventive, est d’éviter une éventuelle contamination",349,51,2026-08-13 18:30:00,sudouest,www.sudouest.fr,editorial_api,fr,unlabeled,none,https://media.sudouest.fr/30243695/1200x600/lav-tech-thermo-1.jpg,data\images\441348f6-2920-4a9c-8110-3349f3d2d73c.jpg,True,True,True,api,2026-08-14T14:21:37.556987+00:00
f957198d-8a18-462c-a824-d8a32033cbfd,"« Elle est partie en 3 jours » : enquête ouverte après la mort d’une fillette en Bretagne, une intoxication alimentaire suspectée Une enquête a été ouverte après le décès dans la nuit du 31 juillet au 1er août d’une fillette de 2 ans, qui pourrait être dû à une « contamination bactérienne », a-t-on appris jeudi auprès du parquet de Quimper.",357,62,2026-08-13 18:23:04,nicematin,www.nicematin.com,editorial_api,fr,unlabeled,none,https://assets.nicematin.com/articles/10/70/55/12/OG-10705512-1200-800-2f83b40_upload-from-url-1-ajxza99g4w91-data-art-16573171.jpg,data\images\f957198d-8a18-462c-a824-d8a32033cbfd.jpg,True,True,True,api,2026-08-14T14:21:37.557994+00:00
6495a486-5fc4-4742-a138-d881e6cdff42,"Financer la digitalisation des hopitaux sans endetter l’État : le pari réussi d’une healthtech guinéenne devenue panafricaine Et si la transformation numérique des hôpitaux africains pouvait se faire sans alourdir la dette publique ? Née en Guinée, la start-up Kouma Academy a fait de ce pari une réalité qui dépasse aujourd’hui les frontières nationales Avec sa technologie « Visa Medical » — déployée dans 19 établissements publics guinéens avec le soutien du [...]",482,73,2026-08-13 18:07:33,guineenews,guineenews.org,editorial_api,fr,unlabeled,none,https://guineenews.org/wp-content/uploads/2026/08/IMG-20260813-WA0010.jpg,data\images\6495a486-5fc4-4742-a138-d881e6cdff42.jpg,True,True,True,api,2026-08-14T14:21:37.560001+00:00
7b69c967-4b53-4f2b-b68d-142c6cc57601,"Une mission de plaidoyer à Sédhiou pour une réponse collective face aux défis persistants dans la lutte contre le VIH Sédhiou, 13 aout (APS)-Le directeur exécutif de l’Alliance nationale des communautés pour la santé (ANCS) Massogui Thiandoum a conduit jeudi une mission de plaidoyer auprès des autorités administratives, des collectivités territoriales et des acteurs de santé de la région de Sédhiou (sud) en vue de renforcer la mobilisation face aux défis persistants dans la lutte [...] The post Une mission de plaidoyer à Sédhiou pour une réponse collective face aux défis persistants dans la lutte contre le VIH first appeared on APS .",660,103,2026-08-13 18:01:19,aps_sn,aps.sn,editorial_api,fr,unlabeled,none,https://aps.sn/wp-content/uploads/2026/08/massoguithiandoumdirecteurtechniqueancs.webp,data\images\7b69c967-4b53-4f2b-b68d-142c6cc57601.jpg,True,True,True,api,2026-08-14T14:21:37.560507+00:00
9c9e0c90-ca26-4d52-b826-41b86c07f19e,"En Macédoine du Nord, ils élèvent des pigeons pour lutter contre le stress En Macédoine du Nord, des habitants se rendent chaque jour dans des pigeonniers pour échapper au stress de la capitale Ces lieux, où sont élevés des pigeons voyageurs, sont devenus des espaces de rencontre qui permettent de rompre avec la solitude et de perpétuer une tradition encore bien ancrée dans le pays.",395,65,2026-08-13 18:00:01,francetvinfo,www.franceinfo.fr,editorial_api,fr,unlabeled,none,https://www.franceinfo.fr/pictures/QbQRVe6OCp-MpojKeXGXCT7U-_8/0x0:1080x1920/fit-in/432x243/filters:upscale():fill(blur):format(jpg):quality(50)/2026/08/13/6a7dd36a043f6067437540.jpg,data\images\9c9e0c90-ca26-4d52-b826-41b86c07f19e.jpg,True,True,True,api,2026-08-14T14:21:37.561528+00:00
fbee2658-f205-46b2-90f9-d3855c23bfed,"Votre visite chez le kiné risque de coûter plus cher en 2027 : limite du nombre de séances, évolution des tarifs.. Voici ce qui pourrait changer Face à des dépenses en hausse de 4 % par an, l’Assurance maladie propose de réformer le remboursement des actes de kinésithérapie dès 2027 Ce projet envisage un plafonnement des séances et l’obligation d’installation...",375,60,2026-08-13 17:37:12,midilibre,www.midilibre.fr,editorial_api,fr,unlabeled,none,https://images.midilibre.fr/api/v1/images/view/6a7dfced1248027c6a0bd20a/standard/image.jpg?v=1,data\images\fbee2658-f205-46b2-90f9-d3855c23bfed.jpg,True,True,True,api,2026-08-14T14:21:37.563035+00:00
9faa241b-318d-4ea9-bd41-ef9f793d071b,"Métropole de Lyon « Pour l’instant, c’est calme » : les pharmacies et ophtalmologues croisent les doigts après l’éclipse Au lendemain de l’éclipse solaire partielle, jeudi 13 août, aucun afflux de victimes de brûlures à la rétine n’est pour l’instant à déclarer dans les pharmacies et cabinets d’ophtalmologie de la Métropole de Lyon Le bilan de passages aux urgences dans les hôpitaux lyonnais est encore attendu.",426,66,2026-08-13 17:17:49,leprogres,www.leprogres.fr,editorial_api,fr,unlabeled,none,https://cdn-s-www.leprogres.fr/images/672B5F25-E1E9-4548-9412-7935D197363A/MF_contenu/pour-l-instant-c-est-calme-les-pharmacies-et-ophtalmologues-croisent-les-doigts-apres-l-eclipse-1786641468.jpg,data\images\9faa241b-318d-4ea9-bd41-ef9f793d071b.jpg,True,True,True,api,2026-08-14T14:21:37.565074+00:00
28918162-b466-471b-bb0a-1d88876047f8,"« Le problème, c’est l’enchaînement » : comment les urgences de l’hôpital de Loches font face aux canicules à répétition L’hôpital de Loches fait face à sa cinquième vague de chaleur depuis le début de l’été Les urgences doivent faire preuve d’adaptation face à la hausse d’activité.",297,47,2026-08-13 17:08:38,lanouvellerepublique_fr,www.lanouvellerepublique.fr,editorial_api,fr,unlabeled,none,https://images.lanouvellerepublique.fr/image/upload/6a7dfa14e9952f1c1b8b45cd,data\images\28918162-b466-471b-bb0a-1d88876047f8.jpg,True,True,True,api,2026-08-14T14:21:37.566099+00:00
5e797b75-8257-4579-a7ef-321cc816c243,"Santé L'accélération de l'épidémie d'Ebola se poursuit en RDC : une sixième province du pays touchée L'épidémie d'Ebola, s'est étendue à une sixième province dans le nord du pays et menace de se propager au Soudan du Sud voisin.",240,39,2026-08-13 17:06:00,ledauphine,www.ledauphine.com,editorial_api,fr,unlabeled,none,https://cdn-s-www.ledauphine.com/images/3022DBC0-9D17-4033-90E6-BDBFC8DFD23B/NW_listB/l-acceleration-de-l-epidemie-d-ebola-se-poursuit-en-rdc-une-sixieme-province-du-pays-touchee-1786640793.jpg,data\images\5e797b75-8257-4579-a7ef-321cc816c243.jpg,True,True,True,api,2026-08-14T14:21:37.566784+00:00
7c39f83d-eb95-41c0-9590-8ea95c3fb7b9,"RD Congo L'accélération de l'épidémie d'Ebola se poursuit : une sixième province du pays touchée L'épidémie d'Ebola, s'est étendue à une sixième province dans le nord du pays et menace de se propager au Soudan du Sud voisin.",235,38,2026-08-13 17:06:00,dna_fr,www.dna.fr,editorial_api,fr,unlabeled,none,https://cdn-s-www.dna.fr/images/3022DBC0-9D17-4033-90E6-BDBFC8DFD23B/NW_listB/l-acceleration-de-l-epidemie-d-ebola-se-poursuit-une-sixieme-province-du-pays-touchee-1786640793.jpg,data\images\7c39f83d-eb95-41c0-9590-8ea95c3fb7b9.jpg,True,True,True,api,2026-08-14T14:21:37.569191+00:00
42736a63-b8cf-4211-94a6-083a6c3fa02b,"[Tribune] Pourquoi pratique-t-on autant de césariennes au Maroc ? La hausse du recours à la césarienne est un phénomène mondial auquel le Maroc n’échappe pas Selon des données de la CNOPS, le taux de césariennes dans le secteur libéral serait passé de 35% en 2006 à 61% en 2017 Si ces chiffres ne peuvent être extrapolés à l’ensemble du secteur privé marocain, ils soulèvent...",393,64,2026-08-13 17:03:09,telquel_ma,telquel.ma,editorial_api,fr,unlabeled,none,https://cdn.telquel.ma/content/uploads/2019/05/1-Ce%CC%81sarienne-AFP.jpg,data\images\42736a63-b8cf-4211-94a6-083a6c3fa02b.jpg,True,True,True,api,2026-08-14T14:21:37.575828+00:00
25b9b65d-56b8-4834-9c2e-ecb0f70369a5,"Un été chez les aînés : « Mon mari et moi n’avons jamais été séparés, on est fusionnels » Série Cet été 2026, des personnes âgées ont accepté de nous raconter leur quotidien en Ehpad ou résidence seniors, à Poitiers et alentour Dans ce quatrième épisode, Madeleine et Jean-René nous parlent de l’amour, qui n’a pas d’âge.",341,57,2026-08-13 17:00:28,lanouvellerepublique_fr,www.lanouvellerepublique.fr,editorial_api,fr,unlabeled,none,https://images.lanouvellerepublique.fr/image/upload/6a7df82a7a65d9c15c8b45a5,data\images\25b9b65d-56b8-4834-9c2e-ecb0f70369a5.jpg,True,True,True,api,2026-08-14T14:21:37.576933+00:00
9e07463d-7ade-47b3-929d-743a4296a438,"Football « J’ai cru que c’était une blague » : le podologue altkirchois Marc Rétali raconte comment il a intégré le staff de Zinédine Zidane Le podologue altkirchois Marc Rétali fait partie du staff de Zinédine Zidane, le nouveau sélectionneur de l’équipe de France, dévoilé ce jeudi par la Fédération française de football.",338,53,2026-08-13 17:00:00,dna_fr,www.dna.fr,editorial_api,fr,unlabeled,none,https://cdn-s-www.dna.fr/images/3099C0ED-74A1-4DBD-81BE-E85A5391A28E/MF_contenu/j-ai-cru-que-c-etait-une-blague-le-podologue-altkirchois-marc-retali-raconte-comment-il-a-integre-le-staff-de-zinedine-zidane-1786640715.jpg,data\images\9e07463d-7ade-47b3-929d-743a4296a438.jpg,True,True,True,api,2026-08-14T14:21:37.577941+00:00
44b7508a-a856-4ac7-a3bf-051cf0922936,"Obernai Dans la lutte contre le moustique tigre, la Ville signe une première en Alsace Alors que le moustique tigre, dont la présence est attestée depuis seulement quatre ans à Obernai, pourrit désormais la vie des habitants dans tous les quartiers l’été, la Ville a décidé d’agir Elle est la première en Alsace à avoir signé une convention avec le syndicat de lutte contre les moustiques.",401,66,2026-08-13 17:00:00,dna_fr,www.dna.fr,editorial_api,fr,unlabeled,none,https://cdn-s-www.dna.fr/images/6F4D7D6E-DCBA-4DC0-BC9B-A4B6F86A9E45/NW_listB/dans-la-lutte-contre-le-moustique-tigre-la-ville-signe-une-premiere-en-alsace-1786627906.jpg,data\images\44b7508a-a856-4ac7-a3bf-051cf0922936.jpg,True,True,True,api,2026-08-14T14:21:37.578948+00:00
e2db9a7b-4778-4369-941f-f4387fa3e801,"Morez Des lunettes fabriquées pour 1 € : les pros du haut Jura main dans la main avec une ONG Les pros de la lunette du haut Jura et l’équipe de l’association GoodVision, qui œuvre pour l’accès aux corrections pour tous, vont faire équipe pendant trois jours L’objectif de ces 19,20 et 21 août est de se réunir autour du savoir-faire jurassien et de la vision solidaire.",376,67,2026-08-13 17:00:00,leprogres,www.leprogres.fr,editorial_api,fr,unlabeled,none,https://cdn-s-www.leprogres.fr/images/7522ABA2-B160-4F0A-8A35-6F0B3D97F334/NW_listB/des-lunettes-fabriquees-pour-1-les-pros-du-haut-jura-main-dans-la-main-avec-une-ong-1786637834.jpg,data\images\e2db9a7b-4778-4369-941f-f4387fa3e801.jpg,True,True,True,api,2026-08-14T14:21:37.580966+00:00
e85c1956-359f-464e-b4eb-c7c0d365fad1,"Éclipse : hausse des consultations pour la vue dans certaines régions Après l'éclipse solaire partielle en France, une hausse des consultations a été constatée dans certains services d'urgences ce jeudi.",210,30,2026-08-13 16:57:53,radiofrance_fr,www.radiofrance.fr,editorial_api,fr,unlabeled,none,,,False,False,True,api,2026-08-14T14:21:37.580966+00:00
8552aa7a-c71a-4a8e-8510-678112c77b1c,"Alsace Éclipse solaire : aucune lésion aux yeux détectée aux urgences de Strasbourg et Mulhouse L’éclipse solaire n’a pas provoqué d’afflux aux urgences ophtalmologiques de Strasbourg et Mulhouse Quelques patients ont toutefois exprimé leur inquiétude après avoir observé le phénomène, sans qu’aucune lésion rétinienne ne soit détectée à ce stade.",364,50,2026-08-13 16:56:47,dna_fr,www.dna.fr,editorial_api,fr,unlabeled,none,https://cdn-s-www.dna.fr/images/58215900-3698-4D1F-86AE-4069CE0E8D42/NW_listB/eclipse-solaire-aucune-lesion-aux-yeux-detectee-aux-urgences-de-strasbourg-et-mulhouse-1786640204.jpg,data\images\8552aa7a-c71a-4a8e-8510-678112c77b1c.jpg,True,True,True,api,2026-08-14T14:21:37.581972+00:00
73d1c981-2c2b-4e3f-979a-37b5b1bc4646,"Après l’éclipse solaire, voici les symptômes qui doivent vous inciter à consulter « Tache yeux », « mal aux yeux » ou « vision floue » connaissent une hausse de recherche sur Google L’observation de l’éclipse nécessitait le port de lunettes de protection.",261,43,2026-08-13 16:56:12,huffingtonpost_fr,www.huffingtonpost.fr,editorial_api,fr,unlabeled,none,https://focus.huffingtonpost.fr/2026/08/13/103/33/3404/1915/0/0/60/0/c3ea3cb_upload-1-bmw6retfbkoq-afp-20260813-only-0543465-v1-highres-franceparis756tharrondissementluxembourgga.jpg,data\images\73d1c981-2c2b-4e3f-979a-37b5b1bc4646.jpg,True,True,True,api,2026-08-14T14:21:37.584992+00:00
7368daee-a122-4e16-b9aa-b19e88faa922,Laruscade : des foulards solidaires confectionnés à la bibliothèque pour les patientes de l’Institut Curie La commune de Laruscade s’associe au défi national 20 000 foulards pour Curie dans le cadre d’Octobre rose Un nouveau rendez-vous créatif est organisé le 20 août à la bibliothèque municipale pour réunir,319,48,2026-08-13 16:52:00,sudouest,www.sudouest.fr,editorial_api,fr,unlabeled,none,https://media.sudouest.fr/30219998/1200x600/blayaisetcubzaguais-0ed124c523514a2295e843dae80d179d-114949-ph0.jpg,data\images\7368daee-a122-4e16-b9aa-b19e88faa922.jpg,True,True,True,api,2026-08-14T14:21:37.586016+00:00
1e6ab064-2be2-4985-b689-597ed5c7d315,Leur accès facilité sauve des vies Défibrillateurs cherchent visibilité None,80,10,2026-08-13 16:51:01,laliberte_ch,www.laliberte.ch,editorial_api,fr,unlabeled,none,https://mediasp.twassets.cloud/LL/2026/8/vrescuer_11_08_2026_006_JBM_c68a3f0b74.jpg?rect=0%2C0%2C0%2C0&fp-x=0.5&fp-y=0.5,data\images\1e6ab064-2be2-4985-b689-597ed5c7d315.jpg,True,True,True,api,2026-08-14T14:21:37.586754+00:00
9b2d459c-8b82-4721-b9e4-afc6084b65ce,Un logiciel bullois pour apprendre à sauver des vies None,58,10,2026-08-13 16:51:01,laliberte_ch,www.laliberte.ch,editorial_api,fr,unlabeled,none,,,False,False,True,api,2026-08-14T14:21:37.586754+00:00
d5be376c-f8fc-48c1-86d8-68a4e16831fa,"Ebola en RDC : l’épidémie s’étend à une sixième province et menace le Soudan du Sud Une personne est morte de la maladie dans la province du Bas-Uele (nord), frontalière de la République centrafricaine et jusqu’à présent épargnée.",241,38,2026-08-13 16:50:41,lemonde,www.lemonde.fr,editorial_api,fr,unlabeled,none,https://img.lemde.fr/2026/08/12/500/0/6000/3000/1342/671/60/0/58c46b7_ftp-1-bokkmh97awqe-6d28df5c19144e9f83c230f1886ae3dc-2-f9cb19d83ddf48c1b0ddf3393f0f6a8e.jpg,data\images\d5be376c-f8fc-48c1-86d8-68a4e16831fa.jpg,True,True,True,api,2026-08-14T14:21:37.587779+00:00
95747990-3125-44ca-aac7-89f0df79cd92,"Canicule à Bordeaux : dans une résidence seniors, « il fait 33 degrés dans mon logement, c’est un cauchemar » À la résidence autonomie Dubourdieu, à Bordeaux, les fortes chaleurs éprouvent les organismes et les nerfs Face aux appartements qui surchauffent, les résidents trouvent refuge dans les espaces communs",319,49,2026-08-13 16:37:03,sudouest,www.sudouest.fr,editorial_api,fr,unlabeled,none,https://media.sudouest.fr/30246644/1200x600/img-4164.jpg,data\images\95747990-3125-44ca-aac7-89f0df79cd92.jpg,True,True,True,api,2026-08-14T14:21:37.588786+00:00
7f97205f-afab-429b-a321-f20018e914cd,Ben Shelton défend sa couronne à l’Omnium Banque Nationale L’Américain a vaincu son compatriote Brandon Nakashima 6-3 et 7-6 (7/4) en finale à Montréal.,157,24,2026-08-14 01:41:36,radio_canada,ici.radio-canada.ca,editorial_api,fr,unlabeled,none,"https://images.radio-canada.ca/q_auto,w_635/v1/ici-info/sports/16x9/ben-shelton-20242.jpg",data\images\7f97205f-afab-429b-a321-f20018e914cd.jpg,True,True,True,api,2026-08-14T14:21:37.589786+00:00
80eeca97-13bf-465f-a3bd-2f10979a1417,"Déployé depuis 8 mois : des conditions de vie difficiles à bord de l’USS Abraham Lincoln Le porte-avions Abraham Lincoln a quitté San Diego, en Californie, en novembre 2025.",177,29,2026-08-14 01:00:52,radio_canada,ici.radio-canada.ca,editorial_api,fr,unlabeled,none,"https://images.radio-canada.ca/q_auto,w_635/v1/ici-info/16x9/porte-avions-abraham-lincoln.jpg",data\images\80eeca97-13bf-465f-a3bd-2f10979a1417.jpg,True,True,True,api,2026-08-14T14:21:37.590294+00:00
1e6a2669-d33d-4468-8ef7-5490f7eb0805,"La Caisse a sous-performé dans la première moitié de l’année Le portefeuille de la Caisse de dépôt et placement du Québec a obtenu pendant les six premiers mois de l’année un rendement de 5,1% Le PDG de La Caisse, Charles Emond, a expliqué cette sous-performance par les effets de l’intelligence artificielle sur certaines entreprises dans lesquelles elle détient une participation [L'article La Caisse a sous-performé dans la première moitié de l’année a d'abord été publié dans InfoBref .]",508,78,2026-08-14 00:43:42,infobref,infobref.com,editorial_api,fr,unlabeled,none,https://infobref.com/app/uploads/2023/03/logo-infobref-avec-signature-fd-bleu-pale-1200x630-1.png,data\images\1e6a2669-d33d-4468-8ef7-5490f7eb0805.png,True,True,True,api,2026-08-14T14:21:37.593402+00:00
f87014de-ee2f-4e7d-b1db-fdbb9bb7e5a0,"L’opposition à Ottawa réclame une enquête sur une présumée espionne à l’OTAN Une Canadienne d'origine chinoise, Biwei Zhang, été arrêtée par les autorités belges.",173,24,2026-08-14 00:33:26,radio_canada,ici.radio-canada.ca,editorial_api,fr,unlabeled,none,"https://images.radio-canada.ca/q_auto,w_635/v1/ici-info/16x9/biwei-zhang-espionne-alleguee-otan.jpg",data\images\f87014de-ee2f-4e7d-b1db-fdbb9bb7e5a0.jpg,True,True,True,api,2026-08-14T14:21:37.594929+00:00
d89d47de-38fb-49d3-82df-94459f02647f,Les États-Unis prévoient des opérations antidrogue « terrestres » en Amérique latine Les États-Unis veulent déployer « une capacité opérationnelle comme celle dans les Caraïbes et le Pacifique ».,204,29,2026-08-14 00:16:59,radio_canada,ici.radio-canada.ca,editorial_api,fr,unlabeled,none,"https://images.radio-canada.ca/q_auto,w_635/v1/ici-info/16x9/pete-hegseth-88361.jpg",data\images\d89d47de-38fb-49d3-82df-94459f02647f.jpg,True,True,True,api,2026-08-14T14:21:37.594929+00:00
54ad5a07-029c-4c53-9696-11c7d20165d2,Stadler Rail modernise sa fonderie d'acier à Bienne Le constructeur de matériel ferroviaire Stadler Rail prévoit d'investir 33 millions de francs dans la modernisation de sa fonderie d'acier de Bienne Les travaux doivent débuter en 2027.,241,36,2026-08-14 00:00:00,lqj_ch,www.lqj.ch,editorial_api,fr,unlabeled,none,https://www.lqj.ch/media/image/27/large_3_2/20260814085933799.jpg?nohash,data\images\54ad5a07-029c-4c53-9696-11c7d20165d2.jpg,True,True,True,api,2026-08-14T14:21:37.595947+00:00
153b596a-1784-4869-9c58-42be81597c21,"Mobilezone gonfle ses recettes semestrielles, bénéfice en recul Mobilezone a étoffé les recettes au premier semestre, grâce notamment au rachat d'Apfelkiste et Marein Le bénéfice net s'est cependant replié, de 7,2% sur un an, à 12,8 millions de francs.",261,39,2026-08-14 00:00:00,lqj_ch,www.lqj.ch,editorial_api,fr,unlabeled,none,https://www.lqj.ch/media/image/27/large_3_2/20260814072608679.jpg?nohash,data\images\153b596a-1784-4869-9c58-42be81597c21.jpg,True,True,True,api,2026-08-14T14:21:37.597951+00:00
13542e7f-29e7-420c-af96-12cdea4e0a11,"Japon: quatre morts lors de pluies ""sans précédent"" près de Tokyo Au moins cinq personnes sont mortes après des pluies diluviennes ""sans précédent"" à l'est de Tokyo, ont annoncé vendredi les autorités, tandis que les précipitations ont bloqué des milliers de personnes à l'aéroport international de Narita, desservant la capitale.",343,50,2026-08-14 00:00:00,lqj_ch,www.lqj.ch,editorial_api,fr,unlabeled,none,https://www.lqj.ch/media/image/27/large_3_2/20260814041411213.jpg?c557b4ac8aa4838f5df364cf650bfe2d,data\images\13542e7f-29e7-420c-af96-12cdea4e0a11.jpg,True,True,True,api,2026-08-14T14:21:37.598958+00:00
23db2eb5-3182-4854-bac1-bf2e9b33d741,"Les nouvelles mises en circulation décélèrent en juillet Le net rebond des mises en circulation observé en juin sur un an a fait long feu en juillet Le nombre de nouveaux véhicules à moteurs autorisés sur les routes suisses s'est néanmoins enrobé de 2% en glissement annuel, pour s'établir à 29'030.",310,51,2026-08-14 00:00:00,lqj_ch,www.lqj.ch,editorial_api,fr,unlabeled,none,https://www.lqj.ch/media/image/27/large_3_2/20260814094911888.jpg?nohash,data\images\23db2eb5-3182-4854-bac1-bf2e9b33d741.jpg,True,True,True,api,2026-08-14T14:21:37.599967+00:00
528057bf-639a-4028-a07a-c70f7706680a,"Croissance surprise de l'économie helvétique au deuxième trimestre La croissance du produit intérieur brut (PIB) de la Suisse entre avril et juin, dévoilée vendredi par le Seco, a nettement dépassé les attentes des experts Ces derniers se montrent toutefois prudents pour la suite, estimant la poursuite d'un tel rythme peu probable.",341,51,2026-08-14 00:00:00,lqj_ch,www.lqj.ch,editorial_api,fr,unlabeled,none,https://www.lqj.ch/media/image/27/large_3_2/20260814091709242.jpg?e19d94985d685b9a09937fa06a546a6d,data\images\528057bf-639a-4028-a07a-c70f7706680a.jpg,True,True,True,api,2026-08-14T14:21:37.601997+00:00
704cbb8f-7282-4f02-9561-5d007b970d68,Swiatek surclasse Rybakina et remporte l’Omnium Banque Nationale La Polonaise a dominé la Kazakhe en deux manches de 6-2 et 6-3 en finale à Toronto.,150,25,2026-08-13 23:56:46,radio_canada,ici.radio-canada.ca,editorial_api,fr,unlabeled,none,"https://images.radio-canada.ca/q_auto,w_635/v1/ici-info/sports/16x9/iga-swiatek-72251.jpg",data\images\704cbb8f-7282-4f02-9561-5d007b970d68.jpg,True,True,True,api,2026-08-14T14:21:37.604022+00:00
508a28bb-4ca1-4af8-9100-9b5967d2f15b,"Bambilor : la SN-HLM lance 157 logements, des villas à partir de 32 millions FCFA hors taxes La SN-HLM a lancé à Bambilor 157 logements et la viabilisation de 20 hectares Les villas seront proposées en location-vente dès 32 millions FCFA.",243,41,2026-08-13 23:45:44,senego,senego.com,editorial_api,fr,unlabeled,none,https://senego.com/wp-content/uploads/2026/08/tmpve4vdf5n.jpg,data\images\508a28bb-4ca1-4af8-9100-9b5967d2f15b.jpg,True,True,True,api,2026-08-14T14:21:37.605029+00:00
d6b4c7c7-212c-4c42-857a-5aae2d6e1c4f,"Face à l’Iran, « l’objectif numéro un » est désormais le pétrole, dit Vance Trump a martelé que la guerre avait pour seul objectif d'empêcher l'Iran de se doter de l'arme nucléaire.",188,32,2026-08-13 23:40:19,radio_canada,ici.radio-canada.ca,editorial_api,fr,unlabeled,none,"https://images.radio-canada.ca/q_auto,w_635/v1/ici-info/16x9/jd-vance-suisse-iran-stansstad.jpg",data\images\d6b4c7c7-212c-4c42-857a-5aae2d6e1c4f.jpg,True,True,True,api,2026-08-14T14:21:37.605029+00:00
624d76d8-5f2a-494e-bf0f-a12fbf1fd7c8,Trump impose des droits de douane allant jusqu’à 100 % sur les drones importés Le président américain a justifié cette décision par la protection de la sécurité nationale des États-Unis.,195,30,2026-08-13 23:23:01,radio_canada,ici.radio-canada.ca,editorial_api,fr,unlabeled,none,"https://images.radio-canada.ca/q_auto,w_635/v1/ici-info/16x9/donald-trump-tarifs-menaces-commerce-president-etats-unis.jpg",data\images\624d76d8-5f2a-494e-bf0f-a12fbf1fd7c8.jpg,True,True,True,api,2026-08-14T14:21:37.606307+00:00
5338cfe6-651d-41af-9efb-7b1067e49f7d,"Donald Trump impose 100 % de droits de douane sur certains drones pour contrer les importations chinoises Selon la Maison Blanche, le but est d’« encourager la production » de drones aux Etats-Unis, de « réduire la dépendance » à des fournisseurs étrangers et de protéger la sécurité nationale du pays.",309,51,2026-08-13 23:12:59,lemonde,www.lemonde.fr,editorial_api,fr,unlabeled,none,https://img.lemde.fr/2026/08/13/1000/0/6048/3024/1342/671/60/0/7edd85f_ftp-1-ckutmkittuaj-5833709-01-06.jpg,data\images\5338cfe6-651d-41af-9efb-7b1067e49f7d.jpg,True,True,True,api,2026-08-14T14:21:37.607366+00:00
71c73a18-9e9b-4efd-a8cb-a1a11987ea05,"Côte d’Ivoire-AIP/ Le ministère des Transports accélère la structuration du secteur des VTC Abidjan, 13 août 2026 (AIP) – Le ministère des Transports et des Affaires maritimes entend accélérer la modernisation, la structuration et la professionnalisation du secteur des véhicules de transport avec chauffeur (VTC) et des services de livraison de proximité, à travers une meilleure organisation des acteurs et leur mise en conformité avec la réglementation A [...]",476,69,2026-08-13 23:06:14,aip_ci,www.aip.ci,editorial_api,fr,unlabeled,none,,,False,False,True,api,2026-08-14T14:21:37.607366+00:00
b5c4ea53-e17e-49a0-8f58-67552d3bc384,Une autre année record pour l’Omnium Banque Nationale de Montréal Plus de 309 000 spectateurs ont assisté au tournoi dans la métropole québécoise.,152,23,2026-08-13 22:30:53,radio_canada,ici.radio-canada.ca,editorial_api,fr,unlabeled,none,"https://images.radio-canada.ca/q_auto,w_635/v1/ici-info/sports/16x9/stade-iga-montreal.png",data\images\b5c4ea53-e17e-49a0-8f58-67552d3bc384.jpg,True,True,True,api,2026-08-14T14:21:37.608513+00:00
db7c4edf-215d-4b84-a6ae-c50b68fa5caa,"Gaz : La dépendance marocaine, otage discrète des tensions au Moyen-Orient En juillet, les importations de gaz du Maroc ont bondi de 15,4 % en un mois Un rebond qui n'efface pas une réalité plus profonde : le Royaume reste à la merci des soubresauts géopolitiques mondiaux - et son nom apparaît même, discrètement, dans les circuits pétroliers russes.",361,59,2026-08-13 22:24:40,lopinion,lopinion.ma,editorial_api,fr,unlabeled,none,https://lopinion.ma/media/uploads/1786659863957-thumbnail.jpg,data\images\db7c4edf-215d-4b84-a6ae-c50b68fa5caa.jpg,True,True,True,api,2026-08-14T14:21:37.609518+00:00
69c590af-dc98-49e4-8c2b-0a56b5dfab74,L’Ukraine propose à la Russie une trêve en mer Noire Moscou n'a pas encore répondu à la proposition de trêve transmise par l'intermédiaire d'un pays tiers.,161,26,2026-08-13 22:02:28,radio_canada,ici.radio-canada.ca,editorial_api,fr,unlabeled,none,"https://images.radio-canada.ca/q_auto,w_635/v1/ici-info/16x9/bombardements-russes-kiev.jpg",data\images\69c590af-dc98-49e4-8c2b-0a56b5dfab74.jpg,True,True,True,api,2026-08-14T14:21:37.609518+00:00
a6615d76-8d8a-469c-b2a7-8db9dd6b74e1,"Nord-Isère Les canicules mettent en difficulté les éleveurs d’escargots Depuis la fin du mois de mai, la chaleur touche de plein fouet les élevages d’escargots du Nord-Isère, provoquant d’importantes pertes Les héliciculteurs s’efforcent pourtant de préserver de la fraîcheur dans les espaces de vie des gastéropodes.",326,46,2026-08-13 21:59:57,ledauphine,www.ledauphine.com,editorial_api,fr,unlabeled,none,https://cdn-s-www.ledauphine.com/images/E0E2A253-7ACC-40A8-9061-7DD02014BA14/NW_listB/les-canicules-mettent-en-difficulte-les-eleveurs-d-escargots-1786658410.jpg,data\images\a6615d76-8d8a-469c-b2a7-8db9dd6b74e1.jpg,True,True,True,api,2026-08-14T14:21:37.611545+00:00
c458ab50-8ef8-414a-bd2e-1b7f8859dd30,Philippe Eullaffroy a hâte d’intégrer Alexis Sanchez au CF Montréal L'entraîneur-chef dit avoir ressenti un grand bonheur en apprenant l'arrivée imminente du Chilien de 37 ans.,181,26,2026-08-13 21:48:05,radio_canada,ici.radio-canada.ca,editorial_api,fr,unlabeled,none,"https://images.radio-canada.ca/q_auto,w_635/v1/ici-info/sports/16x9/alexis-sanchez-58393.jpg",data\images\c458ab50-8ef8-414a-bd2e-1b7f8859dd30.jpg,True,True,True,api,2026-08-14T14:21:37.612549+00:00
b31cd586-e0cb-4bcb-bea3-72e76e0da21e,"Le feu de Bald Range, un déclic pour la Colombie-Britannique? Le feu, qui brûle depuis plusieurs jours, a entraîné l'évacuation de milliers de personnes dans l'Okanagan.",174,26,2026-08-13 21:41:47,radio_canada,ici.radio-canada.ca,editorial_api,fr,unlabeled,none,"https://images.radio-canada.ca/q_auto,w_635/v1/chaines-specialisees/16x9/what-you-need-to-know-about-bc-wildfires-on-aug-11.jpg",data\images\b31cd586-e0cb-4bcb-bea3-72e76e0da21e.jpg,True,True,True,api,2026-08-14T14:21:37.612549+00:00
76731974-9ce9-4a80-9973-ab19354ee3b9,"Cent vingt-cinq entrepreneurs venus de neuf régions bénéficient d’une formation entrepreneuriale à Dakar Dakar, 13 août (APS) – Cent vingt-cinq leaders de petites et moyennes entreprises (PME) venus de neuf régions sénégalaises ont entamé, jeudi, à Dakar, un bootcamp – une formation intensive – de trois jours destiné à accroître leurs compétences Ces PME évoluant dans l’agriculture et la pêche ont été sélectionnées parmi d’autres par le projet [...] The post Cent vingt-cinq entrepreneurs venus de neuf régions bénéficient d’une formation entrepreneuriale à Dakar first appeared on APS .",615,89,2026-08-13 21:36:27,aps_sn,aps.sn,editorial_api,fr,unlabeled,none,https://aps.sn/wp-content/uploads/2026/08/un-bootcamp1.webp,data\images\76731974-9ce9-4a80-9973-ab19354ee3b9.jpg,True,True,True,api,2026-08-14T14:21:37.614053+00:00
b2e80265-c192-4498-8c34-f94e7c2293c3,"Fonds politiques : Thierno Lo élargit le débat au patrimoine de l’État Thierno Lo estime que le débat sur les fonds politiques doit s’étendre au patrimoine de l’État, au foncier et aux marchés publics.",208,34,2026-08-13 21:32:25,senego,senego.com,editorial_api,fr,unlabeled,none,https://senego.com/wp-content/uploads/2026/08/tmp_sr7vtu0.jpg,data\images\b2e80265-c192-4498-8c34-f94e7c2293c3.jpg,True,True,True,api,2026-08-14T14:21:37.615063+00:00
34737cc8-ae38-42fa-93e1-6e12db882077,"Pourparlers syro-saoudiens sur l’élargissement des corridors de transport Damas, (SANA) Le vice-ministre des Transports, Mohammad Rahhal, et le vice-ministre saoudien des Transports et des Services logistiques, Rumaih al-Rumaih, ont examiné, par visioconférence, les moyens de renforcer la coopération dans les domaines du transport routier et ferroviaire, des services logistiques et des lignes de transit, ainsi que de surmonter les obstacles entravant la circulation [...]",479,64,2026-08-13 21:28:06,sana_sy,sana.sy,editorial_api,fr,unlabeled,none,https://cdn.sananews.sy/2026/08/Pourparlers-syro-saoudiens-sur-lelargissement-des-corridors-de-transport.jpg,data\images\34737cc8-ae38-42fa-93e1-6e12db882077.jpg,True,True,True,api,2026-08-14T14:21:37.616192+00:00
230acf32-8182-417c-a874-3bd6a8766ff5,"Les cyclistes canadiens annoncés pour les mondiaux de Montréal Pier-André Côté, Derek Gee-West, Hugo Houle, Michael Leonard, Michael Woods et Nickolas Zukowsky sont choisis.",178,24,2026-08-13 21:09:38,radio_canada,ici.radio-canada.ca,editorial_api,fr,unlabeled,none,"https://images.radio-canada.ca/q_auto,w_635/v1/ici-info/jeux-olympiques/16x9/derek-gee-cyclisme-paris.jpg",data\images\230acf32-8182-417c-a874-3bd6a8766ff5.jpg,True,True,True,api,2026-08-14T14:21:37.617213+00:00
7de357b2-e6ec-4411-bdde-35c96866eb25,"AIP/ Bridge Bank Group Côte d’Ivoire clôture en moins de 24 heures son OPV de 67,5 milliards FCFA (Communiqué) Abidjan, 13 août 2026 (AIP) – L’Offre publique de vente (OPV) de Bridge Bank Group Côte d’Ivoire (BBGCI), lancée le 20 juillet 2026 dans le cadre de son introduction à la Bourse régionale des valeurs mobilières (BRVM), a été clôturée par anticipation moins de 24 heures après son ouverture, en raison d’une forte demande, selon [...]",458,75,2026-08-13 21:03:43,aip_ci,www.aip.ci,editorial_api,fr,unlabeled,none,https://www.aip.ci/wp-content/uploads/2026/07/a502158a-a268-407f-9c14-9064c9d2c3de.jpg,data\images\7de357b2-e6ec-4411-bdde-35c96866eb25.jpg,True,True,True,api,2026-08-14T14:21:37.618216+00:00
76e8311e-da2b-4575-8285-c26df77d9c3b,"Le début d’une « nouvelle ère » pour l’Océanic, selon Joël Perrault L'équipe a invité 70 joueurs pour son 32e camp d’entraînement qui se déroule jusqu’au 30 août.",171,28,2026-08-13 21:02:02,radio_canada,ici.radio-canada.ca,editorial_api,fr,unlabeled,none,"https://images.radio-canada.ca/q_auto,w_635/v1/ici-info/transit/16x9/debut-camp-dentrainement-de-loceanic-de-rimouski-img1794.jpeg",data\images\76e8311e-da2b-4575-8285-c26df77d9c3b.jpg,True,True,True,api,2026-08-14T14:21:37.619416+00:00
ecb0b67e-ed04-4d85-90c6-330c34b05cdf,"Corridor Dakar-Bamako : une mission d’évaluation des contraintes opérationnelles à Kidira Kidira, 13 août (APS) – Le Conseil sénégalais des chargeurs (COSEC), en compagnie du Conseil malien des transporteurs et chargeurs, a effectué une visite, jeudi, au niveau de la frontière de Kidira (Bakel, est) dans le but d’évaluer les contraintes des acteurs du transport dans le corridor Dakar-Bamako “L’objectif de cette mission est de relever [...] The post Corridor Dakar-Bamako : une mission d’évaluation des contraintes opérationnelles à Kidira first appeared on APS .",578,85,2026-08-13 21:01:57,aps_sn,aps.sn,editorial_api,fr,unlabeled,none,https://aps.sn/wp-content/uploads/2026/08/coriso.webp,data\images\ecb0b67e-ed04-4d85-90c6-330c34b05cdf.jpg,True,True,True,api,2026-08-14T14:21:37.621427+00:00
b7a91b95-c40c-47f7-b7bf-4f98cd2c64a1,"Saint Louis va abriter une industrie manufacturière spécialisée dans l’assemblage et la fabrication d’ordinateurs (officiel) Saint-Louis, 13 août (APS)- Le Sénégal prévoit d’implanter à Saint Louis (nord), à partir de 2027, une industrie manufacturière spécialisée dans l’assemblage et la fabrication d’ordinateurs portables et de smartphones, a annoncé le directeur de l’économie numérique et des partenariats au ministère des Télécommunications et du Numérique, Roger Thiam ‘’Des gros partenaires vont porter le [...] The post Saint Louis va abriter une industrie manufacturière spécialisée dans l’assemblage et la fabrication d’ordinateurs (officiel) first appeared on APS .",699,93,2026-08-13 20:41:00,aps_sn,aps.sn,editorial_api,fr,unlabeled,none,https://aps.sn/wp-content/uploads/2026/08/manud.webp,data\images\b7a91b95-c40c-47f7-b7bf-4f98cd2c64a1.jpg,True,True,True,api,2026-08-14T14:21:37.622490+00:00
56b9ab9a-4cbe-4d4f-a17e-3c724f8f1847,"De bonnes vacances de la construction pour Charlevoix Les entreprises touristiques de Charlevoix connaissent un très bon été et ont enregistré d’excellents résultats durant les vacances de la construction C’est ce que révèle un récent sondage réalisé par Tourisme Charlevoix Selon le coup de sonde menée auprès de ses membres du 30 juillet au 6 août dernier, 94 % des entreprises répondantes qualifient les vacances de [...] The post De bonnes vacances de la construction pour Charlevoix appeared first on Le Charlevoisien .",538,83,2026-08-13 20:00:00,lecharlevoisien,www.lecharlevoisien.com,editorial_api,fr,unlabeled,none,https://www.lecharlevoisien.com/wp-content/uploads/2026/08/5f04694b1e7a64314694b1e7af6146v.jpeg,data\images\56b9ab9a-4cbe-4d4f-a17e-3c724f8f1847.jpg,True,True,True,api,2026-08-14T14:21:37.623995+00:00
a6ad7f3d-1fd4-413d-b9de-42f39ffd8488,"Insolite De la Côte d’Or à Angers, ils traversent la France en tracteur pour faire vivre l’histoire familiale Ce mercredi 12 août, la famille Gaucher est partie de Marcilly-et-Dracy, en Côte-d’Or, pour parcourir près de 450 km en tracteur Massey Ferguson pour rejoindre Corzé (Maine-et-Loire) Ils souhaitent faire vivre l’histoire familiale et le passé d’agriculteur des sept générations précédentes.",411,59,2026-08-13 19:58:00,leprogres,www.leprogres.fr,editorial_api,fr,unlabeled,none,https://cdn-s-www.leprogres.fr/images/CA64202E-3161-45E7-AFA5-A698087D87D1/NW_listB/de-la-cote-d-or-a-angers-ils-traversent-la-france-en-tracteur-pour-faire-vivre-l-histoire-familiale-1786651124.jpg,data\images\a6ad7f3d-1fd4-413d-b9de-42f39ffd8488.jpg,True,True,True,api,2026-08-14T14:21:37.624998+00:00
05d19ae6-83c0-4025-bdcc-f1b1258ffe93,"Colombie : trois jours après le séisme, le sentiment d’« impuissance » grandit Le bilan s'est encore alourdi jeudi matin, passant à 273 morts, plus de 3800 blessés et 377 disparus.",184,31,2026-08-13 19:57:00,radio_canada,ici.radio-canada.ca,editorial_api,fr,unlabeled,none,"https://images.radio-canada.ca/q_auto,w_635/v1/ici-info/16x9/colombie-seisme.jpg",data\images\05d19ae6-83c0-4025-bdcc-f1b1258ffe93.jpg,True,True,True,api,2026-08-14T14:21:37.626545+00:00
80ed4698-baa2-4ba2-8614-4e803d1de9c5,"Règles comptables : le directeur général du Trésor appelle à harmoniser les procédures Dakar, 13 août (APS) – Le directeur général de la comptabilité publique et du Trésor, Amadou Tidiane Gaye, a suggéré aux agents comptables, jeudi, à Dakar, de définir avec précision les pièces réclamées aux ordonnateurs de dépenses, pour éviter ‘’une dispersion des procédures’’ et ‘’une application discordante des règles’’ ‘’C’est important de définir pour chaque [...] The post Règles comptables : le directeur général du Trésor appelle à harmoniser les procédures first appeared on APS .",608,89,2026-08-13 19:45:21,aps_sn,aps.sn,editorial_api,fr,unlabeled,none,https://aps.sn/wp-content/uploads/2026/08/directeurgeneralcomptabilitepubliquetresoramadoutidianegaye.webp,data\images\80ed4698-baa2-4ba2-8614-4e803d1de9c5.jpg,True,True,True,api,2026-08-14T14:21:37.629592+00:00
08679fa7-1c7d-409b-919b-1838b49e759c,"Les chemins de fer syriens enregistrent une forte croissance du fret en 2026 Damas, (SANA) Le secteur du transport de marchandises par voie ferrée a enregistré une croissance notable au cours de l’année 2026, par rapport à la même période de 2025 Cette progression intervient parallèlement à la réalisation de vastes travaux de réhabilitation du réseau, à la suppression des limitations de vitesse, ainsi qu’au renforcement de la [...]",447,69,2026-08-13 19:37:32,sana_sy,sana.sy,editorial_api,fr,unlabeled,none,https://cdn.sananews.sy/2026/08/Les-chemins-de-fer-syriens-enregistrent-une-forte-croissance-du-fret-en-2026.jpg,data\images\08679fa7-1c7d-409b-919b-1838b49e759c.jpg,True,True,True,api,2026-08-14T14:21:37.631600+00:00
46716ae1-6d43-49c7-a1fe-2d2c7fa77da1,40 pompiers forestiers québécois de plus dépêchés en Colombie-Britannique Ils s’ajoutent aux quelque 60 pompiers forestiers et à d’autres représentants de la SOPFEU déjà déployés.,190,25,2026-08-13 19:34:08,radio_canada,ici.radio-canada.ca,editorial_api,fr,unlabeled,none,"https://images.radio-canada.ca/q_auto,w_635/v1/ici-info/16x9/sopfeu-aide-alberta-depart-ottawa-pompier-forestier-3384.jpg",data\images\46716ae1-6d43-49c7-a1fe-2d2c7fa77da1.jpg,True,True,True,api,2026-08-14T14:21:37.631600+00:00
